frame,base_i,base_j,pair_type
0,C_13_0,G_83_0,WCc
0,G_14_0,U_82_0,GUc
0,C_15_0,G_81_0,WCc
0,U_16_0,A_80_0,WCc
0,U_17_0,A_79_0,WCc
0,C_18_0,G_78_0,WCc
0,A_19_0,U_77_0,WCc
0,U_20_0,A_76_0,WCc
0,A_21_0,U_49_0,XXX
0,A_21_0,C_50_0,XXX
0,A_21_0,U_75_0,WCc
0,U_22_0,A_52_0,WCc
0,A_23_0,G_46_0,WSt
0,U_25_0,A_45_0,WCc
0,C_26_0,G_44_0,WCc
0,C_27_0,G_43_0,WCc
0,U_28_0,G_42_0,GUc
0,A_29_0,U_41_0,WCc
0,A_30_0,U_40_0,WCc
0,U_31_0,U_39_0,WWc
0,A_33_0,G_37_0,SSc
0,A_33_0,G_38_0,XXX
0,A_33_0,A_66_0,WHt
0,U_34_0,G_37_0,SSt
0,U_34_0,A_64_0,WWt
0,U_34_0,A_65_0,WHt
0,U_34_0,A_66_0,XXX
0,G_37_0,C_61_0,WCc
0,G_38_0,C_60_0,WCc
0,G_38_0,A_66_0,SWt
0,G_46_0,C_53_0,WCc
0,U_47_0,U_51_0,WHc
0,U_49_0,A_76_0,WSc
0,C_50_0,U_75_0,WSc
0,U_51_0,U_75_0,WSc
0,A_52_0,A_73_0,XXX
0,C_54_0,G_72_0,WCc
0,A_55_0,U_71_0,WCc
0,A_56_0,U_70_0,WCc
0,G_57_0,C_69_0,WCc
0,A_58_0,U_68_0,WCc
0,G_59_0,C_67_0,WCc
0,C_61_0,A_65_0,SWc
1,C_13_0,G_83_0,WWc
1,G_14_0,U_82_0,WWc
1,C_15_0,G_81_0,WCc
1,C_15_0,U_82_0,XXX
1,U_16_0,A_80_0,WCc
1,U_17_0,A_79_0,WCc
1,C_18_0,G_78_0,WCc
1,A_19_0,U_77_0,WCc
1,U_20_0,A_76_0,WCc
1,A_21_0,U_49_0,XXX
1,A_21_0,U_75_0,WCc
1,U_22_0,U_47_0,HSc
1,U_22_0,A_52_0,XXX
1,A_23_0,G_46_0,WSt
1,A_23_0,C_53_0,XXX
1,U_25_0,A_45_0,WCc
1,C_26_0,G_44_0,WWc
1,C_26_0,A_45_0,XXX
1,C_27_0,G_43_0,XXX
1,U_28_0,G_42_0,GUc
1,A_29_0,U_41_0,XXX
1,A_30_0,U_41_0,WWc
1,U_31_0,U_39_0,SWc
1,U_31_0,U_40_0,SWc
1,A_33_0,A_66_0,WHt
1,U_34_0,G_37_0,SSt
1,U_34_0,A_65_0,WHt
1,A_35_0,U_63_0,XXX
1,G_37_0,C_61_0,WCc
1,G_38_0,C_60_0,WCc
1,G_38_0,A_66_0,SWt
1,G_46_0,C_53_0,WCc
1,U_47_0,U_51_0,WHc
1,U_49_0,C_50_0,SHc
1,C_50_0,U_75_0,WSc
1,U_51_0,U_75_0,WSc
1,C_54_0,G_72_0,WCc
1,A_55_0,U_71_0,WCc
1,A_56_0,C_69_0,XXX
1,A_56_0,U_70_0,WCc
1,G_57_0,C_69_0,WCc
1,A_58_0,U_68_0,WWc
1,G_59_0,C_67_0,WWc
1,C_61_0,A_65_0,SWc
1,U_62_0,U_63_0,XXX
2,C_13_0,G_83_0,WCc
2,G_14_0,G_81_0,XXX
2,G_14_0,U_82_0,GUc
2,C_15_0,G_81_0,WCc
2,U_16_0,A_80_0,WCc
2,U_17_0,A_79_0,WCc
2,C_18_0,G_78_0,WWc
2,C_18_0,A_79_0,XXX
2,A_19_0,U_77_0,WWc
2,U_20_0,A_76_0,WCc
2,A_21_0,U_49_0,XXX
2,A_21_0,U_75_0,WWc
2,U_22_0,U_47_0,XXX
2,U_22_0,A_52_0,WCc
2,A_23_0,G_46_0,WSc
2,U_25_0,A_45_0,WCc
2,C_26_0,G_44_0,WCc
2,C_27_0,G_43_0,WCc
2,U_28_0,G_42_0,GUc
2,A_29_0,U_41_0,WCc
2,A_30_0,U_40_0,WCc
2,U_31_0,U_39_0,WWc
2,U_31_0,U_40_0,WWc
2,A_33_0,G_37_0,SSc
2,A_33_0,A_66_0,WHt
2,U_34_0,G_37_0,SSt
2,U_34_0,A_65_0,WHt
2,G_37_0,C_61_0,WCc
2,G_38_0,C_60_0,WCc
2,G_38_0,A_66_0,SWt
2,G_46_0,C_53_0,WCc
2,U_47_0,U_51_0,XXX
2,U_49_0,C_50_0,XXX
2,C_50_0,U_75_0,WSc
2,C_54_0,A_55_0,WHc
2,C_54_0,G_72_0,WWc
2,A_55_0,U_71_0,WCc
2,A_56_0,U_70_0,WCc
2,G_57_0,C_69_0,WCc
2,A_58_0,U_68_0,WCc
2,G_59_0,C_67_0,WWc
2,C_61_0,A_65_0,SWc
3,C_13_0,G_83_0,WWc
3,G_14_0,U_82_0,GUc
3,C_15_0,G_81_0,WCc
3,U_16_0,A_80_0,WCc
3,U_17_0,A_79_0,WCc
3,C_18_0,G_78_0,WCc
3,A_19_0,U_77_0,WCc
3,U_20_0,A_76_0,WCc
3,A_21_0,U_75_0,WCc
3,U_22_0,A_52_0,WWc
3,A_23_0,G_46_0,WSt
3,A_23_0,A_52_0,XXX
3,U_25_0,A_45_0,WCc
3,C_26_0,G_44_0,WCc
3,C_26_0,A_45_0,WWc
3,C_27_0,G_43_0,WCc
3,U_28_0,G_42_0,WWc
3,A_29_0,U_41_0,WCc
3,A_30_0,U_40_0,WCc
3,U_31_0,U_39_0,WWc
3,A_33_0,G_37_0,SSc
3,A_33_0,A_66_0,WHt
3,U_34_0,G_37_0,SSc
3,U_34_0,A_65_0,WHt
3,G_37_0,C_61_0,WCc
3,G_38_0,C_60_0,WCc
3,G_38_0,A_66_0,SWt
3,G_46_0,C_53_0,WCc
3,U_47_0,U_51_0,XXX
3,U_49_0,C_50_0,SHc
3,C_50_0,U_75_0,WSc
3,C_54_0,G_72_0,WWc
3,A_55_0,U_71_0,WCc
3,A_56_0,U_70_0,WCc
3,G_57_0,C_69_0,WCc
3,A_58_0,U_68_0,WWc
3,G_59_0,C_67_0,WWc
3,C_60_0,C_67_0,XXX
3,C_61_0,A_65_0,SWc
3,U_62_0,U_63_0,XXX
4,C_13_0,G_83_0,WCc
4,G_14_0,U_82_0,XXX
4,C_15_0,G_81_0,WCc
4,U_16_0,A_80_0,WCc
4,U_17_0,A_79_0,WCc
4,C_18_0,G_78_0,WCc
4,A_19_0,U_77_0,WCc
4,U_20_0,A_76_0,WCc
4,A_21_0,U_49_0,XXX
4,A_21_0,U_75_0,WCc
4,U_22_0,U_47_0,HSc
4,U_22_0,A_52_0,WCc
4,A_23_0,G_46_0,WSt
4,A_23_0,C_53_0,XXX
4,U_25_0,A_45_0,WCc
4,C_26_0,G_44_0,WCc
4,C_27_0,G_43_0,WCc
4,U_28_0,G_42_0,WWc
4,A_29_0,U_41_0,WCc
4,A_30_0,U_40_0,WCc
4,U_31_0,U_39_0,WWc
4,A_33_0,A_66_0,WHt
4,U_34_0,A_65_0,WHt
4,G_37_0,C_61_0,WCc
4,G_38_0,C_60_0,WCc
4,G_38_0,A_66_0,SWt
4,G_46_0,C_53_0,WWc
4,U_49_0,C_50_0,SHc
4,C_50_0,U_75_0,WSc
4,C_54_0,G_72_0,WCc
4,A_55_0,U_71_0,WWc
4,A_56_0,U_70_0,WWc
4,A_56_0,U_71_0,WWc
4,G_57_0,C_69_0,WCc
4,A_58_0,U_68_0,WCc
4,G_59_0,C_67_0,WCc
4,C_60_0,A_66_0,XXX
4,C_61_0,A_65_0,SWc
4,U_62_0,U_63_0,XXX
5,C_13_0,G_83_0,WCc
5,G_14_0,U_82_0,GUc
5,C_15_0,G_81_0,WWc
5,U_16_0,A_80_0,WCc
5,U_17_0,A_79_0,WCc
5,C_18_0,G_78_0,WCc
5,A_19_0,U_77_0,WCc
5,U_20_0,A_76_0,WCc
5,A_21_0,U_49_0,XXX
5,A_21_0,U_75_0,WWc
5,U_22_0,A_52_0,WWc
5,A_23_0,G_46_0,WSt
5,A_23_0,A_52_0,XXX
5,A_23_0,C_53_0,XXX
5,U_25_0,A_45_0,WWc
5,U_25_0,G_46_0,WSc
5,C_26_0,G_44_0,WCc
5,C_27_0,G_43_0,WCc
5,U_28_0,G_42_0,GUc
5,A_29_0,U_41_0,WCc
5,A_30_0,U_40_0,WCc
5,U_31_0,U_39_0,WWc
5,A_33_0,G_37_0,SSc
5,A_33_0,G_38_0,XXX
5,A_33_0,A_66_0,WHt
5,U_34_0,G_37_0,SSt
5,U_34_0,A_65_0,WHt
5,G_37_0,C_61_0,WCc
5,G_38_0,C_60_0,WCc
5,G_38_0,A_66_0,SWt
5,G_46_0,C_53_0,WCc
5,U_47_0,U_51_0,WHc
5,U_49_0,C_50_0,XXX
5,C_50_0,U_75_0,WSc
5,C_54_0,G_72_0,WCc
5,A_55_0,U_71_0,WCc
5,A_56_0,U_70_0,WCc
5,G_57_0,C_69_0,WCc
5,A_58_0,U_68_0,WCc
5,G_59_0,C_67_0,WWc
5,C_60_0,A_66_0,XXX
5,C_60_0,C_67_0,XXX
5,C_61_0,A_65_0,SWc
5,U_62_0,U_63_0,XXX
6,C_13_0,G_83_0,WCc
6,G_14_0,U_82_0,GUc
6,C_15_0,G_81_0,WCc
6,U_16_0,A_80_0,WCc
6,U_17_0,A_79_0,WCc
6,C_18_0,G_78_0,WCc
6,A_19_0,U_77_0,WCc
6,U_20_0,A_76_0,WWc
6,A_21_0,U_75_0,WCc
6,U_22_0,A_52_0,WWc
6,A_23_0,G_46_0,WSt
6,A_23_0,A_52_0,XXX
6,U_25_0,A_45_0,WCc
6,C_26_0,G_44_0,WCc
6,C_27_0,G_43_0,WCc
6,U_28_0,G_42_0,GUc
6,A_29_0,U_41_0,WCc
6,A_30_0,U_40_0,WCc
6,U_31_0,U_39_0,WWc
6,A_33_0,G_37_0,SSc
6,A_33_0,A_66_0,WHt
6,U_34_0,G_37_0,SSt
6,U_34_0,A_65_0,WHt
6,A_35_0,U_63_0,HHt
6,G_37_0,C_61_0,WCc
6,G_38_0,C_60_0,WCc
6,G_38_0,A_66_0,SWt
6,G_46_0,C_53_0,WCc
6,U_47_0,U_51_0,XXX
6,C_50_0,U_75_0,WSc
6,C_54_0,G_72_0,WCc
6,A_55_0,U_71_0,WWc
6,A_56_0,U_70_0,WCc
6,G_57_0,C_69_0,WCc
6,A_58_0,U_68_0,WCc
6,G_59_0,C_67_0,WWc
6,C_61_0,A_65_0,SWc
7,C_13_0,G_83_0,WCc
7,G_14_0,U_82_0,GUc
7,C_15_0,G_81_0,WCc
7,U_16_0,A_80_0,WCc
7,U_17_0,A_79_0,WCc
7,C_18_0,G_78_0,WCc
7,A_19_0,U_77_0,WWc
7,U_20_0,A_76_0,WCc
7,A_21_0,U_75_0,WCc
7,U_22_0,A_52_0,WWc
7,A_23_0,G_46_0,WSc
7,A_23_0,A_52_0,XXX
7,U_25_0,A_45_0,WCc
7,U_25_0,C_53_0,HWc
7,C_26_0,G_44_0,WCc
7,C_27_0,G_43_0,WCc
7,U_28_0,G_42_0,GUc
7,A_29_0,U_41_0,WCc
7,A_30_0,U_40_0,WCc
7,U_31_0,U_39_0,WWc
7,A_33_0,G_37_0,SSc
7,A_33_0,G_38_0,XXX
7,A_33_0,A_66_0,WHt
7,U_34_0,G_37_0,SSt
7,U_34_0,A_65_0,WHt
7,A_35_0,U_63_0,HHt
7,G_37_0,C_61_0,WCc
7,G_38_0,C_60_0,WCc
7,G_38_0,A_66_0,SWc
7,G_46_0,C_53_0,WWc
7,U_47_0,U_51_0,XXX
7,U_49_0,A_76_0,WSc
7,C_50_0,U_75_0,WSc
7,C_54_0,G_72_0,WCc
7,A_55_0,U_71_0,WCc
7,A_56_0,U_70_0,WWc
7,G_57_0,C_69_0,WWc
7,A_58_0,U_68_0,WCc
7,G_59_0,C_67_0,WCc
7,C_60_0,C_67_0,XXX
7,C_61_0,A_65_0,SWc
7,U_62_0,U_63_0,XXX
8,C_13_0,G_83_0,WCc
8,G_14_0,U_82_0,WWc
8,C_15_0,G_81_0,WWc
8,U_16_0,A_80_0,WCc
8,U_17_0,A_79_0,WCc
8,C_18_0,G_78_0,WCc
8,A_19_0,U_77_0,WWc
8,U_20_0,A_76_0,WCc
8,A_21_0,U_75_0,WCc
8,U_22_0,A_52_0,WWc
8,A_23_0,G_46_0,WSc
8,A_23_0,A_52_0,XXX
8,U_25_0,A_45_0,WCc
8,C_26_0,G_44_0,WCc
8,C_27_0,G_43_0,WCc
8,U_28_0,G_42_0,WWc
8,A_29_0,U_41_0,WCc
8,A_30_0,U_40_0,WCc
8,U_31_0,U_39_0,WWc
8,A_33_0,G_37_0,SSc
8,A_33_0,A_66_0,WHt
8,U_34_0,G_37_0,SSc
8,U_34_0,A_65_0,WHt
8,U_34_0,A_66_0,WHt
8,G_37_0,C_61_0,WCc
8,G_38_0,C_60_0,WCc
8,G_38_0,A_66_0,SWc
8,G_46_0,A_52_0,XXX
8,G_46_0,C_53_0,WCc
8,U_47_0,U_51_0,XXX
8,C_50_0,U_75_0,WSc
8,C_54_0,G_72_0,WCc
8,A_55_0,U_71_0,WCc
8,A_56_0,U_70_0,WWc
8,G_57_0,C_69_0,WCc
8,A_58_0,U_68_0,WCc
8,G_59_0,C_67_0,WWc
8,C_60_0,A_66_0,XXX
8,C_61_0,A_65_0,SWc
8,U_62_0,U_63_0,XXX
9,C_13_0,G_83_0,WCc
9,G_14_0,U_82_0,WWc
9,C_15_0,G_81_0,WWc
9,U_16_0,A_80_0,WCc
9,U_17_0,A_79_0,WCc
9,C_18_0,G_78_0,WCc
9,A_19_0,U_77_0,WCc
9,U_20_0,A_76_0,WCc
9,A_21_0,U_49_0,XXX
9,U_22_0,U_47_0,XXX
9,U_22_0,A_52_0,WWc
9,A_23_0,G_46_0,WSc
9,A_23_0,A_52_0,XXX
9,U_25_0,A_45_0,WCc
9,C_26_0,G_44_0,WCc
9,C_27_0,G_43_0,WCc
9,U_28_0,G_42_0,GUc
9,A_29_0,U_41_0,WCc
9,A_30_0,U_40_0,WWc
9,U_31_0,U_39_0,WWc
9,A_33_0,G_37_0,SSc
9,A_33_0,A_66_0,WHt
9,U_34_0,G_37_0,SSc
9,U_34_0,A_65_0,WHt
9,U_34_0,A_66_0,XXX
9,G_37_0,C_61_0,WCc
9,G_37_0,A_66_0,XXX
9,G_38_0,C_60_0,WCc
9,G_38_0,A_66_0,SWc
9,G_46_0,C_53_0,WCc
9,U_47_0,U_51_0,XXX
9,C_50_0,U_75_0,WSc
9,C_54_0,G_72_0,WCc
9,A_55_0,U_71_0,WCc
9,A_56_0,U_70_0,WCc
9,G_57_0,C_69_0,WCc
9,A_58_0,U_68_0,WCc
9,G_59_0,C_67_0,WWc
9,C_61_0,A_65_0,SWc
9,U_62_0,U_63_0,XXX
10,C_13_0,G_83_0,WCc
10,G_14_0,U_82_0,GUc
10,C_15_0,G_81_0,WWc
10,U_16_0,A_80_0,WCc
10,U_17_0,A_79_0,WCc
10,C_18_0,G_78_0,WCc
10,A_19_0,U_77_0,WCc
10,U_20_0,A_76_0,WCc
10,A_21_0,U_75_0,XXX
10,U_22_0,A_52_0,WCc
10,A_23_0,G_46_0,WSc
10,U_25_0,A_45_0,WCc
10,U_25_0,C_53_0,HWc
10,C_26_0,G_44_0,WCc
10,C_27_0,G_43_0,WCc
10,U_28_0,G_42_0,WWc
10,A_29_0,U_41_0,WCc
10,A_30_0,U_40_0,WCc
10,U_31_0,U_39_0,WWc
10,A_33_0,G_37_0,SSc
10,A_33_0,G_38_0,XXX
10,A_33_0,A_66_0,WHt
10,U_34_0,G_37_0,SSc
10,U_34_0,A_65_0,WHt
10,A_35_0,U_63_0,HHt
10,G_37_0,C_61_0,WCc
10,G_38_0,C_60_0,WCc
10,G_38_0,A_66_0,SWc
10,G_46_0,C_53_0,WCc
10,C_50_0,U_75_0,WSc
10,C_54_0,G_72_0,WCc
10,A_55_0,U_71_0,WCc
10,A_56_0,U_70_0,WCc
10,G_57_0,C_69_0,WCc
10,A_58_0,U_68_0,WCc
10,G_59_0,C_67_0,WWc
10,C_60_0,C_67_0,XXX
10,C_61_0,A_65_0,SWc
11,C_13_0,G_83_0,WCc
11,G_14_0,G_81_0,XXX
11,G_14_0,U_82_0,WWc
11,C_15_0,G_81_0,WWc
11,U_16_0,A_80_0,WCc
11,U_17_0,A_79_0,WCc
11,C_18_0,G_78_0,WCc
11,A_19_0,U_77_0,WCc
11,U_20_0,A_76_0,WCc
11,A_21_0,U_75_0,XXX
11,U_22_0,A_52_0,WWc
11,A_23_0,G_46_0,WSt
11,A_23_0,A_52_0,XXX
11,A_24_0,A_73_0,XXX
11,U_25_0,G_44_0,XXX
11,U_25_0,A_45_0,WCc
11,C_26_0,G_44_0,WCc
11,C_27_0,G_43_0,WCc
11,U_28_0,G_42_0,GUc
11,A_29_0,U_41_0,WCc
11,A_30_0,U_39_0,XXX
11,A_30_0,U_40_0,WWc
11,U_31_0,U_39_0,WWc
11,A_33_0,G_38_0,XXX
11,A_33_0,A_66_0,WHt
11,U_34_0,G_37_0,SSt
11,U_34_0,A_65_0,WHt
11,G_37_0,C_61_0,WCc
11,G_38_0,C_60_0,WCc
11,G_38_0,A_66_0,SWt
11,G_46_0,C_53_0,WCc
11,U_47_0,U_51_0,WHc
11,U_49_0,C_50_0,SHc
11,C_50_0,U_75_0,WSc
11,U_51_0,U_75_0,WSc
11,C_54_0,G_72_0,WCc
11,A_55_0,U_71_0,WCc
11,A_56_0,U_70_0,WCc
11,G_57_0,C_69_0,WCc
11,A_58_0,U_68_0,WCc
11,G_59_0,C_67_0,WWc
11,C_61_0,A_65_0,SWc
12,C_13_0,G_83_0,WWc
12,G_14_0,U_82_0,GUc
12,C_15_0,G_81_0,WWc
12,C_15_0,U_82_0,XXX
12,U_16_0,A_80_0,WCc
12,U_17_0,A_79_0,WCc
12,C_18_0,G_78_0,WCc
12,A_19_0,U_77_0,WCc
12,U_20_0,A_76_0,WCc
12,A_21_0,U_75_0,XXX
12,U_22_0,A_52_0,WWc
12,A_23_0,G_46_0,WSt
12,A_23_0,A_52_0,XXX
12,U_25_0,A_45_0,WCc
12,U_25_0,C_53_0,HSc
12,C_26_0,G_44_0,WCc
12,C_27_0,G_43_0,WCc
12,U_28_0,G_42_0,GUc
12,A_29_0,U_41_0,WCc
12,A_30_0,U_40_0,WCc
12,U_31_0,U_39_0,WWc
12,U_31_0,U_40_0,XXX
12,A_33_0,G_37_0,SSc
12,A_33_0,G_38_0,XXX
12,A_33_0,A_66_0,WHt
12,U_34_0,G_37_0,SSt
12,U_34_0,A_65_0,WHt
12,U_34_0,A_66_0,XXX
12,G_37_0,C_61_0,WCc
12,G_38_0,C_60_0,WWc
12,G_38_0,A_66_0,SWc
12,G_46_0,C_53_0,WCc
12,U_47_0,U_51_0,XXX
12,U_49_0,C_50_0,XXX
12,C_50_0,U_75_0,WSc
12,C_54_0,G_72_0,WCc
12,A_55_0,U_71_0,WCc
12,A_56_0,U_70_0,WCc
12,G_57_0,C_69_0,WCc
12,A_58_0,U_68_0,WCc
12,G_59_0,C_67_0,WWc
12,C_60_0,A_66_0,XXX
12,C_61_0,A_65_0,SWc
12,U_62_0,U_63_0,XXX
13,C_13_0,G_83_0,WCc
13,G_14_0,U_82_0,GUc
13,C_15_0,G_81_0,WWc
13,U_16_0,A_80_0,WCc
13,U_17_0,A_79_0,WCc
13,C_18_0,G_78_0,WCc
13,A_19_0,U_77_0,WCc
13,U_20_0,A_76_0,WCc
13,A_21_0,U_75_0,XXX
13,U_22_0,U_47_0,XXX
13,U_22_0,A_52_0,WCc
13,A_23_0,G_46_0,WSt
13,A_23_0,A_52_0,XXX
13,U_25_0,A_45_0,WCc
13,C_26_0,G_44_0,WCc
13,C_27_0,G_43_0,WCc
13,U_28_0,G_42_0,GUc
13,A_29_0,U_41_0,WCc
13,A_30_0,U_40_0,WCc
13,U_31_0,U_39_0,WWc
13,A_33_0,G_37_0,SSc
13,A_33_0,A_66_0,WHt
13,U_34_0,G_37_0,XXX
13,U_34_0,A_65_0,WHt
13,G_37_0,C_61_0,WCc
13,G_37_0,A_66_0,XXX
13,G_38_0,C_60_0,WCc
13,G_38_0,A_66_0,SWt
13,G_46_0,C_53_0,WCc
13,U_47_0,U_51_0,XXX
13,U_49_0,C_50_0,SHc
13,C_50_0,U_75_0,WSc
13,C_54_0,G_72_0,WCc
13,A_55_0,U_71_0,WCc
13,A_56_0,U_70_0,WWc
13,G_57_0,C_69_0,WCc
13,A_58_0,U_68_0,WCc
13,G_59_0,C_67_0,WWc
13,C_61_0,A_65_0,SWc
13,C_67_0,U_68_0,WHc
14,C_13_0,G_83_0,WCc
14,G_14_0,U_82_0,GUc
14,C_15_0,G_81_0,WWc
14,U_16_0,A_80_0,WWc
14,U_16_0,G_81_0,WSc
14,U_17_0,A_79_0,WCc
14,C_18_0,G_78_0,WCc
14,A_19_0,U_77_0,WCc
14,U_20_0,A_76_0,WWc
14,U_20_0,U_77_0,XXX
14,A_21_0,U_75_0,XXX
14,U_22_0,A_52_0,WCc
14,A_23_0,G_46_0,WSt
14,A_23_0,A_52_0,XXX
14,U_25_0,A_45_0,WCc
14,C_26_0,G_44_0,WCc
14,C_27_0,G_43_0,WCc
14,U_28_0,G_42_0,GUc
14,A_29_0,U_41_0,WCc
14,A_30_0,U_40_0,WCc
14,U_31_0,U_39_0,WWc
14,A_33_0,G_37_0,SSc
14,A_33_0,A_66_0,WHt
14,U_34_0,G_37_0,SSt
14,U_34_0,A_65_0,WHt
14,G_37_0,C_61_0,WCc
14,G_38_0,C_60_0,WCc
14,G_38_0,A_66_0,SWt
14,G_46_0,C_53_0,WCc
14,U_47_0,U_51_0,XXX
14,C_50_0,U_75_0,WSc
14,C_54_0,G_72_0,WCc
14,A_55_0,U_71_0,WCc
14,A_56_0,U_70_0,WCc
14,G_57_0,C_69_0,WCc
14,A_58_0,U_68_0,WCc
14,C_61_0,A_65_0,SWc
14,U_62_0,U_63_0,XXX
14,C_67_0,U_68_0,WHc
15,C_13_0,G_83_0,WCc
15,G_14_0,U_82_0,WSc
15,C_15_0,G_81_0,WWc
15,U_16_0,A_80_0,WCc
15,U_17_0,A_79_0,WCc
15,C_18_0,G_78_0,WCc
15,A_19_0,U_77_0,WCc
15,U_20_0,A_76_0,WWc
15,A_21_0,U_75_0,XXX
15,U_22_0,U_47_0,HSc
15,U_22_0,A_52_0,WCc
15,A_23_0,G_46_0,WSt
15,A_23_0,A_52_0,XXX
15,U_25_0,A_45_0,WCc
15,C_26_0,G_44_0,WCc
15,C_27_0,G_43_0,WCc
15,U_28_0,G_42_0,GUc
15,A_29_0,U_41_0,WCc
15,A_30_0,U_40_0,WCc
15,U_31_0,U_39_0,WWc
15,A_33_0,G_37_0,SSc
15,A_33_0,G_38_0,XXX
15,A_33_0,A_66_0,WHt
15,U_34_0,G_37_0,SSc
15,U_34_0,A_65_0,WHt
15,G_37_0,C_61_0,WCc
15,G_38_0,C_60_0,WCc
15,G_38_0,A_66_0,SWt
15,G_46_0,C_53_0,WCc
15,U_47_0,U_51_0,XXX
15,C_50_0,U_75_0,WSc
15,C_54_0,G_72_0,WCc
15,A_55_0,U_71_0,WCc
15,A_56_0,U_70_0,WCc
15,G_57_0,C_69_0,WCc
15,A_58_0,U_68_0,WCc
15,G_59_0,C_67_0,WWc
15,C_61_0,A_65_0,SWc
15,U_62_0,U_63_0,XXX
16,C_13_0,G_83_0,WCc
16,G_14_0,U_82_0,GUc
16,C_15_0,G_81_0,WWc
16,U_16_0,A_80_0,WCc
16,U_17_0,A_79_0,WCc
16,C_18_0,G_78_0,WCc
16,A_19_0,U_77_0,WCc
16,U_20_0,A_76_0,WCc
16,A_21_0,U_75_0,WWc
16,U_22_0,A_52_0,WCc
16,A_23_0,G_46_0,WSt
16,A_23_0,A_52_0,XXX
16,A_23_0,C_53_0,XXX
16,U_25_0,A_45_0,WCc
16,C_26_0,G_44_0,WCc
16,C_27_0,G_43_0,WCc
16,U_28_0,G_42_0,GUc
16,A_29_0,U_41_0,WCc
16,A_30_0,U_40_0,WWc
16,U_31_0,U_39_0,WWc
16,U_31_0,U_40_0,WWc
16,A_33_0,A_66_0,WHt
16,U_34_0,G_37_0,SSt
16,U_34_0,A_65_0,WHt
16,G_37_0,C_61_0,WCc
16,G_38_0,C_60_0,WCc
16,G_38_0,A_66_0,SWt
16,G_46_0,C_53_0,WCc
16,U_47_0,U_51_0,XXX
16,U_47_0,A_52_0,XXX
16,U_49_0,A_76_0,WSc
16,C_50_0,U_75_0,WSc
16,C_54_0,G_72_0,WCc
16,A_55_0,U_71_0,WCc
16,A_56_0,U_70_0,WCc
16,G_57_0,C_69_0,WCc
16,A_58_0,U_68_0,WCc
16,G_59_0,C_67_0,XXX
16,C_61_0,A_65_0,SWc
16,U_62_0,U_63_0,SHc
17,C_13_0,G_83_0,WCc
17,G_14_0,U_82_0,GUc
17,C_15_0,G_81_0,WWc
17,U_16_0,A_80_0,WCc
17,U_17_0,A_79_0,WCc
17,C_18_0,G_78_0,WCc
17,A_19_0,U_77_0,WCc
17,U_20_0,A_76_0,WCc
17,A_21_0,U_49_0,XXX
17,A_21_0,U_75_0,XXX
17,U_22_0,U_47_0,HSc
17,U_22_0,A_52_0,WCc
17,A_23_0,G_46_0,WSt
17,A_23_0,A_52_0,XXX
17,U_25_0,A_45_0,WCc
17,C_26_0,G_44_0,WCc
17,C_27_0,G_43_0,WCc
17,U_28_0,G_42_0,GUc
17,A_29_0,U_41_0,WCc
17,A_30_0,U_40_0,WWc
17,U_31_0,U_39_0,WWc
17,A_33_0,A_66_0,WHt
17,U_34_0,G_37_0,SSt
17,U_34_0,A_65_0,WHt
17,U_34_0,A_66_0,XXX
17,G_37_0,C_61_0,WCc
17,G_38_0,C_60_0,WCc
17,G_38_0,A_66_0,SWt
17,G_46_0,C_53_0,WCc
17,U_47_0,U_51_0,XXX
17,C_50_0,U_75_0,WSc
17,C_54_0,G_72_0,WCc
17,A_55_0,U_71_0,WCc
17,A_56_0,U_70_0,WCc
17,G_57_0,C_69_0,WCc
17,A_58_0,U_68_0,WCc
17,G_59_0,C_67_0,XXX
17,C_61_0,A_65_0,SWc
17,U_62_0,U_63_0,XXX
18,C_13_0,G_83_0,WCc
18,G_14_0,U_82_0,GUc
18,C_15_0,G_81_0,WWc
18,U_16_0,A_80_0,WCc
18,U_17_0,A_79_0,WCc
18,C_18_0,G_78_0,WCc
18,A_19_0,U_77_0,WWc
18,U_20_0,A_76_0,WWc
18,U_22_0,U_47_0,XXX
18,U_22_0,A_52_0,WCc
18,A_23_0,G_46_0,WSt
18,U_25_0,A_45_0,WCc
18,C_26_0,G_44_0,WCc
18,C_27_0,G_43_0,WCc
18,U_28_0,G_42_0,GUc
18,A_29_0,U_41_0,WCc
18,A_30_0,U_40_0,WCc
18,U_31_0,U_39_0,WWc
18,A_33_0,G_37_0,SSc
18,A_33_0,A_66_0,WHt
18,U_34_0,A_65_0,WHt
18,G_37_0,C_61_0,WCc
18,G_37_0,A_65_0,XXX
18,G_38_0,C_60_0,WCc
18,G_38_0,A_66_0,SWt
18,G_46_0,C_53_0,WCc
18,U_47_0,U_51_0,XXX
18,U_49_0,A_76_0,WSc
18,C_54_0,G_72_0,WCc
18,A_55_0,U_71_0,WCc
18,A_56_0,U_70_0,WCc
18,G_57_0,C_69_0,WCc
18,A_58_0,U_68_0,WCc
18,G_59_0,C_67_0,WCc
18,C_61_0,A_65_0,SWc
18,U_62_0,U_63_0,XXX
19,C_13_0,G_83_0,WCc
19,G_14_0,U_82_0,GUc
19,C_15_0,U_16_0,XXX
19,C_15_0,G_81_0,WWc
19,U_16_0,A_80_0,WCc
19,U_17_0,A_79_0,WCc
19,C_18_0,G_78_0,WCc
19,A_19_0,U_77_0,WCc
19,U_20_0,A_76_0,WCc
19,A_21_0,U_75_0,XXX
19,U_22_0,A_52_0,WWc
19,A_23_0,G_46_0,WSt
19,A_23_0,A_52_0,XXX
19,U_25_0,A_45_0,WCc
19,U_25_0,G_46_0,WSc
19,U_25_0,C_53_0,XXX
19,C_26_0,G_44_0,WCc
19,C_27_0,G_43_0,WCc
19,U_28_0,G_42_0,GUc
19,A_29_0,U_41_0,WCc
19,A_30_0,U_40_0,WWc
19,U_31_0,U_39_0,WWc
19,U_31_0,U_40_0,XXX
19,A_33_0,G_37_0,SSc
19,A_33_0,G_38_0,XXX
19,A_33_0,A_66_0,WHt
19,U_34_0,G_37_0,SSt
19,U_34_0,A_65_0,WHt
19,G_37_0,C_61_0,WCc
19,G_37_0,A_65_0,XXX
19,G_38_0,C_60_0,WCc
19,G_38_0,A_66_0,SWt
19,G_46_0,A_52_0,XXX
19,G_46_0,C_53_0,WCc
19,U_47_0,U_49_0,XXX
19,U_49_0,A_76_0,XXX
19,C_50_0,U_75_0,WSc
19,U_51_0,U_75_0,WSc
19,C_54_0,G_72_0,WCc
19,A_55_0,U_71_0,WCc
19,A_56_0,U_70_0,WCc
19,G_57_0,C_69_0,WCc
19,A_58_0,U_68_0,WCc
19,G_59_0,C_67_0,WCc
19,C_60_0,A_66_0,XXX
19,C_61_0,A_65_0,SWc
20,C_13_0,G_83_0,WCc
20,G_14_0,U_82_0,WWc
20,C_15_0,G_81_0,XXX
20,U_16_0,A_80_0,WCc
20,U_17_0,A_79_0,WCc
20,C_18_0,G_78_0,WCc
20,A_19_0,U_77_0,WCc
20,U_20_0,A_76_0,WCc
20,U_22_0,U_47_0,XXX
20,U_22_0,A_52_0,WCc
20,A_23_0,G_46_0,WSc
20,U_25_0,A_45_0,WWc
20,U_25_0,G_46_0,WSc
20,C_26_0,G_44_0,WCc
20,C_27_0,G_43_0,WCc
20,U_28_0,G_42_0,WWc
20,A_29_0,U_41_0,WCc
20,A_30_0,U_40_0,WWc
20,U_31_0,U_39_0,WWc
20,U_31_0,U_40_0,SWc
20,A_33_0,G_37_0,SSc
20,A_33_0,A_66_0,WHt
20,U_34_0,G_37_0,SSt
20,U_34_0,A_65_0,WHt
20,G_37_0,C_61_0,WCc
20,G_38_0,C_60_0,WCc
20,G_38_0,A_66_0,SWc
20,G_46_0,C_53_0,WCc
20,U_49_0,A_76_0,WSc
20,C_50_0,U_75_0,WSc
20,U_51_0,U_75_0,XXX
20,C_54_0,G_72_0,WWc
20,A_55_0,U_71_0,WCc
20,A_56_0,U_70_0,WCc
20,G_57_0,C_69_0,WCc
20,A_58_0,U_68_0,WCc
20,G_59_0,C_67_0,WWc
20,C_61_0,A_65_0,SWc
20,U_62_0,U_63_0,XXX
21,C_13_0,G_83_0,WCc
21,G_14_0,U_82_0,WWc
21,C_15_0,G_81_0,WWc
21,U_16_0,A_80_0,WCc
21,U_17_0,A_79_0,WCc
21,C_18_0,G_78_0,WCc
21,A_19_0,U_77_0,WCc
21,U_20_0,A_76_0,WCc
21,A_21_0,U_75_0,XXX
21,U_22_0,A_52_0,WCc
21,A_23_0,G_46_0,WSc
21,U_25_0,A_45_0,WCc
21,C_26_0,G_44_0,WCc
21,C_27_0,G_43_0,WCc
21,U_28_0,G_42_0,GUc
21,A_29_0,U_41_0,WCc
21,A_30_0,U_40_0,WWc
21,U_31_0,U_39_0,WWc
21,U_31_0,U_40_0,WWc
21,A_33_0,A_66_0,WHt
21,U_34_0,G_37_0,SSt
21,U_34_0,A_65_0,WHt
21,G_37_0,C_61_0,WCc
21,G_38_0,C_60_0,WCc
21,G_38_0,A_66_0,SWt
21,G_46_0,C_53_0,WCc
21,C_50_0,U_75_0,WSc
21,U_51_0,U_74_0,XXX
21,U_51_0,U_75_0,WSc
21,C_54_0,A_55_0,WHc
21,C_54_0,G_72_0,WWc
21,A_55_0,U_71_0,WCc
21,A_56_0,U_70_0,WCc
21,G_57_0,C_69_0,WCc
21,A_58_0,U_68_0,WCc
21,G_59_0,C_67_0,WCc
21,C_60_0,A_66_0,XXX
21,C_61_0,A_65_0,SWc
22,C_13_0,G_83_0,WCc
22,G_14_0,G_81_0,XXX
22,G_14_0,U_82_0,GUc
22,C_15_0,G_81_0,WWc
22,U_16_0,A_80_0,WCc
22,U_17_0,A_79_0,WWc
22,C_18_0,G_78_0,WCc
22,A_19_0,U_77_0,WCc
22,U_20_0,A_76_0,WCc
22,A_21_0,U_75_0,WHc
22,U_22_0,A_52_0,WCc
22,A_23_0,G_46_0,WSc
22,A_23_0,C_53_0,XXX
22,A_24_0,G_72_0,HWt
22,U_25_0,A_45_0,WCc
22,C_26_0,G_44_0,WCc
22,C_27_0,G_43_0,WCc
22,U_28_0,G_42_0,GUc
22,A_29_0,U_41_0,WCc
22,A_30_0,U_40_0,WCc
22,A_30_0,U_41_0,XXX
22,U_31_0,U_39_0,WWc
22,A_33_0,G_37_0,SSc
22,A_33_0,A_66_0,WHt
22,U_34_0,G_37_0,SSt
22,U_34_0,A_65_0,WHt
22,G_37_0,C_61_0,WCc
22,G_38_0,C_60_0,WCc
22,G_38_0,A_66_0,SWt
22,G_46_0,C_53_0,WCc
22,U_47_0,U_49_0,SHt
22,U_49_0,A_76_0,WSc
22,U_51_0,U_75_0,WSc
22,C_54_0,G_72_0,WCc
22,A_55_0,U_71_0,WCc
22,A_56_0,U_70_0,WCc
22,G_57_0,C_69_0,WCc
22,A_58_0,U_68_0,WCc
22,G_59_0,C_67_0,WCc
22,C_61_0,A_65_0,SWc
23,C_13_0,G_83_0,WCc
23,G_14_0,G_81_0,WWc
23,G_14_0,U_82_0,WWc
23,C_15_0,G_81_0,WCc
23,U_16_0,A_80_0,WCc
23,U_17_0,A_79_0,WCc
23,C_18_0,G_78_0,WCc
23,A_19_0,U_77_0,WWc
23,U_20_0,A_76_0,WWc
23,U_20_0,U_77_0,XXX
23,U_22_0,U_47_0,HSc
23,U_22_0,A_52_0,WCc
23,A_23_0,G_46_0,WSc
23,A_24_0,G_72_0,HWt
23,U_25_0,A_45_0,WCc
23,C_26_0,G_44_0,WCc
23,C_27_0,G_43_0,WCc
23,U_28_0,G_42_0,GUc
23,A_29_0,U_41_0,WCc
23,A_30_0,U_40_0,WCc
23,U_31_0,U_39_0,WWc
23,A_33_0,G_37_0,SSc
23,A_33_0,A_66_0,WHt
23,U_34_0,G_37_0,SSt
23,U_34_0,A_65_0,WHt
23,G_37_0,C_61_0,WWc
23,G_38_0,C_60_0,WCc
23,G_38_0,C_61_0,WWc
23,G_38_0,A_66_0,SWt
23,G_46_0,A_52_0,XXX
23,G_46_0,C_53_0,WCc
23,U_51_0,U_75_0,WSc
23,A_52_0,A_73_0,XXX
23,C_54_0,A_55_0,WHc
23,C_54_0,G_72_0,WCc
23,A_55_0,U_71_0,WCc
23,A_56_0,U_70_0,WCc
23,A_58_0,U_68_0,WCc
23,A_58_0,C_69_0,WWc
23,G_59_0,C_67_0,WCc
23,C_61_0,A_65_0,SWc
24,C_13_0,G_83_0,WCc
24,G_14_0,U_82_0,GUc
24,C_15_0,G_81_0,WCc
24,C_15_0,U_82_0,XXX
24,U_16_0,A_80_0,WCc
24,U_17_0,A_79_0,WCc
24,C_18_0,G_78_0,WWc
24,A_19_0,U_77_0,WCc
24,U_20_0,A_76_0,WCc
24,A_21_0,U_75_0,XXX
24,U_22_0,A_52_0,WCc
24,U_22_0,C_53_0,XXX
24,A_23_0,G_46_0,WSc
24,U_25_0,A_45_0,WCc
24,C_26_0,G_44_0,WCc
24,C_27_0,G_43_0,WCc
24,U_28_0,G_42_0,GUc
24,A_29_0,U_41_0,WCc
24,A_30_0,U_40_0,WCc
24,U_31_0,U_39_0,WWc
24,U_31_0,U_40_0,XXX
24,A_33_0,G_37_0,SSc
24,A_33_0,A_66_0,WHt
24,U_34_0,G_37_0,SSt
24,U_34_0,A_65_0,WHt
24,G_37_0,C_61_0,WCc
24,G_38_0,C_60_0,WCc
24,G_38_0,A_66_0,SWc
24,G_46_0,C_53_0,WCc
24,U_47_0,U_49_0,XXX
24,U_47_0,C_50_0,XXX
24,U_49_0,A_76_0,XXX
24,C_50_0,U_75_0,WSc
24,U_51_0,U_75_0,WSc
24,C_54_0,A_55_0,XXX
24,A_55_0,U_71_0,WCc
24,A_56_0,U_70_0,WWc
24,G_57_0,C_69_0,WCc
24,A_58_0,U_68_0,WCc
24,G_59_0,C_67_0,WCc
24,C_61_0,A_65_0,SWc
24,U_62_0,U_63_0,SHc
25,C_13_0,G_83_0,WCc
25,G_14_0,U_82_0,GUc
25,C_15_0,G_81_0,WCc
25,U_16_0,A_80_0,WCc
25,U_17_0,A_79_0,WCc
25,C_18_0,G_78_0,WCc
25,A_19_0,U_77_0,WCc
25,U_20_0,A_76_0,WCc
25,U_22_0,A_52_0,WCc
25,A_23_0,G_46_0,WSt
25,A_24_0,G_72_0,XXX
25,U_25_0,A_45_0,WCc
25,C_26_0,G_44_0,WCc
25,C_27_0,G_43_0,WCc
25,U_28_0,G_42_0,GUc
25,A_29_0,U_41_0,WCc
25,A_30_0,U_40_0,WWc
25,U_31_0,U_39_0,WWc
25,A_33_0,G_37_0,SSc
25,A_33_0,A_66_0,WHt
25,U_34_0,G_37_0,SSt
25,U_34_0,A_65_0,WHt
25,G_37_0,C_61_0,WCc
25,G_37_0,A_65_0,XXX
25,G_38_0,C_60_0,WCc
25,G_38_0,A_66_0,SWt
25,G_46_0,C_53_0,WCc
25,U_47_0,U_49_0,XXX
25,C_50_0,U_75_0,WSc
25,U_51_0,U_75_0,WSc
25,C_54_0,G_72_0,WWc
25,A_55_0,U_70_0,XXX
25,A_55_0,U_71_0,WCc
25,A_56_0,U_70_0,WCc
25,G_57_0,C_69_0,WCc
25,A_58_0,U_68_0,WCc
25,G_59_0,C_67_0,WWc
25,C_60_0,C_67_0,XXX
25,C_61_0,A_65_0,SWc
26,C_13_0,G_83_0,WCc
26,G_14_0,U_82_0,WWc
26,C_15_0,G_81_0,WCc
26,U_16_0,A_80_0,WCc
26,U_17_0,A_79_0,WCc
26,C_18_0,G_78_0,WCc
26,A_19_0,U_77_0,WCc
26,U_20_0,A_76_0,WCc
26,U_22_0,A_52_0,WCc
26,A_23_0,G_46_0,WSc
26,U_25_0,A_45_0,WCc
26,C_26_0,G_44_0,WCc
26,C_27_0,G_43_0,WCc
26,U_28_0,G_42_0,GUc
26,A_29_0,U_41_0,WCc
26,A_30_0,U_40_0,WCc
26,U_31_0,U_39_0,WWc
26,U_31_0,U_40_0,WWc
26,A_33_0,A_66_0,XXX
26,U_34_0,G_37_0,SSt
26,U_34_0,A_65_0,WHt
26,G_37_0,C_61_0,WCc
26,G_38_0,C_60_0,WCc
26,G_38_0,A_66_0,SWc
26,G_46_0,C_53_0,WCc
26,C_50_0,U_75_0,WSc
26,U_51_0,U_75_0,WSc
26,C_54_0,A_55_0,WHc
26,C_54_0,G_72_0,WWc
26,A_55_0,U_71_0,WCc
26,A_56_0,U_70_0,WCc
26,A_56_0,U_71_0,XXX
26,G_57_0,C_69_0,WCc
26,A_58_0,U_68_0,WCc
26,G_59_0,C_67_0,WWc
26,C_61_0,A_65_0,SWc
27,C_13_0,G_83_0,WCc
27,G_14_0,U_82_0,GUc
27,C_15_0,G_81_0,WCc
27,U_16_0,A_79_0,XXX
27,U_16_0,A_80_0,WCc
27,U_17_0,A_79_0,WWc
27,C_18_0,G_78_0,WCc
27,A_19_0,A_76_0,XXX
27,A_19_0,U_77_0,WCc
27,U_20_0,A_76_0,WCc
27,U_22_0,A_52_0,WCc
27,A_23_0,G_46_0,WSt
27,A_23_0,A_52_0,XXX
27,U_25_0,A_45_0,WCc
27,C_26_0,G_44_0,WCc
27,C_27_0,G_43_0,WCc
27,U_28_0,G_42_0,GUc
27,A_29_0,U_41_0,WCc
27,A_30_0,U_40_0,WWc
27,U_31_0,U_39_0,WWc
27,U_31_0,U_40_0,WWc
27,A_33_0,G_37_0,SSc
27,A_33_0,A_66_0,WHt
27,U_34_0,G_37_0,SSt
27,U_34_0,A_65_0,WHt
27,G_37_0,C_61_0,WCc
27,G_38_0,C_60_0,WCc
27,G_38_0,A_66_0,SWc
27,G_46_0,C_53_0,WCc
27,U_47_0,C_50_0,XXX
27,C_54_0,A_55_0,WHc
27,C_54_0,G_72_0,WCc
27,A_55_0,U_71_0,WCc
27,A_56_0,U_70_0,WCc
27,G_57_0,C_69_0,WCc
27,A_58_0,U_68_0,WCc
27,G_59_0,C_67_0,WCc
27,C_61_0,A_65_0,SWc
28,C_13_0,G_83_0,WCc
28,G_14_0,U_82_0,GUc
28,C_15_0,G_81_0,WCc
28,U_16_0,A_80_0,WCc
28,U_17_0,A_79_0,WCc
28,C_18_0,G_78_0,WCc
28,A_19_0,U_77_0,WCc
28,U_20_0,A_76_0,WWc
28,U_22_0,U_47_0,HSc
28,U_22_0,A_52_0,WCc
28,A_23_0,G_46_0,WSt
28,A_23_0,A_52_0,XXX
28,A_24_0,G_72_0,HWt
28,U_25_0,A_45_0,WCc
28,C_26_0,G_44_0,WCc
28,C_27_0,G_42_0,XXX
28,C_27_0,G_43_0,WCc
28,U_28_0,G_42_0,GUc
28,A_29_0,U_41_0,WWc
28,A_30_0,U_40_0,WCc
28,U_31_0,U_39_0,WWc
28,A_33_0,G_37_0,SSc
28,A_33_0,A_66_0,WHt
28,U_34_0,G_37_0,SSt
28,U_34_0,A_65_0,WHt
28,G_37_0,C_61_0,WCc
28,G_38_0,C_60_0,WCc
28,G_38_0,A_66_0,SWt
28,G_46_0,C_53_0,WCc
28,U_47_0,U_49_0,SHt
28,U_47_0,C_50_0,XXX
28,C_50_0,U_75_0,WSc
28,U_51_0,U_75_0,WSc
28,C_54_0,G_72_0,WCc
28,A_55_0,U_71_0,WCc
28,A_56_0,U_70_0,WCc
28,G_57_0,C_69_0,WCc
28,A_58_0,U_68_0,WCc
28,G_59_0,C_67_0,WCc
28,C_60_0,C_67_0,XXX
28,C_61_0,A_65_0,SWc
29,C_13_0,G_83_0,WCc
29,G_14_0,U_82_0,GUc
29,C_15_0,G_81_0,WWc
29,U_16_0,A_80_0,WCc
29,U_17_0,A_79_0,WCc
29,C_18_0,G_78_0,WCc
29,A_19_0,U_77_0,WCc
29,U_20_0,A_76_0,WCc
29,A_21_0,U_49_0,XXX
29,U_22_0,U_47_0,HSc
29,U_22_0,A_52_0,WCc
29,A_23_0,G_46_0,WSt
29,U_25_0,A_45_0,WCc
29,C_26_0,G_44_0,WCc
29,C_27_0,G_43_0,WWc
29,U_28_0,G_42_0,GUc
29,A_29_0,U_41_0,WCc
29,A_30_0,U_40_0,WWc
29,U_31_0,U_39_0,WWc
29,U_31_0,U_40_0,XXX
29,A_33_0,A_66_0,WHt
29,U_34_0,G_37_0,SSt
29,U_34_0,A_65_0,WHt
29,G_37_0,C_61_0,WCc
29,G_38_0,C_60_0,WCc
29,G_38_0,A_66_0,SWt
29,G_46_0,C_53_0,WCc
29,U_47_0,U_49_0,XXX
29,U_51_0,U_75_0,WSc
29,C_54_0,G_72_0,WCc
29,A_55_0,U_71_0,WCc
29,A_56_0,U_70_0,WCc
29,G_57_0,C_69_0,WCc
29,A_58_0,U_68_0,WCc
29,G_59_0,C_67_0,WWc
29,C_61_0,A_65_0,SWc
30,C_13_0,G_83_0,WWc
30,G_14_0,U_82_0,WSc
30,C_15_0,G_81_0,WCc
30,U_16_0,A_80_0,WCc
30,U_17_0,A_79_0,WCc
30,C_18_0,G_78_0,WCc
30,A_19_0,U_77_0,WCc
30,U_20_0,A_76_0,WWc
30,U_22_0,A_52_0,WWc
30,A_23_0,G_46_0,WSc
30,A_23_0,C_53_0,XXX
30,A_24_0,G_72_0,HWt
30,U_25_0,A_45_0,WCc
30,C_26_0,G_44_0,WCc
30,C_27_0,G_43_0,WCc
30,U_28_0,G_42_0,GUc
30,A_29_0,U_41_0,WCc
30,A_30_0,U_40_0,WWc
30,U_31_0,U_39_0,WWc
30,U_31_0,U_40_0,XXX
30,A_33_0,G_37_0,SSc
30,A_33_0,G_38_0,XXX
30,A_33_0,A_66_0,WHt
30,U_34_0,G_37_0,SSt
30,U_34_0,A_65_0,WHt
30,G_37_0,C_61_0,WCc
30,G_38_0,C_60_0,WCc
30,G_38_0,A_66_0,SWt
30,G_46_0,C_53_0,WCc
30,C_50_0,U_75_0,WSc
30,U_51_0,U_75_0,WSc
30,C_54_0,G_72_0,WCc
30,A_55_0,U_71_0,WCc
30,A_56_0,U_70_0,WCc
30,G_57_0,C_69_0,WCc
30,A_58_0,U_68_0,WWc
30,G_59_0,C_67_0,WCc
30,C_61_0,A_65_0,SWc
30,C_67_0,U_68_0,WHc
31,C_13_0,G_83_0,WCc
31,G_14_0,U_82_0,WWc
31,C_15_0,G_81_0,WCc
31,C_15_0,U_82_0,XXX
31,U_16_0,A_80_0,WCc
31,U_17_0,A_79_0,WCc
31,C_18_0,G_78_0,WCc
31,A_19_0,U_77_0,WCc
31,U_20_0,A_76_0,WCc
31,A_21_0,U_49_0,XXX
31,U_22_0,A_52_0,WCc
31,A_23_0,G_46_0,WSt
31,U_25_0,A_45_0,WCc
31,C_26_0,G_44_0,WCc
31,C_27_0,G_43_0,WCc
31,U_28_0,G_42_0,WWc
31,A_29_0,U_41_0,WCc
31,A_30_0,U_40_0,WWc
31,U_31_0,U_39_0,WWc
31,U_31_0,U_40_0,XXX
31,A_33_0,G_37_0,SSc
31,A_33_0,G_38_0,XXX
31,A_33_0,A_65_0,XXX
31,A_33_0,A_66_0,WHt
31,U_34_0,G_37_0,SSt
31,U_34_0,A_65_0,WHt
31,G_37_0,C_61_0,WCc
31,G_38_0,C_60_0,WCc
31,G_38_0,A_66_0,SWt
31,G_46_0,C_53_0,WCc
31,U_47_0,U_49_0,SSt
31,U_51_0,U_75_0,XXX
31,C_54_0,G_72_0,WCc
31,A_55_0,U_71_0,WCc
31,A_56_0,U_70_0,WWc
31,G_57_0,C_69_0,WCc
31,A_58_0,U_68_0,WCc
31,G_59_0,C_67_0,WWc
31,C_61_0,A_65_0,SWc
32,C_13_0,G_83_0,WWc
32,G_14_0,U_82_0,GUc
32,C_15_0,G_81_0,WCc
32,U_16_0,A_80_0,WCc
32,U_17_0,A_79_0,WCc
32,C_18_0,G_78_0,WCc
32,A_19_0,U_77_0,WCc
32,U_20_0,A_76_0,WCc
32,A_21_0,U_49_0,XXX
32,U_22_0,U_47_0,XXX
32,U_22_0,A_52_0,WWc
32,U_22_0,C_53_0,XXX
32,A_23_0,G_46_0,WSt
32,A_23_0,C_53_0,XXX
32,A_24_0,G_72_0,HWt
32,U_25_0,A_45_0,WCc
32,C_26_0,G_44_0,WCc
32,C_27_0,G_43_0,WCc
32,U_28_0,G_42_0,GUc
32,A_29_0,U_41_0,WCc
32,A_30_0,U_40_0,WCc
32,U_31_0,U_39_0,WWc
32,U_31_0,U_40_0,WWc
32,A_33_0,G_37_0,SSc
32,A_33_0,A_66_0,WHt
32,U_34_0,G_37_0,XXX
32,U_34_0,A_65_0,WHt
32,G_37_0,C_61_0,WCc
32,G_38_0,C_60_0,WCc
32,G_38_0,A_66_0,SWt
32,G_46_0,C_53_0,WCc
32,U_49_0,A_76_0,XXX
32,C_54_0,G_72_0,WCc
32,A_55_0,U_71_0,WCc
32,A_56_0,U_70_0,WCc
32,G_57_0,C_69_0,WCc
32,A_58_0,U_68_0,WCc
32,G_59_0,C_67_0,WCc
32,C_61_0,A_65_0,SWc
33,C_13_0,U_82_0,XXX
33,C_13_0,G_83_0,WCc
33,G_14_0,U_82_0,GUc
33,C_15_0,G_81_0,WCc
33,U_16_0,A_80_0,WCc
33,U_17_0,A_79_0,WCc
33,C_18_0,G_78_0,WCc
33,A_19_0,A_76_0,XXX
33,A_19_0,U_77_0,WCc
33,U_20_0,A_76_0,WCc
33,U_22_0,A_52_0,WCc
33,A_23_0,G_46_0,WSt
33,U_25_0,A_45_0,WWc
33,C_26_0,G_44_0,WCc
33,C_27_0,G_43_0,WCc
33,U_28_0,G_42_0,GUc
33,A_29_0,U_41_0,WCc
33,A_30_0,U_40_0,WCc
33,U_31_0,U_39_0,WWc
33,A_33_0,G_37_0,SSc
33,A_33_0,A_66_0,WHt
33,U_34_0,A_65_0,WHt
33,G_37_0,C_61_0,WCc
33,G_38_0,C_60_0,WCc
33,G_38_0,A_66_0,SWt
33,G_46_0,C_53_0,WCc
33,U_47_0,U_49_0,XXX
33,U_47_0,C_50_0,XXX
33,U_49_0,A_76_0,XXX
33,U_51_0,U_75_0,WSc
33,C_54_0,G_72_0,WCc
33,A_55_0,U_71_0,WCc
33,A_56_0,U_70_0,WCc
33,G_57_0,C_69_0,WCc
33,A_58_0,U_68_0,WCc
33,G_59_0,C_67_0,WCc
33,C_61_0,A_65_0,SWc
34,C_13_0,G_83_0,WCc
34,G_14_0,U_82_0,GUc
34,C_15_0,G_81_0,WCc
34,U_16_0,A_80_0,WCc
34,U_17_0,A_79_0,WWc
34,C_18_0,G_78_0,WCc
34,A_19_0,U_77_0,WCc
34,U_20_0,A_76_0,WCc
34,A_21_0,U_49_0,XXX
34,U_22_0,A_52_0,WCc
34,A_23_0,G_46_0,WSc
34,A_24_0,G_72_0,HWt
34,U_25_0,A_45_0,WCc
34,U_25_0,C_53_0,XXX
34,C_26_0,G_44_0,WCc
34,C_27_0,G_43_0,WCc
34,U_28_0,G_42_0,GUc
34,A_29_0,U_41_0,WCc
34,A_30_0,U_40_0,WWc
34,U_31_0,U_39_0,WWc
34,U_31_0,U_40_0,WWc
34,A_33_0,G_37_0,SSc
34,A_33_0,A_66_0,WHt
34,U_34_0,G_37_0,XXX
34,U_34_0,A_65_0,WHt
34,G_37_0,C_61_0,WCc
34,G_38_0,C_60_0,WCc
34,G_38_0,A_66_0,SWc
34,G_46_0,C_53_0,WCc
34,U_47_0,U_49_0,SHt
34,U_51_0,U_75_0,WSc
34,C_54_0,G_72_0,WCc
34,A_55_0,U_71_0,WCc
34,A_56_0,U_70_0,WCc
34,G_57_0,C_69_0,WCc
34,A_58_0,U_68_0,WCc
34,G_59_0,C_67_0,WCc
34,C_61_0,A_65_0,SWc
35,C_13_0,G_83_0,WCc
35,G_14_0,U_82_0,GUc
35,C_15_0,G_81_0,WCc
35,U_16_0,A_80_0,WCc
35,U_17_0,A_79_0,WCc
35,C_18_0,G_78_0,WCc
35,A_19_0,A_76_0,XXX
35,A_19_0,U_77_0,WCc
35,U_20_0,A_76_0,WWc
35,U_22_0,U_47_0,XXX
35,U_22_0,A_52_0,WCc
35,A_23_0,G_46_0,WSt
35,A_24_0,G_72_0,HWt
35,U_25_0,A_45_0,WCc
35,C_26_0,G_44_0,WCc
35,C_27_0,G_43_0,WCc
35,U_28_0,G_42_0,GUc
35,A_29_0,U_41_0,WCc
35,A_30_0,U_40_0,WCc
35,U_31_0,U_39_0,WWc
35,A_33_0,G_37_0,SSc
35,A_33_0,A_66_0,WHt
35,U_34_0,G_37_0,SSc
35,U_34_0,A_65_0,WHt
35,G_37_0,C_60_0,XXX
35,G_37_0,C_61_0,WCc
35,G_38_0,C_60_0,WWc
35,G_38_0,A_66_0,XXX
35,G_46_0,C_53_0,WWc
35,U_47_0,U_49_0,XXX
35,U_47_0,C_50_0,XXX
35,U_49_0,A_76_0,XXX
35,U_51_0,U_75_0,WSc
35,C_54_0,G_72_0,WCc
35,A_55_0,U_71_0,WCc
35,A_56_0,U_70_0,WCc
35,G_57_0,C_69_0,WCc
35,A_58_0,U_68_0,WCc
35,G_59_0,C_67_0,WWc
35,C_61_0,A_65_0,SWc
36,C_13_0,G_83_0,WCc
36,G_14_0,U_82_0,WWc
36,C_15_0,G_81_0,WCc
36,C_15_0,U_82_0,XXX
36,U_16_0,A_80_0,WCc
36,U_17_0,A_79_0,WWc
36,U_17_0,A_80_0,WWc
36,C_18_0,G_78_0,WCc
36,A_19_0,A_76_0,XXX
36,A_19_0,U_77_0,WCc
36,U_20_0,A_76_0,WWc
36,A_21_0,A_76_0,XXX
36,U_22_0,A_52_0,WCc
36,A_23_0,G_46_0,WSt
36,U_25_0,A_45_0,WCc
36,U_25_0,C_53_0,XXX
36,C_26_0,G_44_0,WCc
36,C_27_0,G_43_0,WCc
36,U_28_0,G_42_0,GUc
36,A_29_0,U_41_0,WCc
36,A_30_0,U_40_0,WCc
36,U_31_0,U_39_0,WWc
36,A_33_0,G_37_0,SSc
36,A_33_0,A_66_0,WHt
36,U_34_0,G_37_0,SSt
36,U_34_0,A_65_0,WHt
36,G_37_0,C_61_0,WCc
36,G_38_0,C_60_0,WCc
36,G_38_0,A_66_0,SWt
36,G_46_0,C_53_0,WCc
36,U_51_0,U_75_0,WSc
36,C_54_0,G_72_0,WCc
36,A_55_0,U_71_0,WCc
36,A_56_0,U_70_0,WCc
36,G_57_0,C_69_0,WWc
36,A_58_0,U_68_0,WCc
36,G_59_0,C_67_0,WCc
36,C_61_0,A_65_0,SWc
37,C_13_0,G_83_0,WCc
37,G_14_0,U_82_0,WWc
37,C_15_0,G_81_0,WCc
37,C_15_0,U_82_0,XXX
37,U_16_0,A_80_0,WCc
37,U_17_0,A_79_0,WCc
37,C_18_0,G_78_0,WCc
37,A_19_0,A_76_0,XXX
37,A_19_0,U_77_0,WCc
37,U_20_0,A_76_0,WCc
37,A_21_0,A_76_0,XXX
37,U_22_0,U_47_0,HSc
37,U_22_0,A_52_0,WCc
37,A_23_0,G_46_0,WSc
37,U_25_0,A_45_0,WCc
37,U_25_0,C_53_0,XXX
37,C_26_0,G_44_0,WCc
37,C_27_0,G_43_0,WCc
37,U_28_0,G_42_0,GUc
37,A_29_0,U_41_0,WCc
37,A_30_0,U_40_0,WWc
37,U_31_0,U_39_0,WWc
37,U_31_0,U_40_0,WWc
37,A_33_0,G_37_0,SSc
37,A_33_0,A_66_0,WHt
37,U_34_0,G_37_0,SSt
37,U_34_0,A_65_0,WHt
37,G_37_0,C_60_0,WWc
37,G_37_0,C_61_0,WCc
37,G_37_0,A_66_0,XXX
37,G_38_0,C_60_0,WWc
37,G_38_0,A_66_0,SWt
37,G_46_0,C_53_0,WCc
37,U_47_0,U_49_0,XXX
37,U_49_0,A_76_0,WSt
37,C_50_0,U_75_0,WSc
37,U_51_0,U_75_0,WSc
37,C_54_0,G_72_0,WCc
37,A_55_0,U_71_0,WCc
37,A_56_0,U_70_0,WCc
37,G_57_0,C_69_0,WCc
37,A_58_0,U_68_0,WCc
37,G_59_0,C_67_0,WCc
37,C_60_0,A_66_0,XXX
37,C_61_0,A_65_0,SWc
38,C_13_0,G_83_0,WCc
38,G_14_0,U_82_0,WWc
38,C_15_0,G_81_0,WCc
38,U_16_0,A_80_0,WWc
38,U_17_0,A_79_0,WCc
38,C_18_0,G_78_0,WCc
38,A_19_0,U_77_0,WCc
38,U_20_0,A_76_0,WWc
38,A_21_0,A_76_0,WSc
38,U_22_0,A_52_0,WCc
38,A_23_0,G_46_0,WSc
38,A_23_0,A_52_0,XXX
38,U_25_0,A_45_0,WCc
38,C_26_0,G_44_0,WCc
38,C_27_0,G_43_0,WCc
38,U_28_0,G_42_0,GUc
38,A_29_0,U_41_0,WCc
38,A_30_0,U_40_0,WCc
38,U_31_0,U_39_0,WWc
38,A_33_0,G_37_0,SSc
38,A_33_0,A_66_0,WHt
38,U_34_0,G_37_0,SSt
38,U_34_0,A_65_0,WHt
38,G_37_0,C_61_0,WCc
38,G_38_0,C_60_0,WCc
38,G_38_0,A_66_0,SWt
38,G_46_0,C_53_0,WCc
38,U_47_0,C_50_0,XXX
38,C_50_0,U_75_0,WSc
38,U_51_0,U_75_0,WSc
38,C_54_0,G_72_0,WCc
38,A_55_0,U_71_0,WCc
38,A_56_0,U_70_0,WCc
38,G_57_0,C_69_0,WCc
38,A_58_0,U_68_0,WCc
38,G_59_0,C_67_0,WCc
38,C_60_0,C_67_0,XXX
38,C_61_0,A_65_0,SWc
39,C_13_0,G_83_0,WCc
39,G_14_0,U_82_0,GUc
39,C_15_0,G_81_0,WCc
39,U_16_0,A_80_0,WCc
39,U_17_0,A_79_0,WCc
39,C_18_0,G_78_0,WCc
39,A_19_0,A_76_0,XXX
39,A_19_0,U_77_0,WCc
39,U_20_0,A_76_0,WCc
39,A_21_0,U_49_0,XXX
39,U_22_0,A_52_0,WCc
39,A_23_0,G_46_0,WSt
39,U_25_0,A_45_0,WCc
39,C_26_0,G_44_0,WCc
39,C_27_0,G_43_0,WCc
39,U_28_0,G_42_0,GUc
39,A_29_0,U_41_0,WCc
39,A_30_0,U_40_0,WCc
39,U_31_0,U_39_0,WWc
39,A_33_0,G_37_0,SSc
39,A_33_0,A_66_0,WHt
39,U_34_0,G_37_0,XXX
39,U_34_0,A_65_0,WHt
39,G_37_0,C_61_0,WCc
39,G_38_0,C_60_0,WCc
39,G_38_0,A_66_0,SWt
39,G_46_0,C_53_0,WCc
39,U_47_0,U_49_0,SHt
39,U_47_0,C_50_0,XXX
39,U_49_0,A_76_0,XXX
39,C_50_0,U_75_0,WSc
39,U_51_0,U_75_0,WSc
39,C_54_0,G_72_0,WCc
39,A_55_0,U_71_0,WCc
39,A_56_0,U_70_0,WCc
39,G_57_0,C_69_0,WCc
39,A_58_0,U_68_0,WCc
39,G_59_0,C_67_0,WCc
39,C_60_0,C_67_0,XXX
39,C_61_0,A_65_0,SWc
40,C_13_0,G_83_0,WWc
40,G_14_0,U_82_0,GUc
40,C_15_0,G_81_0,WCc
40,U_16_0,A_80_0,WCc
40,U_17_0,A_79_0,WCc
40,C_18_0,G_78_0,WCc
40,A_19_0,U_77_0,WCc
40,U_20_0,A_76_0,WWc
40,U_20_0,U_77_0,XXX
40,A_21_0,U_49_0,XXX
40,U_22_0,U_47_0,XXX
40,U_22_0,A_52_0,WCc
40,A_23_0,G_46_0,WSt
40,U_25_0,A_45_0,WCc
40,C_26_0,G_44_0,WCc
40,C_27_0,G_43_0,WCc
40,U_28_0,A_29_0,WHc
40,U_28_0,G_42_0,GUc
40,A_29_0,U_41_0,WCc
40,A_30_0,U_40_0,WCc
40,U_31_0,U_39_0,WWc
40,A_33_0,G_37_0,SSc
40,A_33_0,A_66_0,XXX
40,U_34_0,G_37_0,SSt
40,U_34_0,A_65_0,WHt
40,G_37_0,C_61_0,WCc
40,G_38_0,C_60_0,WCc
40,G_38_0,A_66_0,SWt
40,G_46_0,C_53_0,WCc
40,U_47_0,C_50_0,XXX
40,U_51_0,U_75_0,WSc
40,C_54_0,G_72_0,WCc
40,A_55_0,U_71_0,WCc
40,A_56_0,U_70_0,WCc
40,G_57_0,C_69_0,WCc
40,A_58_0,U_68_0,WCc
40,G_59_0,C_67_0,WCc
40,C_61_0,A_65_0,SWc
40,U_62_0,U_63_0,SHc
41,C_13_0,G_83_0,WCc
41,G_14_0,U_82_0,WWc
41,C_15_0,G_81_0,WCc
41,U_16_0,A_80_0,WCc
41,U_17_0,A_79_0,WCc
41,C_18_0,G_78_0,WCc
41,A_19_0,U_77_0,WCc
41,U_20_0,A_76_0,WCc
41,A_21_0,U_49_0,XXX
41,U_22_0,U_47_0,XXX
41,U_22_0,A_52_0,WCc
41,A_23_0,G_46_0,WSt
41,U_25_0,A_45_0,WCc
41,C_26_0,G_44_0,WCc
41,C_27_0,G_43_0,WCc
41,U_28_0,G_42_0,GUc
41,A_29_0,U_41_0,WCc
41,A_30_0,U_40_0,WWc
41,U_31_0,U_39_0,WWc
41,U_31_0,U_40_0,WWc
41,A_33_0,G_37_0,SSc
41,A_33_0,G_38_0,XXX
41,A_33_0,A_66_0,WHt
41,U_34_0,G_37_0,SSt
41,U_34_0,A_65_0,WHt
41,U_34_0,A_66_0,XXX
41,G_37_0,C_61_0,WCc
41,G_38_0,C_60_0,WCc
41,G_38_0,A_66_0,SWt
41,G_46_0,C_53_0,WCc
41,U_47_0,U_49_0,XXX
41,U_51_0,U_75_0,XXX
41,C_54_0,G_72_0,WCc
41,A_55_0,U_71_0,WCc
41,A_56_0,U_70_0,WCc
41,G_57_0,C_69_0,WCc
41,A_58_0,U_68_0,WCc
41,G_59_0,C_67_0,WCc
41,C_61_0,A_65_0,SWc
42,C_13_0,G_83_0,WCc
42,G_14_0,G_81_0,WWc
42,G_14_0,U_82_0,GUc
42,C_15_0,G_81_0,WCc
42,U_16_0,A_80_0,WCc
42,U_17_0,A_79_0,WCc
42,C_18_0,G_78_0,WCc
42,A_19_0,U_77_0,WCc
42,U_20_0,A_76_0,WCc
42,U_22_0,A_52_0,WCc
42,A_23_0,G_46_0,WSt
42,U_25_0,A_45_0,WWc
42,U_25_0,G_46_0,WSc
42,C_26_0,G_44_0,WCc
42,C_27_0,G_43_0,WCc
42,U_28_0,G_42_0,GUc
42,A_29_0,U_41_0,WWc
42,A_30_0,U_40_0,WCc
42,U_31_0,U_39_0,WWc
42,U_31_0,U_40_0,WWc
42,A_33_0,G_37_0,SSc
42,A_33_0,A_66_0,WHt
42,U_34_0,G_37_0,XXX
42,U_34_0,A_65_0,WHt
42,G_37_0,C_61_0,WCc
42,G_37_0,A_66_0,XXX
42,G_38_0,C_60_0,WCc
42,G_38_0,A_66_0,SWt
42,G_46_0,C_53_0,WCc
42,U_47_0,U_49_0,XXX
42,U_47_0,C_50_0,XXX
42,U_49_0,A_76_0,XXX
42,U_51_0,U_75_0,WSc
42,C_54_0,G_72_0,WCc
42,A_55_0,U_71_0,WCc
42,A_56_0,U_70_0,WCc
42,G_57_0,C_69_0,WCc
42,A_58_0,U_68_0,WCc
42,G_59_0,C_67_0,WCc
42,C_61_0,A_65_0,SWc
43,C_13_0,G_83_0,WWc
43,G_14_0,U_82_0,GUc
43,C_15_0,G_81_0,WCc
43,U_16_0,A_80_0,WCc
43,U_17_0,A_79_0,WCc
43,C_18_0,G_78_0,WCc
43,A_19_0,U_77_0,WCc
43,U_20_0,A_76_0,WCc
43,A_21_0,A_76_0,XXX
43,U_22_0,U_47_0,XXX
43,U_22_0,A_52_0,WWc
43,A_23_0,G_46_0,WSc
43,U_25_0,A_45_0,WCc
43,U_25_0,C_53_0,XXX
43,C_26_0,G_44_0,WCc
43,C_27_0,G_43_0,WCc
43,U_28_0,G_42_0,GUc
43,A_29_0,U_41_0,WCc
43,A_30_0,U_40_0,WCc
43,U_31_0,U_39_0,WWc
43,U_31_0,U_40_0,XXX
43,A_33_0,G_37_0,SSc
43,A_33_0,A_66_0,WHt
43,U_34_0,A_65_0,WHt
43,G_37_0,C_61_0,WCc
43,G_37_0,A_66_0,XXX
43,G_38_0,C_60_0,WCc
43,G_38_0,A_66_0,SWt
43,G_46_0,C_53_0,WCc
43,U_47_0,C_50_0,XXX
43,U_51_0,U_75_0,WSc
43,C_54_0,G_72_0,WCc
43,A_55_0,U_71_0,WCc
43,A_56_0,U_70_0,WCc
43,G_57_0,C_69_0,WCc
43,A_58_0,U_68_0,WCc
43,G_59_0,C_67_0,WCc
43,C_60_0,A_66_0,XXX
43,C_61_0,A_65_0,SWc
44,C_13_0,G_83_0,WCc
44,G_14_0,U_82_0,GUc
44,C_15_0,G_81_0,WCc
44,U_16_0,A_80_0,WCc
44,U_17_0,A_79_0,WCc
44,C_18_0,G_78_0,WCc
44,A_19_0,U_77_0,WCc
44,U_20_0,A_76_0,WWc
44,A_21_0,A_76_0,XXX
44,U_22_0,A_52_0,WCc
44,A_23_0,G_46_0,WSt
44,U_25_0,A_45_0,WCc
44,C_26_0,G_44_0,WCc
44,C_27_0,G_43_0,WCc
44,U_28_0,G_42_0,GUc
44,A_29_0,U_41_0,WCc
44,A_30_0,U_40_0,WWc
44,U_31_0,U_39_0,WWc
44,U_31_0,U_40_0,WWc
44,A_33_0,G_37_0,SSc
44,A_33_0,A_65_0,XXX
44,A_33_0,A_66_0,WHt
44,U_34_0,G_37_0,SSt
44,U_34_0,A_65_0,WHt
44,G_37_0,C_60_0,XXX
44,G_37_0,C_61_0,WCc
44,G_38_0,C_60_0,WCc
44,G_38_0,A_66_0,SWt
44,G_46_0,C_53_0,WCc
44,U_47_0,U_49_0,XXX
44,U_47_0,C_50_0,XXX
44,U_51_0,U_75_0,WSc
44,C_54_0,G_72_0,WCc
44,A_55_0,U_71_0,WCc
44,A_56_0,U_70_0,WCc
44,G_57_0,C_69_0,WCc
44,A_58_0,U_68_0,WCc
44,G_59_0,C_67_0,WCc
44,C_60_0,A_66_0,XXX
44,C_61_0,A_65_0,SWc
45,C_13_0,G_83_0,WCc
45,G_14_0,U_82_0,GUc
45,C_15_0,G_81_0,WWc
45,U_16_0,A_80_0,WCc
45,U_17_0,A_79_0,WCc
45,C_18_0,G_78_0,WCc
45,A_19_0,U_77_0,WCc
45,U_20_0,A_76_0,WCc
45,U_20_0,U_77_0,XXX
45,A_21_0,A_76_0,XXX
45,U_22_0,A_52_0,WCc
45,A_23_0,G_46_0,WSt
45,A_23_0,A_52_0,XXX
45,U_25_0,A_45_0,WCc
45,C_26_0,G_44_0,WCc
45,C_27_0,G_43_0,WCc
45,U_28_0,G_42_0,GUc
45,A_29_0,U_41_0,WWc
45,A_30_0,U_40_0,WWc
45,A_30_0,U_41_0,WWc
45,U_31_0,U_40_0,WWc
45,A_33_0,A_66_0,WHt
45,U_34_0,G_37_0,SSt
45,U_34_0,A_65_0,WHt
45,G_37_0,C_60_0,XXX
45,G_37_0,C_61_0,WCc
45,G_38_0,C_60_0,WCc
45,G_38_0,A_66_0,SWt
45,G_46_0,C_53_0,WCc
45,U_47_0,C_50_0,WHc
45,U_47_0,U_51_0,WWc
45,C_54_0,G_72_0,WCc
45,A_55_0,U_71_0,WWc
45,A_56_0,U_70_0,WCc
45,A_56_0,U_71_0,WWc
45,G_57_0,C_69_0,WCc
45,A_58_0,U_68_0,WCc
45,G_59_0,C_67_0,WCc
45,C_61_0,A_65_0,SWc
46,C_13_0,G_83_0,WCc
46,G_14_0,U_82_0,GUc
46,C_15_0,G_81_0,WCc
46,U_16_0,A_80_0,WCc
46,U_17_0,A_79_0,WCc
46,C_18_0,G_78_0,WCc
46,A_19_0,U_77_0,WWc
46,U_20_0,A_76_0,WCc
46,U_20_0,U_77_0,XXX
46,A_21_0,A_76_0,XXX
46,U_22_0,U_47_0,XXX
46,U_22_0,A_52_0,WCc
46,A_23_0,G_46_0,WSt
46,U_25_0,A_45_0,WCc
46,C_26_0,G_44_0,WCc
46,C_27_0,G_43_0,WCc
46,U_28_0,G_42_0,GUc
46,A_29_0,U_41_0,WCc
46,A_30_0,U_40_0,WCc
46,U_31_0,U_39_0,WWc
46,U_31_0,U_40_0,XXX
46,A_33_0,G_37_0,SSc
46,A_33_0,G_38_0,XXX
46,A_33_0,A_66_0,WHt
46,U_34_0,G_37_0,SSt
46,U_34_0,A_65_0,WHt
46,G_37_0,C_61_0,WCc
46,G_38_0,C_60_0,WCc
46,G_38_0,A_66_0,SWt
46,G_46_0,C_53_0,WCc
46,U_47_0,C_50_0,WHc
46,U_47_0,U_51_0,WWc
46,C_54_0,G_72_0,WCc
46,A_55_0,U_71_0,WCc
46,A_56_0,U_70_0,WCc
46,G_57_0,C_69_0,WCc
46,A_58_0,U_68_0,WCc
46,G_59_0,C_67_0,WCc
46,C_61_0,A_65_0,SWc
46,U_82_0,G_83_0,XXX
47,C_13_0,G_83_0,WCc
47,G_14_0,U_82_0,WWc
47,C_15_0,G_81_0,WCc
47,U_16_0,A_80_0,WWc
47,U_17_0,A_79_0,WCc
47,C_18_0,G_78_0,WCc
47,A_19_0,U_77_0,WCc
47,U_20_0,A_76_0,WCc
47,U_22_0,U_47_0,HWc
47,U_22_0,A_52_0,WWc
47,A_23_0,G_46_0,WSt
47,A_23_0,A_52_0,XXX
47,U_25_0,A_45_0,WWc
47,U_25_0,C_53_0,HWc
47,C_26_0,G_44_0,WCc
47,C_27_0,G_43_0,WCc
47,U_28_0,G_42_0,GUc
47,A_29_0,U_41_0,WCc
47,A_30_0,U_40_0,WCc
47,U_31_0,U_39_0,WWc
47,A_33_0,G_37_0,SSc
47,A_33_0,G_38_0,XXX
47,A_33_0,A_66_0,WHt
47,U_34_0,G_37_0,XXX
47,U_34_0,A_65_0,WHt
47,G_37_0,C_61_0,WCc
47,G_38_0,C_60_0,WCc
47,G_38_0,A_66_0,SWt
47,G_46_0,C_53_0,WCc
47,U_47_0,C_50_0,XXX
47,U_47_0,U_51_0,WWc
47,C_54_0,G_72_0,WCc
47,A_55_0,U_71_0,WCc
47,A_56_0,U_70_0,WCc
47,G_57_0,C_69_0,WCc
47,A_58_0,U_68_0,WCc
47,G_59_0,C_67_0,WCc
47,C_61_0,A_65_0,SWc
47,U_62_0,U_63_0,XXX
48,C_13_0,G_83_0,WCc
48,G_14_0,U_82_0,GUc
48,C_15_0,G_81_0,WCc
48,U_16_0,A_80_0,WCc
48,U_17_0,A_79_0,WCc
48,C_18_0,G_78_0,WCc
48,A_19_0,U_77_0,WCc
48,U_20_0,A_76_0,WCc
48,U_22_0,U_47_0,XXX
48,U_22_0,A_52_0,WCc
48,A_23_0,G_46_0,WSc
48,A_23_0,C_53_0,XXX
48,U_25_0,A_45_0,WCc
48,C_26_0,G_44_0,WCc
48,C_27_0,G_43_0,WCc
48,U_28_0,G_42_0,GUc
48,A_29_0,U_41_0,WCc
48,A_30_0,U_40_0,WWc
48,U_31_0,U_39_0,WWc
48,U_31_0,U_40_0,WWc
48,A_33_0,G_37_0,SSc
48,A_33_0,G_38_0,XXX
48,A_33_0,A_66_0,WHt
48,U_34_0,G_37_0,SSt
48,U_34_0,A_65_0,WHt
48,G_37_0,C_61_0,WCc
48,G_38_0,C_60_0,WCc
48,G_38_0,A_66_0,SWt
48,G_46_0,C_53_0,WCc
48,U_47_0,C_50_0,WHt
48,U_47_0,U_51_0,WHc
48,U_49_0,A_76_0,WSc
48,C_54_0,G_72_0,WCc
48,A_55_0,U_71_0,WCc
48,A_56_0,U_70_0,WCc
48,G_57_0,C_69_0,WCc
48,A_58_0,U_68_0,WCc
48,G_59_0,C_67_0,WCc
48,C_60_0,C_67_0,XXX
48,C_61_0,A_65_0,SWc
48,C_61_0,A_66_0,XXX
49,C_13_0,G_83_0,WCc
49,G_14_0,U_82_0,WWc
49,C_15_0,G_81_0,WWc
49,U_16_0,A_80_0,WCc
49,U_17_0,A_79_0,WCc
49,C_18_0,G_78_0,WCc
49,A_19_0,U_77_0,WCc
49,U_20_0,A_76_0,WCc
49,U_22_0,U_47_0,XXX
49,U_22_0,A_52_0,WCc
49,A_23_0,G_46_0,WSc
49,U_25_0,A_45_0,WCc
49,U_25_0,C_53_0,XXX
49,C_26_0,G_44_0,WCc
49,C_27_0,G_43_0,WCc
49,U_28_0,G_42_0,GUc
49,A_29_0,U_41_0,WCc
49,A_30_0,U_40_0,WWc
49,U_31_0,U_39_0,WWc
49,U_31_0,U_40_0,WWc
49,A_33_0,G_37_0,SSc
49,A_33_0,G_38_0,XXX
49,A_33_0,A_66_0,WHt
49,U_34_0,G_37_0,SSt
49,U_34_0,A_65_0,WHt
49,G_37_0,C_61_0,WCc
49,G_38_0,C_60_0,WCc
49,G_38_0,A_66_0,SWt
49,G_46_0,C_53_0,WCc
49,U_47_0,U_49_0,XXX
49,U_47_0,C_50_0,XXX
49,U_47_0,U_51_0,XXX
49,C_54_0,A_55_0,XXX
49,C_54_0,G_72_0,WCc
49,A_55_0,U_71_0,WCc
49,A_56_0,U_70_0,WCc
49,G_57_0,C_69_0,WCc
49,A_58_0,U_68_0,WCc
49,G_59_0,C_67_0,WCc
49,C_60_0,C_67_0,XXX
49,C_61_0,A_65_0,SWc
49,U_62_0,U_63_0,SHc
49,U_71_0,G_72_0,XXX
50,C_13_0,G_83_0,WCc
50,G_14_0,U_82_0,GUc
50,C_15_0,G_81_0,WWc
50,U_16_0,A_80_0,WCc
50,U_17_0,A_79_0,WCc
50,C_18_0,G_78_0,WCc
50,A_19_0,U_77_0,WCc
50,U_20_0,A_76_0,WWc
50,A_21_0,A_76_0,XXX
50,U_22_0,A_52_0,WCc
50,A_23_0,G_46_0,WSc
50,U_25_0,A_45_0,WCc
50,C_26_0,G_44_0,WCc
50,C_27_0,G_43_0,WCc
50,U_28_0,G_42_0,GUc
50,A_29_0,U_41_0,XXX
50,A_30_0,U_40_0,WWc
50,A_30_0,U_41_0,WWc
50,U_31_0,U_39_0,WWc
50,U_31_0,U_40_0,WWc
50,A_33_0,G_37_0,SSc
50,A_33_0,A_66_0,WHt
50,U_34_0,G_37_0,SSt
50,U_34_0,A_65_0,WHt
50,G_37_0,C_61_0,WCc
50,G_38_0,C_60_0,WCc
50,G_38_0,A_66_0,SWc
50,G_46_0,C_53_0,WCc
50,U_47_0,C_50_0,XXX
50,U_47_0,U_51_0,XXX
50,C_54_0,G_72_0,WCc
50,A_55_0,U_71_0,WCc
50,A_56_0,U_70_0,WCc
50,G_57_0,C_69_0,WCc
50,A_58_0,U_68_0,WCc
50,G_59_0,C_67_0,WCc
50,C_61_0,A_65_0,SWc
50,U_62_0,U_63_0,SHc
51,C_13_0,G_83_0,WWc
51,G_14_0,U_82_0,GUc
51,C_15_0,G_81_0,WCc
51,U_16_0,A_79_0,XXX
51,U_16_0,A_80_0,WCc
51,U_17_0,A_79_0,WCc
51,C_18_0,G_78_0,WCc
51,A_19_0,U_77_0,WCc
51,U_20_0,A_76_0,WWc
51,A_21_0,A_76_0,XXX
51,U_22_0,A_52_0,WCc
51,U_22_0,C_53_0,XXX
51,A_23_0,G_46_0,WSt
51,A_23_0,A_52_0,XXX
51,U_25_0,A_45_0,WCc
51,C_26_0,G_44_0,WCc
51,C_27_0,G_43_0,WCc
51,U_28_0,G_42_0,GUc
51,A_30_0,U_40_0,WCc
51,A_30_0,U_41_0,WWc
51,U_31_0,U_39_0,WWc
51,U_31_0,U_40_0,XXX
51,A_33_0,G_37_0,SSc
51,A_33_0,G_38_0,XXX
51,A_33_0,A_66_0,WHt
51,U_34_0,G_37_0,SSt
51,U_34_0,A_65_0,WHt
51,G_37_0,C_60_0,XXX
51,G_37_0,C_61_0,WCc
51,G_38_0,C_60_0,WCc
51,G_38_0,A_66_0,SWt
51,G_46_0,C_53_0,WCc
51,U_47_0,U_51_0,WHc
51,U_49_0,C_50_0,SHc
51,U_49_0,A_76_0,WSc
51,C_54_0,G_72_0,WWc
51,A_55_0,U_71_0,WWc
51,A_56_0,U_70_0,WCc
51,G_57_0,C_69_0,WCc
51,A_58_0,U_68_0,WCc
51,G_59_0,C_67_0,WCc
51,C_61_0,A_65_0,SWc
51,A_73_0,U_74_0,XXX
52,C_13_0,G_83_0,WCc
52,G_14_0,U_82_0,GUc
52,C_15_0,G_81_0,WCc
52,U_16_0,A_80_0,WCc
52,U_17_0,A_79_0,WCc
52,C_18_0,G_78_0,WCc
52,A_19_0,U_77_0,WCc
52,U_20_0,A_76_0,WWc
52,A_21_0,U_75_0,WCc
52,U_22_0,A_52_0,WCc
52,A_23_0,G_46_0,WSt
52,A_24_0,C_54_0,XXX
52,U_25_0,A_45_0,WCc
52,C_26_0,G_44_0,WWc
52,C_26_0,A_45_0,XXX
52,C_27_0,G_43_0,WCc
52,U_28_0,G_42_0,WWc
52,U_28_0,G_43_0,WWc
52,A_30_0,U_40_0,WCc
52,U_31_0,G_32_0,WHc
52,U_31_0,U_39_0,WWc
52,A_33_0,G_37_0,SSc
52,A_33_0,G_38_0,XXX
52,A_33_0,A_66_0,WHt
52,U_34_0,G_37_0,SSt
52,U_34_0,A_65_0,WHt
52,G_37_0,C_61_0,WCc
52,G_38_0,G_59_0,XXX
52,G_38_0,C_60_0,WCc
52,G_38_0,A_66_0,SWt
52,U_41_0,G_42_0,SHc
52,G_46_0,C_53_0,WCc
52,U_47_0,U_51_0,WHc
52,U_49_0,C_50_0,SHc
52,C_54_0,G_72_0,WCc
52,A_55_0,U_71_0,WCc
52,A_56_0,U_70_0,WCc
52,G_57_0,C_69_0,WCc
52,A_58_0,U_68_0,WCc
52,G_59_0,C_67_0,WCc
52,C_60_0,A_66_0,XXX
52,C_61_0,A_65_0,XXX
52,A_66_0,C_67_0,SHc
53,C_13_0,G_83_0,WCc
53,G_14_0,U_82_0,WWc
53,C_15_0,G_81_0,WWc
53,U_16_0,A_80_0,WWc
53,U_17_0,A_79_0,WCc
53,C_18_0,G_78_0,WCc
53,A_19_0,U_77_0,WCc
53,U_20_0,A_76_0,WWc
53,U_20_0,U_77_0,WWc
53,A_21_0,U_75_0,XXX
53,U_22_0,A_52_0,WCc
53,A_23_0,G_46_0,WSt
53,U_25_0,A_45_0,WCc
53,C_26_0,G_44_0,WCc
53,C_27_0,G_43_0,WCc
53,U_28_0,G_42_0,WWc
53,A_29_0,U_41_0,WWc
53,A_30_0,U_40_0,WWc
53,A_30_0,U_41_0,WWc
53,U_31_0,U_39_0,WWc
53,U_31_0,U_40_0,WWc
53,A_33_0,G_37_0,SSc
53,A_33_0,A_66_0,WHt
53,U_34_0,G_37_0,SSt
53,U_34_0,A_65_0,WHt
53,G_37_0,C_61_0,WCc
53,G_38_0,G_59_0,WHc
53,G_38_0,C_60_0,WCc
53,G_38_0,A_66_0,SWt
53,G_46_0,C_53_0,WCc
53,U_47_0,U_51_0,WHc
53,U_47_0,A_52_0,WWc
53,C_54_0,G_72_0,WCc
53,A_55_0,U_71_0,WCc
53,A_56_0,U_70_0,WCc
53,G_57_0,C_69_0,WCc
53,A_58_0,U_68_0,WWc
53,G_59_0,C_67_0,WCc
53,C_61_0,A_65_0,SWc
53,C_61_0,A_66_0,XXX
53,U_62_0,U_63_0,XXX
54,C_13_0,G_83_0,WCc
54,G_14_0,U_82_0,GUc
54,C_15_0,G_81_0,WCc
54,U_16_0,A_80_0,WCc
54,U_17_0,A_79_0,WCc
54,C_18_0,G_78_0,WCc
54,A_19_0,U_77_0,WCc
54,U_20_0,A_76_0,WCc
54,A_21_0,U_75_0,WCc
54,U_22_0,A_52_0,WWc
54,A_23_0,U_25_0,WSc
54,A_23_0,G_46_0,WSc
54,U_25_0,A_45_0,WCc
54,C_26_0,G_44_0,WCc
54,C_27_0,G_43_0,WCc
54,U_28_0,G_42_0,GUc
54,A_29_0,U_41_0,WWc
54,A_30_0,U_40_0,WWc
54,U_31_0,U_39_0,WWc
54,U_31_0,U_40_0,WWc
54,A_33_0,G_37_0,SSc
54,A_33_0,A_66_0,WHt
54,U_34_0,G_37_0,SSt
54,U_34_0,A_65_0,WHt
54,G_37_0,C_61_0,WCc
54,G_38_0,C_60_0,WCc
54,G_38_0,A_66_0,SWt
54,G_46_0,C_53_0,WCc
54,U_47_0,U_51_0,WWc
54,C_54_0,G_72_0,WCc
54,A_55_0,U_71_0,WCc
54,A_56_0,U_70_0,WCc
54,G_57_0,C_69_0,WCc
54,A_58_0,U_68_0,WCc
54,G_59_0,C_67_0,WCc
54,U_62_0,U_63_0,XXX
55,C_13_0,G_83_0,WCc
55,G_14_0,U_82_0,GUc
55,C_15_0,G_81_0,WCc
55,U_16_0,A_80_0,WCc
55,U_17_0,A_79_0,WCc
55,C_18_0,G_78_0,WCc
55,A_19_0,U_77_0,WCc
55,U_20_0,A_76_0,WCc
55,A_21_0,U_75_0,WCc
55,U_22_0,A_52_0,WWc
55,A_23_0,G_46_0,WSt
55,U_25_0,A_45_0,WCc
55,C_26_0,G_44_0,WCc
55,C_27_0,G_43_0,WCc
55,U_28_0,G_42_0,GUc
55,A_29_0,U_41_0,WCc
55,A_30_0,U_40_0,WCc
55,U_31_0,U_39_0,WWc
55,A_33_0,G_37_0,SSc
55,A_33_0,A_66_0,WHt
55,U_34_0,A_65_0,WHt
55,G_37_0,C_61_0,WCc
55,G_38_0,C_60_0,WCc
55,G_38_0,A_66_0,SWt
55,G_46_0,C_53_0,WCc
55,U_47_0,C_50_0,WHt
55,U_47_0,U_51_0,WHc
55,C_54_0,G_72_0,WCc
55,A_55_0,U_71_0,WCc
55,A_56_0,U_70_0,WCc
55,G_57_0,C_69_0,WWc
55,A_58_0,U_68_0,WCc
55,G_59_0,C_67_0,WCc
55,C_60_0,A_66_0,XXX
55,C_61_0,A_65_0,SWc
55,U_62_0,U_63_0,XXX
56,C_13_0,G_14_0,WHc
56,C_13_0,G_83_0,WCc
56,G_14_0,U_82_0,GUc
56,C_15_0,G_81_0,WCc
56,U_16_0,A_80_0,WCc
56,U_17_0,A_79_0,WCc
56,C_18_0,G_78_0,WCc
56,A_19_0,U_77_0,WCc
56,U_20_0,A_76_0,WWc
56,A_21_0,U_75_0,WCc
56,U_22_0,A_52_0,WCc
56,A_23_0,G_46_0,WSc
56,U_25_0,A_45_0,WCc
56,C_26_0,G_44_0,WCc
56,C_27_0,G_43_0,WCc
56,U_28_0,G_42_0,GUc
56,A_29_0,U_41_0,WWc
56,A_30_0,U_40_0,WCc
56,U_31_0,U_39_0,WWc
56,A_33_0,G_37_0,SSc
56,A_33_0,A_66_0,WHt
56,U_34_0,G_37_0,SSt
56,U_34_0,A_64_0,WWt
56,U_34_0,A_65_0,WHt
56,G_37_0,C_61_0,WCc
56,G_38_0,C_60_0,WCc
56,G_38_0,A_66_0,SWt
56,A_45_0,C_53_0,XXX
56,G_46_0,C_53_0,WCc
56,C_54_0,G_72_0,WCc
56,A_55_0,U_71_0,WCc
56,A_56_0,U_70_0,WCc
56,G_57_0,C_69_0,WCc
56,A_58_0,U_68_0,WCc
56,G_59_0,C_67_0,WCc
56,C_60_0,A_66_0,XXX
56,C_61_0,A_65_0,XXX
57,C_13_0,G_83_0,WCc
57,G_14_0,U_82_0,GUc
57,C_15_0,G_81_0,WCc
57,U_16_0,A_80_0,WWc
57,U_17_0,A_79_0,WCc
57,C_18_0,G_78_0,WCc
57,A_19_0,U_77_0,WCc
57,U_20_0,A_76_0,WWc
57,A_21_0,U_75_0,WCc
57,U_22_0,A_52_0,WWc
57,A_23_0,G_46_0,WSt
57,U_25_0,A_45_0,WCc
57,C_26_0,G_44_0,WCc
57,C_27_0,G_43_0,WCc
57,U_28_0,G_42_0,GUc
57,A_30_0,U_40_0,WCc
57,U_31_0,U_39_0,WWc
57,A_33_0,G_37_0,SSc
57,A_33_0,A_66_0,WHt
57,U_34_0,G_37_0,SSt
57,U_34_0,A_65_0,WHt
57,G_37_0,C_61_0,WCc
57,G_38_0,C_60_0,WCc
57,G_38_0,A_66_0,SWt
57,U_41_0,G_42_0,XXX
57,G_46_0,C_53_0,WCc
57,U_47_0,C_50_0,XXX
57,C_54_0,G_72_0,WCc
57,A_55_0,U_71_0,WWc
57,A_56_0,U_70_0,WCc
57,G_57_0,C_69_0,WCc
57,A_58_0,U_68_0,WCc
57,G_59_0,C_67_0,WCc
57,C_60_0,A_66_0,XXX
57,C_61_0,A_65_0,SWc
57,U_74_0,U_75_0,XXX
58,C_13_0,G_83_0,WCc
58,G_14_0,U_82_0,GUc
58,C_15_0,G_81_0,WCc
58,U_16_0,A_80_0,WCc
58,U_17_0,A_79_0,WCc
58,C_18_0,G_78_0,WCc
58,A_19_0,U_77_0,WWc
58,U_20_0,A_76_0,WCc
58,U_20_0,U_77_0,XXX
58,A_21_0,U_75_0,WCc
58,U_22_0,A_52_0,WCc
58,A_23_0,G_46_0,WSt
58,A_23_0,A_52_0,XXX
58,U_25_0,A_45_0,WCc
58,C_26_0,G_44_0,WCc
58,C_27_0,G_43_0,WCc
58,U_28_0,G_42_0,GUc
58,A_29_0,U_41_0,WWc
58,A_30_0,U_40_0,WCc
58,A_30_0,U_41_0,WWc
58,U_31_0,U_39_0,WWc
58,A_33_0,G_37_0,SSc
58,A_33_0,G_38_0,XXX
58,A_33_0,A_66_0,WHt
58,U_34_0,G_37_0,SSt
58,U_34_0,A_65_0,WHt
58,G_37_0,C_61_0,WCc
58,G_38_0,C_60_0,WCc
58,G_38_0,A_66_0,SWt
58,G_38_0,C_67_0,SWc
58,G_46_0,C_53_0,WCc
58,C_54_0,G_72_0,WCc
58,A_55_0,U_71_0,WCc
58,A_56_0,U_70_0,WCc
58,G_57_0,C_69_0,WCc
58,A_58_0,U_68_0,WCc
58,G_59_0,C_67_0,WWc
58,C_61_0,A_65_0,SWc
58,U_62_0,U_63_0,SHc
59,C_13_0,G_83_0,WCc
59,G_14_0,U_82_0,GUc
59,C_15_0,G_81_0,WCc
59,U_16_0,A_80_0,WCc
59,U_17_0,A_79_0,WCc
59,C_18_0,G_78_0,WCc
59,A_19_0,U_77_0,WWc
59,U_20_0,A_76_0,WCc
59,U_20_0,U_77_0,XXX
59,A_21_0,U_75_0,WWc
59,U_22_0,A_52_0,WCc
59,A_23_0,G_46_0,WSt
59,A_24_0,C_54_0,SWt
59,U_25_0,A_45_0,WCc
59,C_26_0,G_44_0,WCc
59,C_27_0,G_43_0,WCc
59,U_28_0,G_42_0,GUc
59,A_29_0,U_41_0,WCc
59,A_30_0,U_40_0,WCc
59,U_31_0,U_39_0,WWc
59,A_33_0,G_37_0,SSc
59,A_33_0,A_66_0,WHt
59,U_34_0,G_37_0,SSt
59,U_34_0,A_65_0,WHt
59,G_37_0,C_61_0,WCc
59,G_38_0,C_60_0,WWc
59,G_38_0,A_66_0,SWt
59,G_46_0,C_53_0,WCc
59,U_47_0,C_50_0,SHt
59,U_51_0,U_75_0,XXX
59,C_54_0,G_72_0,WCc
59,A_55_0,U_71_0,WCc
59,A_56_0,C_69_0,XXX
59,A_56_0,U_70_0,WWc
59,G_57_0,C_69_0,WCc
59,A_58_0,U_68_0,WCc
59,G_59_0,C_67_0,WCc
59,C_61_0,A_65_0,SWc
59,U_62_0,U_63_0,SHc
60,C_13_0,G_14_0,XXX
60,C_13_0,G_83_0,WCc
60,G_14_0,U_82_0,GUc
60,C_15_0,G_81_0,WCc
60,U_16_0,A_80_0,WCc
60,U_17_0,A_79_0,WCc
60,C_18_0,G_78_0,WCc
60,A_19_0,U_77_0,WCc
60,U_20_0,A_76_0,WCc
60,A_21_0,U_75_0,WWc
60,U_22_0,A_52_0,WCc
60,A_23_0,G_46_0,WSt
60,A_23_0,C_53_0,XXX
60,U_25_0,A_45_0,WCc
60,C_26_0,G_44_0,WCc
60,C_27_0,G_43_0,WCc
60,U_28_0,G_42_0,GUc
60,A_29_0,U_41_0,WCc
60,A_30_0,U_40_0,WCc
60,U_31_0,U_39_0,WWc
60,A_33_0,G_37_0,SSc
60,A_33_0,A_66_0,WHt
60,U_34_0,G_37_0,SSt
60,U_34_0,A_65_0,WHt
60,G_37_0,C_60_0,WWc
60,G_37_0,C_61_0,WWc
60,G_38_0,G_59_0,XXX
60,G_38_0,C_60_0,WCc
60,G_38_0,A_66_0,SWt
60,G_46_0,C_53_0,WCc
60,C_54_0,G_72_0,WWc
60,A_55_0,U_71_0,WCc
60,A_56_0,U_70_0,WCc
60,G_57_0,C_69_0,WCc
60,A_58_0,U_68_0,WCc
60,G_59_0,C_67_0,WCc
60,C_60_0,A_66_0,XXX
60,C_61_0,A_65_0,XXX
61,C_13_0,G_83_0,WCc
61,G_14_0,U_82_0,GUc
61,C_15_0,A_80_0,XXX
61,C_15_0,G_81_0,WCc
61,U_16_0,A_80_0,WCc
61,U_17_0,A_79_0,WCc
61,C_18_0,G_78_0,WCc
61,A_19_0,U_77_0,WCc
61,U_20_0,A_76_0,WCc
61,A_21_0,U_75_0,WWc
61,U_22_0,U_47_0,XXX
61,U_22_0,A_52_0,WCc
61,A_23_0,G_46_0,WSc
61,U_25_0,A_45_0,WCc
61,C_26_0,G_44_0,WCc
61,C_27_0,G_43_0,WCc
61,U_28_0,G_42_0,GUc
61,A_29_0,U_41_0,WCc
61,A_30_0,U_40_0,WCc
61,U_31_0,U_39_0,WWc
61,A_33_0,A_66_0,WHt
61,U_34_0,G_37_0,SSt
61,U_34_0,A_65_0,WHt
61,G_37_0,C_61_0,WCc
61,G_38_0,C_60_0,WCc
61,G_38_0,A_66_0,SWt
61,U_41_0,G_42_0,WHc
61,G_46_0,C_53_0,WCc
61,U_51_0,U_75_0,WSc
61,C_54_0,G_72_0,WCc
61,A_55_0,U_71_0,WCc
61,A_56_0,U_70_0,WCc
61,G_57_0,C_69_0,WCc
61,A_58_0,U_68_0,WCc
61,G_59_0,C_67_0,WCc
61,C_61_0,A_65_0,SWc
61,U_62_0,U_63_0,XXX
62,C_13_0,G_83_0,WWc
62,G_14_0,U_82_0,GUc
62,C_15_0,G_81_0,WCc
62,U_16_0,A_80_0,WCc
62,U_17_0,A_79_0,WCc
62,C_18_0,G_78_0,WCc
62,A_19_0,U_77_0,WCc
62,U_20_0,A_76_0,WCc
62,A_21_0,U_75_0,WWc
62,U_22_0,U_47_0,XXX
62,U_22_0,C_53_0,WWc
62,A_23_0,G_46_0,WSt
62,A_23_0,C_53_0,XXX
62,A_24_0,C_54_0,XXX
62,U_25_0,A_45_0,WCc
62,C_26_0,G_44_0,WCc
62,C_27_0,G_43_0,WCc
62,U_28_0,G_42_0,GUc
62,A_29_0,U_41_0,WCc
62,A_30_0,U_40_0,WCc
62,U_31_0,U_39_0,WWc
62,U_31_0,U_40_0,WWc
62,A_33_0,G_37_0,SSc
62,A_33_0,A_66_0,WHt
62,U_34_0,G_37_0,SSt
62,U_34_0,A_65_0,WHt
62,G_37_0,C_61_0,WCc
62,G_38_0,C_60_0,WCc
62,G_38_0,A_66_0,XXX
62,G_46_0,C_53_0,WWc
62,U_49_0,A_76_0,WSc
62,C_54_0,G_72_0,WCc
62,A_55_0,U_71_0,WCc
62,A_56_0,U_70_0,WCc
62,G_57_0,C_69_0,WCc
62,A_58_0,U_68_0,WCc
62,G_59_0,C_67_0,WCc
62,C_61_0,A_65_0,SWc
63,C_13_0,G_83_0,WCc
63,G_14_0,U_82_0,GUc
63,C_15_0,G_81_0,WCc
63,U_16_0,A_80_0,WCc
63,U_17_0,A_79_0,WCc
63,C_18_0,G_78_0,WCc
63,C_18_0,A_79_0,XXX
63,A_19_0,U_77_0,WCc
63,U_20_0,A_76_0,WWc
63,A_21_0,U_75_0,WCc
63,A_21_0,A_76_0,XXX
63,U_22_0,C_53_0,WWc
63,A_23_0,G_46_0,WSc
63,A_23_0,C_53_0,XXX
63,U_25_0,A_45_0,WCc
63,C_26_0,G_44_0,WCc
63,C_27_0,G_43_0,WCc
63,U_28_0,G_42_0,GUc
63,A_29_0,U_41_0,WWc
63,A_30_0,U_40_0,WCc
63,A_30_0,U_41_0,WWc
63,U_31_0,U_39_0,WWc
63,A_33_0,G_37_0,SSc
63,A_33_0,G_38_0,XXX
63,A_33_0,A_66_0,WHt
63,U_34_0,G_37_0,SSt
63,U_34_0,A_65_0,WHt
63,G_37_0,C_61_0,WCc
63,G_38_0,C_60_0,WCc
63,G_38_0,A_66_0,SWt
63,G_46_0,C_53_0,WWc
63,U_49_0,A_76_0,WSc
63,C_54_0,G_72_0,WCc
63,A_55_0,U_71_0,WCc
63,A_56_0,U_70_0,WCc
63,G_57_0,C_69_0,WCc
63,A_58_0,U_68_0,WCc
63,G_59_0,C_67_0,WCc
63,C_61_0,A_65_0,SWc
63,A_64_0,A_65_0,XXX
64,C_13_0,G_83_0,WWc
64,G_14_0,U_82_0,GUc
64,C_15_0,G_81_0,WCc
64,U_16_0,A_80_0,WCc
64,U_17_0,A_79_0,WCc
64,C_18_0,G_78_0,WCc
64,A_19_0,U_77_0,WCc
64,U_20_0,A_76_0,WCc
64,A_21_0,U_75_0,WCc
64,U_22_0,A_52_0,WCc
64,U_22_0,C_53_0,WWc
64,A_23_0,G_46_0,WSc
64,A_23_0,C_53_0,XXX
64,U_25_0,A_45_0,WCc
64,C_26_0,G_44_0,WWc
64,C_26_0,A_45_0,WWc
64,C_27_0,G_43_0,WCc
64,U_28_0,G_42_0,GUc
64,A_29_0,U_41_0,WCc
64,A_30_0,U_40_0,WCc
64,U_31_0,U_39_0,WWc
64,A_33_0,G_37_0,SSc
64,A_33_0,G_38_0,XXX
64,A_33_0,A_66_0,WHt
64,U_34_0,G_37_0,SSt
64,U_34_0,A_65_0,WHt
64,G_37_0,C_61_0,WCc
64,G_38_0,C_60_0,WCc
64,G_38_0,A_66_0,SWt
64,G_46_0,C_53_0,WWc
64,C_50_0,U_51_0,SHc
64,C_50_0,A_52_0,WHc
64,U_51_0,U_74_0,WSc
64,C_54_0,G_72_0,WCc
64,A_55_0,U_71_0,WCc
64,A_56_0,U_70_0,WCc
64,G_57_0,C_69_0,WCc
64,A_58_0,U_68_0,WCc
64,G_59_0,C_67_0,WCc
64,C_60_0,A_66_0,XXX
64,C_61_0,A_65_0,SWc
65,C_13_0,G_83_0,WCc
65,G_14_0,U_82_0,GUc
65,C_15_0,G_81_0,WCc
65,U_16_0,A_80_0,WCc
65,U_17_0,A_79_0,WCc
65,C_18_0,G_78_0,WCc
65,A_19_0,U_77_0,WCc
65,U_20_0,A_76_0,WCc
65,U_20_0,U_77_0,XXX
65,A_21_0,U_75_0,WCc
65,U_22_0,U_47_0,XXX
65,U_22_0,A_52_0,WWc
65,U_22_0,C_53_0,XXX
65,A_23_0,G_46_0,WSc
65,A_23_0,C_53_0,XXX
65,U_25_0,A_45_0,WCc
65,C_26_0,G_44_0,WCc
65,C_27_0,G_43_0,WCc
65,U_28_0,G_42_0,GUc
65,A_29_0,U_41_0,WCc
65,A_30_0,U_40_0,WCc
65,U_31_0,U_39_0,WWc
65,A_33_0,G_37_0,SSc
65,A_33_0,G_38_0,XXX
65,A_33_0,A_66_0,WHt
65,U_34_0,A_65_0,WHt
65,G_37_0,C_61_0,WCc
65,G_38_0,G_59_0,XXX
65,G_38_0,C_60_0,WCc
65,G_38_0,A_66_0,SWt
65,G_46_0,C_53_0,WWc
65,C_50_0,U_75_0,WSc
65,C_54_0,G_72_0,WCc
65,A_55_0,U_71_0,WCc
65,A_56_0,U_70_0,WCc
65,G_57_0,C_69_0,WCc
65,A_58_0,U_68_0,WCc
65,G_59_0,C_67_0,WCc
65,C_60_0,A_66_0,XXX
65,C_61_0,A_65_0,SWc
66,C_13_0,G_83_0,WCc
66,G_14_0,U_82_0,GUc
66,C_15_0,G_81_0,WCc
66,U_16_0,A_80_0,WCc
66,U_17_0,A_79_0,WCc
66,C_18_0,G_78_0,WCc
66,A_19_0,U_77_0,WCc
66,U_20_0,A_76_0,WCc
66,U_20_0,U_77_0,WWc
66,A_21_0,U_75_0,WCc
66,U_22_0,A_52_0,WCc
66,A_23_0,G_46_0,WSc
66,A_23_0,C_53_0,XXX
66,A_24_0,C_54_0,SWt
66,U_25_0,A_45_0,WCc
66,U_25_0,C_53_0,XXX
66,C_26_0,G_44_0,WCc
66,C_27_0,G_43_0,WCc
66,U_28_0,G_42_0,GUc
66,A_29_0,U_41_0,WCc
66,A_30_0,U_40_0,WCc
66,U_31_0,U_39_0,WWc
66,A_33_0,G_37_0,SSc
66,A_33_0,A_66_0,WHt
66,U_34_0,G_37_0,SSt
66,U_34_0,A_65_0,WHt
66,G_37_0,C_61_0,WCc
66,G_38_0,C_60_0,WCc
66,G_38_0,A_66_0,SWt
66,G_46_0,C_53_0,WWc
66,C_50_0,U_75_0,WSc
66,U_51_0,U_74_0,WSc
66,C_54_0,G_72_0,WCc
66,A_55_0,U_71_0,WWc
66,A_56_0,U_70_0,WCc
66,G_57_0,C_69_0,WCc
66,A_58_0,U_68_0,WCc
66,G_59_0,C_67_0,WCc
66,C_61_0,A_65_0,XXX
67,C_13_0,G_83_0,WCc
67,G_14_0,U_82_0,GUc
67,C_15_0,G_81_0,WCc
67,U_16_0,A_80_0,WCc
67,U_17_0,A_79_0,WCc
67,C_18_0,G_78_0,WCc
67,A_19_0,U_77_0,WCc
67,U_20_0,A_76_0,WCc
67,A_21_0,U_75_0,WCc
67,U_22_0,A_52_0,WWc
67,U_22_0,C_53_0,WWc
67,A_23_0,G_46_0,WSt
67,A_23_0,C_53_0,XXX
67,U_25_0,A_45_0,WCc
67,U_25_0,C_53_0,XXX
67,C_26_0,G_44_0,WCc
67,C_27_0,G_43_0,WCc
67,U_28_0,G_42_0,GUc
67,A_29_0,U_41_0,WCc
67,A_30_0,U_40_0,WCc
67,U_31_0,U_39_0,WWc
67,A_33_0,G_37_0,SSc
67,A_33_0,G_38_0,XXX
67,A_33_0,A_66_0,WHt
67,U_34_0,A_35_0,SHc
67,U_34_0,G_37_0,SSt
67,U_34_0,A_65_0,WHt
67,G_37_0,C_60_0,WWc
67,G_37_0,C_61_0,WCc
67,G_38_0,G_59_0,WHc
67,G_38_0,C_60_0,WCc
67,G_38_0,A_66_0,SWc
67,G_46_0,C_53_0,WWc
67,C_50_0,U_51_0,XXX
67,C_50_0,U_75_0,WSc
67,C_54_0,G_72_0,WCc
67,A_55_0,U_71_0,WCc
67,A_56_0,U_70_0,WCc
67,G_57_0,C_69_0,WCc
67,A_58_0,U_68_0,WCc
67,G_59_0,C_67_0,WCc
67,C_60_0,A_66_0,XXX
67,C_61_0,A_65_0,SWc
68,C_13_0,G_83_0,WCc
68,G_14_0,U_82_0,GUc
68,C_15_0,G_81_0,WCc
68,U_16_0,A_80_0,WCc
68,U_17_0,A_79_0,WCc
68,C_18_0,G_78_0,WCc
68,A_19_0,U_77_0,WCc
68,U_20_0,A_76_0,WCc
68,A_21_0,U_75_0,WCc
68,U_22_0,A_52_0,WCc
68,A_23_0,G_46_0,WSc
68,U_25_0,A_45_0,WCc
68,C_26_0,G_44_0,WCc
68,C_27_0,G_43_0,WCc
68,U_28_0,G_42_0,GUc
68,A_29_0,U_41_0,WWc
68,A_30_0,U_40_0,WWc
68,A_30_0,U_41_0,WWc
68,U_31_0,U_39_0,WWc
68,U_31_0,U_40_0,WWc
68,A_33_0,G_37_0,SSc
68,A_33_0,A_66_0,WHt
68,U_34_0,G_37_0,SSt
68,U_34_0,A_65_0,WHt
68,G_37_0,C_61_0,WCc
68,G_38_0,C_60_0,WCc
68,G_38_0,A_66_0,SWt
68,G_46_0,C_53_0,WCc
68,U_49_0,A_76_0,WSc
68,C_54_0,G_72_0,WCc
68,A_55_0,U_71_0,WCc
68,A_56_0,U_70_0,WCc
68,G_57_0,C_69_0,WCc
68,A_58_0,U_68_0,WCc
68,G_59_0,C_67_0,WCc
68,C_61_0,A_65_0,SWc
69,C_13_0,G_83_0,WCc
69,G_14_0,U_82_0,GUc
69,C_15_0,G_81_0,WCc
69,U_16_0,A_80_0,WCc
69,U_17_0,A_79_0,WCc
69,C_18_0,G_78_0,WCc
69,A_19_0,U_77_0,WCc
69,U_20_0,A_76_0,WCc
69,A_21_0,U_75_0,WWc
69,U_22_0,A_52_0,WCc
69,A_23_0,G_46_0,WSc
69,A_23_0,A_52_0,XXX
69,U_25_0,A_45_0,WCc
69,C_26_0,G_44_0,WCc
69,C_27_0,G_43_0,WCc
69,U_28_0,G_42_0,GUc
69,A_29_0,U_41_0,WCc
69,A_30_0,U_40_0,WCc
69,U_31_0,U_39_0,WWc
69,A_33_0,G_37_0,SSc
69,A_33_0,A_66_0,WHt
69,U_34_0,G_37_0,SSt
69,U_34_0,A_65_0,WHt
69,A_35_0,A_64_0,HHc
69,G_37_0,C_61_0,WCc
69,G_38_0,C_60_0,WCc
69,G_38_0,A_66_0,SWt
69,G_46_0,C_53_0,WCc
69,U_47_0,C_53_0,XXX
69,U_51_0,U_75_0,XXX
69,C_54_0,A_55_0,XXX
69,C_54_0,G_72_0,WCc
69,A_55_0,U_71_0,WCc
69,A_56_0,U_70_0,WCc
69,G_57_0,C_69_0,WCc
69,A_58_0,U_68_0,WWc
69,G_59_0,C_67_0,WCc
69,C_61_0,A_65_0,SWc
70,C_13_0,G_83_0,WCc
70,G_14_0,U_82_0,GUc
70,C_15_0,G_81_0,WCc
70,U_16_0,A_80_0,WCc
70,U_17_0,A_79_0,WCc
70,C_18_0,G_78_0,WCc
70,A_19_0,U_77_0,WCc
70,U_20_0,A_76_0,WCc
70,A_21_0,U_75_0,XXX
70,U_22_0,U_47_0,XXX
70,U_22_0,A_52_0,WCc
70,A_23_0,G_46_0,WSt
70,A_23_0,A_52_0,XXX
70,U_25_0,A_45_0,WWc
70,C_26_0,G_44_0,WCc
70,C_27_0,G_43_0,WCc
70,U_28_0,G_42_0,GUc
70,A_29_0,U_41_0,WCc
70,A_30_0,U_40_0,WCc
70,U_31_0,U_39_0,WWc
70,A_33_0,G_38_0,XXX
70,A_33_0,A_66_0,WHt
70,U_34_0,G_37_0,SSt
70,U_34_0,A_65_0,WHt
70,G_37_0,C_60_0,WWc
70,G_37_0,C_61_0,WWc
70,G_38_0,G_59_0,WHt
70,G_38_0,C_60_0,WCc
70,G_38_0,A_66_0,SWt
70,G_46_0,C_53_0,WCc
70,U_49_0,A_76_0,XXX
70,C_54_0,A_55_0,XXX
70,C_54_0,G_72_0,WCc
70,A_55_0,U_71_0,WCc
70,A_56_0,C_69_0,XXX
70,A_56_0,U_70_0,WCc
70,G_57_0,C_69_0,WCc
70,A_58_0,U_68_0,WWc
70,G_59_0,C_67_0,WCc
70,C_61_0,A_65_0,XXX
71,C_13_0,G_83_0,WCc
71,G_14_0,U_82_0,GUc
71,C_15_0,G_81_0,WCc
71,U_16_0,A_80_0,WCc
71,U_17_0,A_79_0,WCc
71,C_18_0,G_78_0,WCc
71,A_19_0,U_77_0,WWc
71,U_20_0,A_76_0,WCc
71,U_20_0,U_77_0,XXX
71,A_21_0,U_75_0,WWc
71,U_22_0,A_52_0,WCc
71,A_23_0,G_46_0,WSt
71,U_25_0,A_45_0,WCc
71,C_26_0,G_44_0,WCc
71,C_27_0,G_43_0,WCc
71,U_28_0,G_42_0,GUc
71,A_29_0,U_41_0,WCc
71,A_30_0,U_40_0,WCc
71,U_31_0,U_39_0,WWc
71,A_33_0,G_37_0,SSc
71,A_33_0,G_38_0,XXX
71,A_33_0,A_66_0,WHt
71,U_34_0,G_37_0,SSt
71,U_34_0,A_65_0,WHt
71,A_35_0,A_64_0,HHc
71,G_37_0,C_60_0,WWc
71,G_37_0,C_61_0,WCc
71,G_38_0,G_59_0,WHc
71,G_38_0,C_60_0,WCc
71,G_38_0,A_66_0,SWt
71,G_46_0,C_53_0,WCc
71,U_51_0,U_75_0,XXX
71,C_54_0,G_72_0,WCc
71,A_55_0,U_71_0,WCc
71,A_56_0,U_70_0,WCc
71,G_57_0,C_69_0,WCc
71,A_58_0,U_68_0,WWc
71,G_59_0,C_67_0,WCc
71,C_60_0,A_66_0,XXX
71,C_61_0,A_65_0,SWc
72,C_13_0,U_82_0,XXX
72,C_13_0,G_83_0,WWc
72,G_14_0,U_82_0,GUc
72,C_15_0,G_81_0,WCc
72,U_16_0,A_80_0,WCc
72,U_17_0,A_79_0,WCc
72,C_18_0,G_78_0,WCc
72,A_19_0,U_77_0,WCc
72,U_20_0,A_76_0,WWc
72,A_21_0,U_75_0,WWc
72,U_22_0,C_53_0,WWc
72,A_23_0,G_46_0,WSc
72,U_25_0,A_45_0,WCc
72,C_26_0,G_44_0,WCc
72,C_27_0,G_43_0,WCc
72,U_28_0,G_42_0,GUc
72,A_29_0,U_41_0,WCc
72,A_30_0,U_40_0,WWc
72,U_31_0,U_39_0,WWc
72,U_31_0,U_40_0,XXX
72,A_33_0,G_37_0,SSc
72,A_33_0,G_38_0,XXX
72,A_33_0,A_66_0,WHt
72,U_34_0,A_35_0,SHc
72,U_34_0,A_65_0,WHt
72,G_37_0,C_61_0,WCc
72,G_38_0,G_59_0,WHt
72,G_38_0,C_60_0,WCc
72,G_38_0,A_66_0,SWt
72,G_46_0,C_53_0,WWc
72,C_54_0,G_72_0,WCc
72,A_55_0,U_71_0,WCc
72,A_56_0,U_70_0,WCc
72,G_57_0,C_69_0,WCc
72,A_58_0,U_68_0,WWc
72,G_59_0,C_67_0,WCc
72,C_61_0,A_65_0,SWc
73,C_13_0,G_83_0,WCc
73,G_14_0,U_82_0,GUc
73,C_15_0,G_81_0,WCc
73,U_16_0,A_80_0,WCc
73,U_17_0,A_79_0,WCc
73,C_18_0,G_78_0,WCc
73,A_19_0,U_77_0,WWc
73,U_20_0,A_76_0,WWc
73,A_21_0,U_75_0,WCc
73,U_22_0,U_47_0,XXX
73,U_22_0,A_52_0,WCc
73,A_23_0,G_46_0,WSc
73,U_25_0,A_45_0,WCc
73,U_25_0,C_53_0,XXX
73,C_26_0,G_44_0,WCc
73,C_27_0,G_43_0,WCc
73,U_28_0,G_42_0,GUc
73,A_29_0,U_41_0,WCc
73,A_30_0,U_40_0,WCc
73,A_30_0,U_41_0,WWc
73,U_31_0,U_39_0,WWc
73,A_33_0,G_37_0,SSc
73,A_33_0,A_66_0,WHt
73,U_34_0,G_37_0,SSt
73,U_34_0,A_65_0,WHt
73,G_37_0,C_61_0,WCc
73,G_38_0,C_60_0,WCc
73,G_38_0,A_66_0,SWt
73,G_46_0,C_53_0,WCc
73,U_51_0,U_75_0,XXX
73,C_54_0,G_72_0,WCc
73,A_55_0,U_71_0,WCc
73,A_56_0,U_70_0,WCc
73,G_57_0,C_69_0,WWc
73,A_58_0,U_68_0,WWc
73,G_59_0,C_67_0,WWc
73,C_61_0,A_65_0,SWc
74,C_13_0,G_83_0,WCc
74,G_14_0,U_82_0,GUc
74,C_15_0,G_81_0,WCc
74,U_16_0,A_80_0,WCc
74,U_17_0,A_79_0,WWc
74,C_18_0,G_78_0,WCc
74,A_19_0,U_77_0,WCc
74,U_20_0,A_76_0,WCc
74,A_21_0,U_75_0,WCc
74,U_22_0,U_47_0,XXX
74,U_22_0,A_52_0,WCc
74,A_23_0,G_46_0,WSc
74,U_25_0,A_45_0,WCc
74,U_25_0,C_53_0,XXX
74,C_26_0,G_44_0,WCc
74,C_27_0,G_43_0,WCc
74,U_28_0,G_42_0,GUc
74,A_29_0,U_41_0,WCc
74,A_30_0,U_40_0,WWc
74,U_31_0,U_39_0,WWc
74,A_33_0,G_37_0,SSc
74,A_33_0,G_38_0,XXX
74,A_33_0,A_66_0,WHt
74,U_34_0,A_35_0,SHc
74,U_34_0,G_37_0,SSt
74,U_34_0,A_65_0,WHt
74,G_37_0,C_60_0,WWc
74,G_37_0,C_61_0,WCc
74,G_38_0,C_60_0,WCc
74,G_38_0,A_66_0,SWt
74,G_46_0,C_53_0,WCc
74,U_47_0,U_51_0,XXX
74,U_49_0,A_76_0,WSt
74,C_54_0,G_72_0,WCc
74,A_55_0,U_71_0,WCc
74,A_56_0,U_70_0,WCc
74,A_56_0,U_71_0,WWc
74,G_57_0,C_69_0,WCc
74,A_58_0,U_68_0,WWc
74,G_59_0,C_67_0,WCc
74,C_60_0,A_66_0,XXX
74,C_61_0,A_65_0,SWc
75,C_13_0,G_83_0,WCc
75,G_14_0,U_82_0,WWc
75,C_15_0,G_81_0,WCc
75,U_16_0,A_80_0,WCc
75,U_17_0,A_79_0,WCc
75,C_18_0,G_78_0,WCc
75,A_19_0,U_77_0,WCc
75,U_20_0,A_76_0,WCc
75,A_21_0,U_75_0,WCc
75,U_22_0,U_47_0,XXX
75,U_22_0,A_52_0,WCc
75,A_23_0,G_46_0,WSc
75,A_23_0,A_52_0,XXX
75,U_25_0,A_45_0,WCc
75,C_26_0,G_44_0,WCc
75,C_27_0,G_43_0,WCc
75,U_28_0,G_42_0,GUc
75,A_29_0,U_41_0,WCc
75,A_30_0,U_40_0,WWc
75,U_31_0,U_39_0,WWc
75,U_31_0,U_40_0,WWc
75,A_33_0,G_38_0,XXX
75,A_33_0,A_66_0,WHt
75,U_34_0,A_35_0,XXX
75,U_34_0,G_37_0,SSt
75,U_34_0,A_65_0,WHt
75,G_37_0,C_60_0,WWc
75,G_37_0,C_61_0,WWc
75,G_38_0,C_60_0,WCc
75,G_38_0,A_66_0,SWt
75,G_46_0,C_53_0,WWc
75,U_47_0,U_51_0,XXX
75,U_51_0,A_52_0,WHc
75,C_54_0,G_72_0,WCc
75,A_55_0,U_71_0,WCc
75,A_56_0,U_70_0,WCc
75,G_57_0,C_69_0,WCc
75,A_58_0,U_68_0,WWc
75,G_59_0,C_67_0,WCc
75,C_60_0,A_66_0,XXX
75,C_61_0,A_65_0,XXX
76,C_13_0,G_83_0,WWc
76,G_14_0,U_82_0,GUc
76,C_15_0,G_81_0,WCc
76,U_16_0,A_80_0,WCc
76,U_17_0,A_79_0,WCc
76,C_18_0,G_78_0,WCc
76,A_19_0,U_77_0,WCc
76,U_20_0,A_76_0,WCc
76,A_21_0,U_75_0,WWc
76,U_22_0,U_47_0,HSc
76,U_22_0,A_52_0,WCc
76,A_23_0,G_46_0,WSt
76,U_25_0,A_45_0,WCc
76,C_26_0,G_44_0,WCc
76,C_27_0,G_43_0,WCc
76,U_28_0,G_42_0,GUc
76,A_29_0,U_41_0,WCc
76,A_30_0,U_40_0,WCc
76,U_31_0,U_39_0,WWc
76,U_31_0,U_40_0,WWc
76,A_33_0,G_37_0,SSc
76,A_33_0,A_66_0,WHt
76,U_34_0,G_37_0,SSt
76,U_34_0,A_65_0,WHt
76,A_35_0,U_62_0,XXX
76,G_37_0,C_60_0,WWc
76,G_37_0,C_61_0,WCc
76,G_37_0,A_66_0,XXX
76,G_38_0,C_60_0,WCc
76,G_38_0,A_66_0,SWt
76,G_46_0,C_53_0,WCc
76,U_47_0,U_51_0,XXX
76,C_54_0,G_72_0,WWc
76,A_55_0,U_71_0,WCc
76,A_56_0,U_70_0,WCc
76,G_57_0,C_69_0,WCc
76,A_58_0,U_68_0,WWc
76,G_59_0,C_67_0,WCc
76,C_61_0,A_65_0,SWc
77,C_13_0,G_83_0,WCc
77,G_14_0,U_82_0,GUc
77,C_15_0,G_81_0,WCc
77,U_16_0,A_80_0,WCc
77,U_17_0,A_79_0,WCc
77,C_18_0,G_78_0,WCc
77,A_19_0,U_77_0,WCc
77,U_20_0,A_76_0,WCc
77,U_20_0,U_77_0,XXX
77,A_21_0,U_75_0,WCc
77,U_22_0,A_52_0,WCc
77,A_23_0,G_46_0,WSt
77,A_23_0,A_52_0,XXX
77,U_25_0,A_45_0,WCc
77,U_25_0,C_53_0,XXX
77,C_26_0,G_44_0,WCc
77,C_27_0,G_43_0,WCc
77,U_28_0,G_42_0,GUc
77,A_29_0,U_41_0,WCc
77,A_30_0,U_40_0,WCc
77,U_31_0,U_39_0,WWc
77,A_33_0,G_37_0,SSc
77,A_33_0,G_38_0,XXX
77,A_33_0,A_66_0,WHt
77,U_34_0,G_37_0,SSt
77,U_34_0,A_65_0,WHt
77,G_37_0,C_60_0,WWc
77,G_37_0,C_61_0,WCc
77,G_38_0,C_60_0,WWc
77,G_38_0,A_66_0,SWt
77,G_46_0,C_53_0,WCc
77,U_47_0,U_51_0,WWc
77,U_49_0,A_76_0,WSc
77,C_54_0,G_72_0,WCc
77,A_55_0,U_71_0,WCc
77,A_56_0,U_70_0,WCc
77,G_57_0,C_69_0,WCc
77,A_58_0,U_68_0,WWc
77,G_59_0,C_67_0,WCc
77,C_61_0,A_65_0,SWc
78,C_13_0,G_83_0,WWc
78,G_14_0,U_82_0,GUc
78,C_15_0,G_81_0,WCc
78,U_16_0,A_80_0,WCc
78,U_17_0,A_79_0,WCc
78,C_18_0,G_78_0,WCc
78,A_19_0,U_77_0,WCc
78,U_20_0,A_76_0,WWc
78,A_21_0,U_75_0,WCc
78,U_22_0,A_52_0,WCc
78,A_23_0,G_46_0,WSt
78,A_24_0,C_54_0,XXX
78,U_25_0,A_45_0,WCc
78,U_25_0,C_53_0,XXX
78,C_26_0,G_44_0,WCc
78,C_27_0,G_43_0,WCc
78,U_28_0,G_42_0,GUc
78,A_29_0,U_41_0,WCc
78,A_30_0,U_40_0,WCc
78,U_31_0,U_39_0,WWc
78,A_33_0,G_37_0,SSc
78,A_33_0,G_38_0,XXX
78,A_33_0,A_66_0,WHt
78,U_34_0,G_37_0,SSt
78,U_34_0,A_65_0,WHt
78,G_37_0,C_61_0,WCc
78,G_38_0,C_60_0,WCc
78,G_38_0,C_61_0,XXX
78,G_38_0,A_66_0,SWt
78,G_46_0,C_53_0,WCc
78,C_54_0,A_55_0,XXX
78,C_54_0,G_72_0,WCc
78,A_55_0,U_71_0,WCc
78,A_56_0,U_70_0,WCc
78,G_57_0,C_69_0,WCc
78,A_58_0,U_68_0,WWc
78,G_59_0,C_67_0,WCc
78,C_60_0,C_67_0,XXX
78,C_61_0,A_65_0,XXX
79,C_13_0,G_83_0,WCc
79,G_14_0,G_81_0,XXX
79,G_14_0,U_82_0,WWc
79,C_15_0,G_81_0,WCc
79,U_16_0,A_80_0,WWc
79,U_17_0,A_79_0,XXX
79,C_18_0,G_78_0,WCc
79,A_19_0,U_77_0,WCc
79,U_20_0,A_76_0,WCc
79,A_21_0,U_75_0,WWc
79,U_22_0,A_52_0,WCc
79,A_23_0,G_46_0,WSt
79,U_25_0,A_45_0,WCc
79,C_26_0,G_44_0,WCc
79,C_27_0,G_43_0,WCc
79,U_28_0,G_42_0,GUc
79,A_29_0,U_41_0,WCc
79,A_30_0,U_40_0,WCc
79,U_31_0,U_39_0,WWc
79,A_33_0,G_37_0,SSc
79,A_33_0,G_38_0,XXX
79,A_33_0,A_66_0,WHt
79,U_34_0,G_37_0,SSt
79,U_34_0,A_65_0,WHt
79,G_37_0,C_60_0,WWc
79,G_37_0,C_61_0,WCc
79,G_38_0,C_60_0,WCc
79,G_38_0,A_66_0,SWt
79,G_46_0,C_53_0,WCc
79,C_54_0,G_72_0,WWc
79,A_55_0,U_70_0,XXX
79,A_55_0,U_71_0,WCc
79,A_55_0,G_72_0,XXX
79,A_56_0,U_70_0,WCc
79,G_57_0,C_69_0,WCc
79,A_58_0,U_68_0,WWc
79,G_59_0,C_67_0,WCc
79,C_60_0,A_66_0,XXX
79,C_61_0,A_65_0,XXX
80,C_13_0,G_83_0,WWc
80,G_14_0,U_82_0,GUc
80,C_15_0,G_81_0,WCc
80,U_16_0,A_80_0,WCc
80,U_17_0,A_79_0,WCc
80,C_18_0,G_78_0,WCc
80,A_19_0,U_77_0,WCc
80,U_20_0,A_76_0,WCc
80,A_21_0,U_75_0,WCc
80,U_22_0,A_52_0,WCc
80,A_23_0,A_45_0,XXX
80,A_23_0,G_46_0,WSc
80,U_25_0,A_45_0,WCc
80,C_26_0,G_44_0,WCc
80,C_27_0,G_43_0,WCc
80,U_28_0,G_42_0,GUc
80,A_29_0,U_41_0,WCc
80,A_30_0,U_40_0,WCc
80,U_31_0,U_39_0,WWc
80,A_33_0,G_37_0,SSc
80,A_33_0,A_66_0,WHt
80,U_34_0,G_37_0,SSt
80,U_34_0,A_65_0,WHt
80,G_37_0,C_61_0,WCc
80,G_38_0,C_60_0,WCc
80,G_38_0,A_66_0,SWt
80,G_46_0,C_53_0,WCc
80,U_49_0,A_76_0,WSt
80,U_51_0,U_75_0,XXX
80,C_54_0,G_72_0,WCc
80,A_55_0,U_71_0,WCc
80,A_56_0,U_70_0,WWc
80,G_57_0,C_69_0,WCc
80,A_58_0,U_68_0,WWc
80,G_59_0,C_67_0,WCc
80,C_60_0,A_66_0,XXX
80,C_61_0,A_65_0,SWc
81,C_13_0,G_83_0,WCc
81,G_14_0,U_82_0,GUc
81,C_15_0,G_81_0,WCc
81,U_16_0,A_80_0,WWc
81,U_17_0,A_79_0,WCc
81,C_18_0,G_78_0,WCc
81,A_19_0,U_77_0,WCc
81,U_20_0,A_76_0,WCc
81,A_21_0,U_75_0,WCc
81,U_22_0,A_52_0,WCc
81,A_23_0,G_46_0,WSt
81,U_25_0,A_45_0,WCc
81,U_25_0,C_53_0,XXX
81,C_26_0,G_44_0,WCc
81,C_27_0,G_43_0,WCc
81,U_28_0,G_42_0,GUc
81,A_29_0,U_41_0,WCc
81,A_30_0,U_40_0,WCc
81,U_31_0,U_39_0,WWc
81,A_33_0,G_37_0,SSc
81,A_33_0,G_38_0,XXX
81,A_33_0,A_66_0,WHt
81,U_34_0,G_37_0,SSt
81,U_34_0,A_65_0,WHt
81,G_37_0,C_60_0,WWc
81,G_37_0,C_61_0,WCc
81,G_37_0,A_66_0,XXX
81,G_38_0,C_60_0,WCc
81,G_38_0,A_66_0,SWt
81,G_46_0,C_53_0,WCc
81,U_47_0,U_51_0,SWc
81,C_54_0,G_72_0,WCc
81,A_55_0,U_71_0,WCc
81,A_56_0,U_70_0,WWc
81,G_57_0,C_69_0,WCc
81,A_58_0,U_68_0,WWc
81,G_59_0,C_67_0,WCc
81,C_60_0,A_66_0,XXX
81,C_61_0,A_65_0,SWc
82,C_13_0,G_83_0,WCc
82,G_14_0,U_82_0,GUc
82,C_15_0,G_81_0,WCc
82,U_16_0,A_80_0,WCc
82,U_17_0,A_79_0,WCc
82,C_18_0,G_78_0,WCc
82,A_19_0,U_77_0,WWc
82,U_20_0,A_76_0,WWc
82,A_21_0,U_75_0,WCc
82,U_22_0,A_52_0,WCc
82,U_22_0,C_53_0,XXX
82,A_23_0,G_46_0,WSc
82,A_24_0,C_54_0,SWc
82,U_25_0,A_45_0,WCc
82,C_26_0,G_44_0,WWc
82,C_27_0,G_43_0,WCc
82,U_28_0,G_42_0,GUc
82,A_29_0,U_41_0,WCc
82,A_30_0,U_40_0,WCc
82,U_31_0,U_39_0,WWc
82,A_33_0,G_37_0,SSc
82,A_33_0,A_66_0,WHt
82,U_34_0,A_35_0,XXX
82,U_34_0,G_37_0,SSt
82,U_34_0,A_65_0,WHt
82,A_35_0,A_64_0,XXX
82,G_37_0,C_61_0,WCc
82,G_37_0,A_66_0,XXX
82,G_38_0,G_59_0,WHt
82,G_38_0,C_60_0,WCc
82,G_38_0,A_66_0,SWt
82,G_46_0,C_53_0,WCc
82,U_51_0,U_75_0,XXX
82,A_55_0,U_71_0,WCc
82,A_56_0,U_70_0,WCc
82,G_57_0,C_69_0,WCc
82,G_59_0,C_67_0,WCc
82,C_60_0,C_67_0,XXX
82,C_61_0,A_65_0,SWc
83,C_13_0,G_83_0,WCc
83,G_14_0,U_82_0,GUc
83,C_15_0,G_81_0,WCc
83,U_16_0,A_80_0,WCc
83,U_17_0,A_79_0,WCc
83,C_18_0,G_78_0,WCc
83,A_19_0,U_77_0,WCc
83,U_20_0,A_76_0,WCc
83,A_21_0,U_75_0,WWc
83,U_22_0,A_52_0,WCc
83,A_23_0,G_46_0,WSc
83,U_25_0,A_45_0,WCc
83,C_26_0,G_44_0,WCc
83,C_27_0,G_43_0,WCc
83,U_28_0,G_42_0,GUc
83,A_29_0,U_41_0,WCc
83,A_30_0,U_40_0,WCc
83,U_31_0,U_39_0,WWc
83,A_33_0,G_37_0,SSc
83,A_33_0,G_38_0,XXX
83,A_33_0,A_66_0,WHt
83,U_34_0,G_37_0,SSt
83,U_34_0,A_65_0,WHt
83,A_35_0,A_64_0,HHc
83,G_37_0,C_60_0,WWc
83,G_37_0,C_61_0,WCc
83,G_38_0,C_60_0,WCc
83,G_38_0,A_66_0,SWt
83,G_46_0,C_53_0,WWc
83,C_54_0,G_72_0,WCc
83,A_55_0,U_71_0,WCc
83,A_56_0,U_70_0,WCc
83,G_57_0,C_69_0,WCc
83,A_58_0,U_68_0,WWc
83,G_59_0,C_67_0,WCc
83,C_61_0,A_65_0,SWc
83,U_62_0,A_64_0,SHc
84,C_13_0,G_83_0,WCc
84,G_14_0,U_82_0,GUc
84,C_15_0,G_81_0,WCc
84,C_15_0,U_82_0,XXX
84,U_16_0,A_80_0,WCc
84,U_17_0,A_79_0,WCc
84,C_18_0,G_78_0,WCc
84,A_19_0,U_77_0,WCc
84,U_20_0,A_76_0,WCc
84,A_21_0,U_75_0,WWc
84,U_22_0,A_52_0,WCc
84,A_23_0,A_45_0,XXX
84,A_23_0,G_46_0,WSt
84,A_23_0,A_52_0,XXX
84,U_25_0,A_45_0,WCc
84,C_26_0,G_44_0,WCc
84,C_27_0,G_43_0,WCc
84,U_28_0,G_42_0,GUc
84,A_29_0,U_41_0,WCc
84,A_30_0,U_40_0,WWc
84,U_31_0,U_39_0,WWc
84,A_33_0,G_37_0,SSc
84,A_33_0,G_38_0,XXX
84,A_33_0,A_66_0,WHt
84,U_34_0,G_37_0,SSt
84,U_34_0,A_65_0,WHt
84,A_35_0,A_64_0,HHc
84,G_37_0,C_60_0,WWc
84,G_37_0,C_61_0,WCc
84,G_37_0,A_66_0,XXX
84,G_38_0,G_59_0,WHc
84,G_38_0,C_60_0,WCc
84,G_38_0,A_66_0,SWt
84,G_46_0,C_53_0,WWc
84,U_47_0,U_51_0,XXX
84,U_49_0,C_50_0,XXX
84,C_54_0,G_72_0,WCc
84,A_55_0,U_71_0,WCc
84,A_56_0,U_70_0,WCc
84,G_57_0,C_69_0,WCc
84,A_58_0,U_68_0,WWc
84,G_59_0,C_67_0,WCc
84,C_60_0,A_66_0,XXX
84,C_61_0,A_65_0,SWc
84,C_61_0,A_66_0,XXX
85,C_13_0,G_83_0,WWc
85,G_14_0,U_82_0,GUc
85,C_15_0,G_81_0,WCc
85,U_16_0,A_79_0,XXX
85,U_16_0,A_80_0,WCc
85,U_17_0,G_78_0,XXX
85,U_17_0,A_79_0,WCc
85,C_18_0,G_78_0,WCc
85,A_19_0,U_77_0,WCc
85,U_20_0,A_76_0,WCc
85,A_21_0,U_75_0,WCc
85,U_22_0,A_52_0,WCc
85,A_23_0,G_46_0,WSc
85,U_25_0,A_45_0,WCc
85,U_25_0,C_53_0,XXX
85,C_26_0,G_44_0,WCc
85,C_27_0,G_43_0,WCc
85,U_28_0,G_42_0,GUc
85,A_29_0,U_41_0,WCc
85,A_30_0,U_40_0,WCc
85,U_31_0,U_39_0,WWc
85,A_33_0,G_37_0,SSc
85,A_33_0,G_38_0,XXX
85,A_33_0,A_66_0,WHt
85,U_34_0,G_37_0,SSt
85,U_34_0,A_65_0,WHt
85,A_35_0,A_64_0,HHc
85,G_37_0,C_60_0,WWc
85,G_37_0,C_61_0,WCc
85,G_37_0,A_66_0,XXX
85,G_38_0,G_59_0,WHc
85,G_38_0,C_60_0,WCc
85,G_38_0,A_66_0,SWt
85,A_45_0,C_53_0,XXX
85,G_46_0,C_53_0,WCc
85,U_47_0,U_51_0,WWc
85,C_54_0,G_72_0,WCc
85,A_55_0,U_71_0,WCc
85,A_56_0,U_70_0,WCc
85,G_57_0,C_69_0,WCc
85,A_58_0,U_68_0,WWc
85,G_59_0,C_67_0,WCc
85,C_60_0,A_66_0,XXX
85,C_61_0,A_65_0,SWc
85,U_62_0,A_64_0,SHc
85,U_82_0,G_83_0,XXX
86,C_13_0,G_83_0,WCc
86,G_14_0,U_82_0,GUc
86,C_15_0,G_81_0,WCc
86,U_16_0,A_80_0,WCc
86,U_17_0,A_79_0,WCc
86,C_18_0,G_78_0,WCc
86,C_18_0,A_79_0,WWc
86,A_19_0,U_77_0,WCc
86,U_20_0,A_76_0,WCc
86,A_21_0,U_74_0,WWc
86,A_21_0,U_75_0,WCc
86,U_22_0,A_52_0,WCc
86,A_23_0,G_46_0,WSc
86,U_25_0,A_45_0,WCc
86,C_26_0,G_44_0,WCc
86,C_27_0,G_43_0,WWc
86,U_28_0,G_42_0,GUc
86,A_29_0,U_41_0,WWc
86,A_30_0,U_40_0,WCc
86,U_31_0,U_39_0,WWc
86,A_33_0,G_37_0,SSc
86,A_33_0,G_38_0,XXX
86,A_33_0,A_66_0,WHt
86,U_34_0,A_35_0,SHc
86,U_34_0,G_37_0,SSt
86,U_34_0,A_65_0,WHt
86,A_35_0,A_64_0,HHc
86,G_37_0,C_60_0,WWc
86,G_37_0,C_61_0,WCc
86,G_38_0,C_60_0,WCc
86,G_38_0,A_66_0,SWt
86,G_46_0,C_53_0,WCc
86,U_47_0,U_51_0,WWc
86,C_54_0,G_72_0,WCc
86,A_55_0,U_71_0,WCc
86,A_56_0,U_70_0,WCc
86,G_57_0,C_69_0,WCc
86,G_57_0,U_70_0,WWc
86,A_58_0,U_68_0,XXX
86,G_59_0,C_67_0,WCc
86,C_61_0,A_65_0,SWc
86,A_66_0,C_67_0,XXX
87,C_13_0,G_83_0,WWc
87,G_14_0,U_82_0,GUc
87,C_15_0,G_81_0,WCc
87,U_16_0,A_80_0,WCc
87,U_17_0,A_79_0,WCc
87,C_18_0,G_78_0,WCc
87,A_19_0,U_77_0,WWc
87,U_20_0,A_76_0,WCc
87,A_21_0,U_75_0,WCc
87,U_22_0,U_47_0,HSc
87,U_22_0,A_52_0,WWc
87,A_23_0,G_46_0,WSc
87,A_23_0,A_52_0,XXX
87,U_25_0,A_45_0,WCc
87,U_25_0,C_53_0,XXX
87,C_26_0,G_44_0,WCc
87,C_27_0,G_43_0,WCc
87,U_28_0,G_42_0,GUc
87,A_29_0,U_41_0,WWc
87,A_30_0,U_40_0,WCc
87,U_31_0,U_39_0,WWc
87,A_33_0,G_37_0,SSc
87,A_33_0,A_66_0,WHt
87,U_34_0,G_37_0,SSt
87,U_34_0,A_65_0,WHt
87,A_35_0,A_64_0,HHc
87,G_37_0,C_61_0,WWc
87,G_38_0,C_60_0,WCc
87,G_38_0,A_66_0,SWt
87,G_46_0,C_53_0,WCc
87,U_47_0,U_51_0,XXX
87,C_54_0,G_72_0,WCc
87,A_55_0,U_71_0,WCc
87,A_56_0,U_70_0,WCc
87,G_57_0,C_69_0,WCc
87,A_58_0,U_68_0,WWc
87,G_59_0,C_67_0,WCc
87,C_60_0,C_67_0,XXX
87,C_61_0,A_65_0,SWc
87,U_62_0,A_64_0,SHc
88,C_13_0,G_83_0,WCc
88,G_14_0,U_82_0,GUc
88,C_15_0,G_81_0,WCc
88,U_16_0,A_80_0,WCc
88,U_17_0,A_79_0,WCc
88,C_18_0,G_78_0,WCc
88,A_19_0,U_77_0,WCc
88,U_20_0,A_76_0,WWc
88,A_21_0,U_75_0,WCc
88,U_22_0,A_52_0,WWc
88,A_23_0,G_46_0,WSt
88,U_25_0,A_45_0,WCc
88,C_26_0,G_44_0,WCc
88,C_27_0,G_43_0,WCc
88,U_28_0,G_42_0,GUc
88,A_29_0,U_41_0,WWc
88,A_30_0,U_40_0,WCc
88,U_31_0,U_39_0,WWc
88,A_33_0,G_37_0,SSc
88,A_33_0,G_38_0,XXX
88,A_33_0,A_66_0,WHt
88,U_34_0,A_35_0,SHc
88,U_34_0,G_37_0,SSt
88,U_34_0,A_65_0,WHt
88,A_35_0,A_64_0,XXX
88,G_37_0,C_61_0,WCc
88,G_38_0,C_60_0,WCc
88,G_38_0,A_66_0,SWt
88,G_46_0,C_53_0,WCc
88,U_47_0,U_51_0,WWc
88,C_54_0,G_72_0,WCc
88,A_55_0,U_71_0,WCc
88,A_56_0,U_70_0,WCc
88,G_57_0,C_69_0,WCc
88,A_58_0,U_68_0,XXX
88,G_59_0,C_67_0,WCc
88,C_61_0,A_65_0,SWc
89,C_13_0,G_83_0,WCc
89,G_14_0,U_82_0,GUc
89,C_15_0,G_81_0,WCc
89,U_16_0,A_80_0,WCc
89,U_17_0,A_79_0,WCc
89,C_18_0,G_78_0,WCc
89,A_19_0,U_77_0,WCc
89,U_20_0,A_76_0,WCc
89,A_21_0,U_75_0,WCc
89,U_22_0,U_51_0,XXX
89,U_22_0,A_52_0,WCc
89,A_23_0,A_45_0,XXX
89,A_23_0,G_46_0,WSt
89,A_24_0,C_54_0,SWt
89,U_25_0,A_45_0,WCc
89,U_25_0,C_53_0,XXX
89,C_26_0,G_44_0,WCc
89,C_27_0,G_43_0,WCc
89,U_28_0,G_42_0,GUc
89,A_29_0,U_41_0,WWc
89,A_30_0,U_40_0,WCc
89,U_31_0,U_39_0,WWc
89,A_33_0,G_37_0,SSc
89,A_33_0,G_38_0,XXX
89,A_33_0,A_66_0,WHt
89,U_34_0,G_37_0,SSt
89,U_34_0,A_65_0,WHt
89,A_35_0,A_64_0,HHc
89,G_37_0,C_61_0,WWc
89,G_38_0,C_60_0,WCc
89,G_38_0,A_66_0,SWt
89,G_46_0,C_53_0,WCc
89,U_47_0,U_51_0,WWc
89,U_47_0,A_52_0,WWc
89,C_54_0,G_72_0,WWc
89,A_55_0,U_71_0,WCc
89,A_56_0,U_70_0,WCc
89,G_57_0,C_69_0,WCc
89,A_58_0,U_68_0,WWc
89,G_59_0,C_67_0,WCc
89,C_61_0,A_65_0,XXX
90,C_13_0,G_83_0,WCc
90,G_14_0,U_82_0,GUc
90,C_15_0,G_81_0,WCc
90,U_16_0,A_80_0,WCc
90,U_17_0,A_79_0,WCc
90,C_18_0,G_78_0,WCc
90,A_19_0,U_77_0,WCc
90,U_20_0,A_76_0,WCc
90,A_21_0,U_75_0,WCc
90,U_22_0,A_52_0,WCc
90,A_23_0,G_46_0,WSc
90,U_25_0,A_45_0,WCc
90,C_26_0,G_44_0,WCc
90,C_27_0,G_43_0,WCc
90,U_28_0,G_42_0,GUc
90,A_29_0,U_41_0,WWc
90,A_30_0,U_40_0,WCc
90,U_31_0,U_39_0,WWc
90,A_33_0,G_37_0,SSc
90,A_33_0,A_66_0,WHt
90,U_34_0,G_37_0,SSt
90,U_34_0,A_65_0,WHt
90,G_37_0,C_61_0,WCc
90,G_38_0,G_59_0,XXX
90,G_38_0,C_60_0,WCc
90,G_38_0,A_66_0,SWt
90,G_46_0,C_53_0,WCc
90,U_47_0,U_51_0,XXX
90,U_47_0,A_52_0,WWc
90,U_51_0,A_52_0,XXX
90,A_52_0,U_74_0,XXX
90,C_54_0,G_72_0,WCc
90,A_55_0,U_71_0,WCc
90,A_56_0,U_70_0,WCc
90,G_57_0,C_69_0,WCc
90,A_58_0,U_68_0,WSc
90,G_59_0,C_67_0,WCc
90,C_61_0,A_65_0,SWc
91,C_13_0,G_83_0,WCc
91,G_14_0,U_82_0,GUc
91,C_15_0,G_81_0,WCc
91,U_16_0,A_80_0,WCc
91,U_17_0,A_79_0,WCc
91,C_18_0,G_78_0,WCc
91,A_19_0,U_77_0,WCc
91,U_20_0,A_76_0,WCc
91,A_21_0,U_75_0,WCc
91,U_22_0,A_52_0,WCc
91,A_23_0,G_46_0,WSc
91,U_25_0,A_45_0,WWc
91,C_26_0,G_44_0,WCc
91,C_27_0,G_43_0,WCc
91,U_28_0,G_42_0,GUc
91,A_29_0,U_41_0,WWc
91,A_30_0,U_39_0,XXX
91,A_30_0,U_40_0,WCc
91,U_31_0,U_39_0,WWc
91,A_33_0,G_37_0,SSc
91,A_33_0,A_66_0,WHt
91,U_34_0,G_37_0,SSt
91,U_34_0,A_65_0,WHt
91,G_37_0,C_61_0,WCc
91,G_37_0,A_66_0,XXX
91,G_38_0,G_59_0,XXX
91,G_38_0,C_60_0,WCc
91,G_38_0,A_66_0,SWt
91,G_46_0,C_53_0,WCc
91,U_47_0,U_51_0,WWc
91,C_54_0,G_72_0,WCc
91,A_55_0,U_71_0,WCc
91,A_56_0,U_70_0,WCc
91,G_57_0,C_69_0,WCc
91,A_58_0,U_68_0,WWc
91,G_59_0,C_67_0,WCc
91,C_61_0,A_65_0,SWc
91,C_61_0,A_66_0,XXX
92,C_13_0,G_83_0,WWc
92,G_14_0,U_82_0,GUc
92,C_15_0,G_81_0,WCc
92,U_16_0,A_80_0,WCc
92,U_17_0,A_79_0,WCc
92,C_18_0,G_78_0,WCc
92,A_19_0,U_77_0,WCc
92,U_20_0,A_76_0,WCc
92,U_20_0,U_77_0,XXX
92,A_21_0,U_75_0,WCc
92,U_22_0,U_47_0,HSc
92,U_22_0,A_52_0,WCc
92,A_23_0,G_46_0,WSc
92,U_25_0,A_45_0,WCc
92,U_25_0,C_53_0,XXX
92,C_26_0,G_44_0,WCc
92,C_27_0,G_43_0,WCc
92,U_28_0,G_42_0,GUc
92,A_29_0,U_41_0,WWc
92,A_30_0,U_40_0,WCc
92,U_31_0,U_39_0,WWc
92,A_33_0,A_66_0,WHt
92,U_34_0,G_37_0,SSt
92,U_34_0,A_65_0,WHt
92,G_37_0,C_61_0,WCc
92,G_38_0,C_60_0,WCc
92,G_38_0,A_66_0,SWt
92,G_46_0,C_53_0,WCc
92,U_47_0,U_51_0,WWc
92,C_54_0,G_72_0,WCc
92,A_55_0,U_71_0,WCc
92,A_56_0,U_70_0,WCc
92,G_57_0,C_69_0,WCc
92,A_58_0,U_68_0,WWc
92,G_59_0,C_67_0,WCc
92,C_60_0,C_67_0,SWc
92,C_61_0,A_65_0,SWc
93,C_13_0,G_83_0,WCc
93,G_14_0,U_82_0,GUc
93,C_15_0,G_81_0,WCc
93,C_15_0,U_82_0,XXX
93,U_16_0,A_80_0,WCc
93,U_17_0,A_79_0,WCc
93,C_18_0,G_78_0,WCc
93,A_19_0,U_77_0,WCc
93,U_20_0,A_76_0,WCc
93,A_21_0,U_75_0,WCc
93,U_22_0,A_52_0,WCc
93,A_23_0,G_46_0,WSt
93,U_25_0,A_45_0,WCc
93,C_26_0,G_44_0,WCc
93,C_27_0,G_43_0,WCc
93,U_28_0,G_42_0,GUc
93,A_29_0,U_41_0,WWc
93,A_30_0,U_40_0,WCc
93,U_31_0,U_39_0,WWc
93,A_33_0,G_37_0,SSc
93,A_33_0,A_66_0,WHt
93,U_34_0,G_37_0,SSt
93,U_34_0,A_65_0,WHt
93,G_37_0,C_60_0,WWc
93,G_37_0,C_61_0,WWc
93,G_37_0,A_66_0,XXX
93,G_38_0,C_60_0,WCc
93,G_38_0,A_66_0,SWt
93,G_38_0,C_67_0,XXX
93,G_46_0,C_53_0,WCc
93,U_47_0,C_50_0,WHc
93,U_47_0,U_51_0,WWc
93,C_54_0,G_72_0,WCc
93,A_55_0,U_70_0,XXX
93,A_55_0,U_71_0,WCc
93,A_56_0,U_70_0,WCc
93,A_56_0,U_71_0,XXX
93,G_57_0,C_69_0,WCc
93,A_58_0,U_68_0,XXX
93,G_59_0,C_67_0,WCc
93,C_60_0,A_66_0,XXX
93,C_61_0,A_65_0,SWc
94,C_13_0,G_83_0,WCc
94,G_14_0,U_82_0,GUc
94,C_15_0,G_81_0,WWc
94,U_16_0,A_80_0,WCc
94,U_17_0,A_79_0,WCc
94,C_18_0,G_78_0,WWc
94,A_19_0,U_77_0,WCc
94,U_20_0,A_76_0,WCc
94,A_21_0,U_75_0,WCc
94,U_22_0,A_52_0,WCc
94,A_23_0,G_46_0,WSc
94,U_25_0,A_45_0,WCc
94,C_26_0,G_44_0,WCc
94,C_27_0,G_43_0,WCc
94,U_28_0,G_42_0,GUc
94,A_29_0,U_41_0,WSc
94,A_30_0,U_40_0,WCc
94,U_31_0,U_39_0,WWc
94,U_31_0,U_40_0,WWc
94,A_33_0,G_37_0,SSc
94,A_33_0,G_38_0,XXX
94,A_33_0,A_66_0,WHt
94,U_34_0,G_37_0,SSt
94,U_34_0,A_65_0,WHt
94,G_37_0,C_60_0,XXX
94,G_37_0,C_61_0,WWc
94,G_37_0,A_66_0,XXX
94,G_38_0,G_59_0,WHc
94,G_38_0,C_60_0,WCc
94,G_38_0,A_66_0,SWt
94,G_46_0,C_53_0,WCc
94,U_47_0,U_51_0,WWc
94,C_54_0,G_72_0,WCc
94,A_55_0,U_71_0,WWc
94,A_56_0,U_70_0,WCc
94,G_57_0,C_69_0,WCc
94,A_58_0,U_68_0,WWc
94,G_59_0,C_67_0,WCc
94,C_60_0,A_66_0,XXX
94,C_61_0,A_65_0,XXX
94,A_64_0,A_65_0,XXX
95,C_13_0,G_83_0,WCc
95,G_14_0,U_82_0,GUc
95,C_15_0,G_81_0,WCc
95,U_16_0,A_80_0,WWc
95,U_17_0,A_79_0,WCc
95,C_18_0,G_78_0,WCc
95,A_19_0,U_77_0,WWc
95,U_20_0,A_76_0,WCc
95,A_21_0,U_75_0,WCc
95,U_22_0,U_47_0,HSc
95,U_22_0,A_52_0,WCc
95,A_23_0,G_46_0,WSc
95,U_25_0,A_45_0,WCc
95,C_26_0,G_44_0,WCc
95,C_27_0,G_43_0,WCc
95,U_28_0,G_42_0,GUc
95,A_29_0,U_41_0,WWc
95,A_30_0,U_40_0,WCc
95,U_31_0,U_39_0,WWc
95,U_31_0,U_40_0,WWc
95,A_33_0,G_37_0,SSc
95,A_33_0,A_66_0,WHt
95,U_34_0,A_35_0,SHc
95,U_34_0,G_37_0,SSt
95,U_34_0,A_65_0,WHt
95,A_35_0,A_64_0,HHc
95,G_37_0,C_61_0,WWc
95,G_38_0,C_60_0,WCc
95,G_38_0,A_66_0,SWt
95,G_46_0,C_53_0,WCc
95,U_47_0,U_51_0,WWc
95,C_54_0,G_72_0,WCc
95,A_55_0,U_71_0,WWc
95,A_56_0,U_70_0,WCc
95,G_57_0,C_69_0,WCc
95,A_58_0,U_68_0,WWc
95,G_59_0,C_67_0,WCc
95,C_61_0,A_65_0,XXX
96,C_13_0,G_83_0,WCc
96,G_14_0,U_82_0,GUc
96,C_15_0,G_81_0,WWc
96,U_16_0,A_80_0,WCc
96,U_17_0,A_79_0,WCc
96,C_18_0,G_78_0,WCc
96,A_19_0,U_77_0,WCc
96,U_20_0,A_76_0,WCc
96,A_21_0,U_75_0,WWc
96,U_22_0,A_52_0,WCc
96,A_23_0,G_46_0,WSc
96,U_25_0,A_45_0,WCc
96,C_26_0,G_44_0,WCc
96,C_27_0,G_43_0,WCc
96,U_28_0,G_42_0,GUc
96,A_29_0,U_41_0,WWc
96,A_30_0,U_40_0,WWc
96,A_30_0,U_41_0,XXX
96,U_31_0,U_39_0,WWc
96,U_31_0,U_40_0,WWc
96,A_33_0,G_37_0,SSc
96,A_33_0,A_66_0,WHt
96,U_34_0,G_37_0,SSt
96,U_34_0,A_65_0,WHt
96,A_35_0,A_64_0,HHc
96,G_37_0,C_60_0,WWc
96,G_37_0,C_61_0,WWc
96,G_38_0,G_59_0,WHc
96,G_38_0,C_60_0,WCc
96,G_38_0,A_66_0,SWt
96,G_46_0,C_53_0,WWc
96,U_47_0,U_51_0,XXX
96,C_54_0,G_72_0,WCc
96,A_55_0,U_71_0,XXX
96,A_56_0,U_70_0,WCc
96,G_57_0,C_69_0,WCc
96,A_58_0,U_68_0,WWc
96,G_59_0,C_67_0,WCc
96,C_61_0,A_65_0,XXX
97,C_13_0,G_83_0,WCc
97,G_14_0,U_82_0,GUc
97,C_15_0,G_81_0,WWc
97,U_16_0,A_80_0,WCc
97,U_17_0,A_79_0,WCc
97,C_18_0,G_78_0,WCc
97,A_19_0,U_77_0,WCc
97,U_20_0,A_76_0,WWc
97,U_20_0,U_77_0,XXX
97,A_21_0,U_75_0,WWc
97,U_22_0,A_52_0,WCc
97,A_23_0,G_46_0,WSt
97,U_25_0,A_45_0,WCc
97,C_26_0,G_44_0,WCc
97,C_27_0,G_43_0,WCc
97,U_28_0,G_42_0,GUc
97,A_29_0,U_41_0,WCc
97,A_30_0,U_40_0,WCc
97,U_31_0,U_39_0,WWc
97,A_33_0,G_37_0,SSc
97,A_33_0,A_66_0,WHt
97,U_34_0,G_37_0,SSt
97,U_34_0,A_65_0,WHt
97,G_37_0,C_60_0,XXX
97,G_37_0,C_61_0,WCc
97,G_38_0,G_59_0,WHt
97,G_38_0,C_60_0,WCc
97,G_38_0,A_66_0,SWt
97,G_46_0,C_53_0,WCc
97,U_47_0,U_51_0,WWc
97,C_54_0,G_72_0,WCc
97,A_55_0,U_71_0,WWc
97,A_56_0,C_69_0,XXX
97,A_56_0,U_70_0,WCc
97,G_57_0,C_69_0,WCc
97,A_58_0,U_68_0,WWc
97,G_59_0,C_67_0,WCc
97,C_60_0,C_67_0,XXX
97,C_61_0,A_65_0,SWc
97,A_66_0,C_67_0,SHc
98,G_14_0,U_82_0,GUc
98,C_15_0,G_81_0,WWc
98,U_16_0,A_80_0,WCc
98,U_17_0,A_79_0,WCc
98,C_18_0,G_78_0,WCc
98,A_19_0,U_77_0,WCc
98,U_20_0,A_76_0,WCc
98,A_21_0,U_75_0,WCc
98,U_22_0,A_52_0,WCc
98,A_23_0,A_45_0,WWc
98,A_23_0,G_46_0,WSt
98,A_24_0,C_54_0,SWc
98,U_25_0,A_45_0,WCc
98,C_26_0,G_44_0,WCc
98,C_27_0,G_43_0,WCc
98,U_28_0,G_42_0,GUc
98,A_29_0,U_41_0,WCc
98,A_30_0,U_40_0,WWc
98,U_31_0,U_39_0,WWc
98,U_31_0,U_40_0,WWc
98,A_33_0,G_37_0,SSc
98,A_33_0,G_38_0,XXX
98,A_33_0,A_66_0,WHt
98,U_34_0,A_65_0,WHt
98,A_35_0,A_64_0,HHc
98,G_37_0,C_60_0,WWc
98,G_37_0,C_61_0,WCc
98,G_37_0,A_66_0,XXX
98,G_38_0,G_59_0,XXX
98,G_38_0,C_60_0,WCc
98,G_38_0,A_66_0,SWt
98,G_46_0,C_53_0,WCc
98,U_47_0,U_51_0,XXX
98,U_47_0,A_52_0,WWc
98,A_52_0,U_74_0,XXX
98,C_54_0,G_72_0,WCc
98,A_55_0,U_71_0,WCc
98,A_56_0,U_70_0,WCc
98,G_57_0,C_69_0,WCc
98,A_58_0,U_68_0,WWc
98,G_59_0,C_67_0,WCc
98,C_61_0,A_65_0,SWc
98,U_75_0,A_76_0,WHc
99,C_13_0,G_83_0,WCc
99,G_14_0,U_82_0,GUc
99,C_15_0,G_81_0,WCc
99,U_16_0,A_80_0,WCc
99,U_17_0,A_79_0,WCc
99,C_18_0,G_78_0,WCc
99,A_19_0,U_77_0,WCc
99,U_20_0,A_76_0,WCc
99,A_21_0,U_74_0,XXX
99,A_21_0,U_75_0,WWc
99,U_22_0,A_52_0,WCc
99,A_23_0,G_46_0,WSt
99,U_25_0,A_45_0,WCc
99,U_25_0,C_53_0,XXX
99,C_26_0,G_44_0,WCc
99,C_27_0,G_43_0,WCc
99,U_28_0,G_42_0,GUc
99,A_29_0,U_41_0,WWc
99,A_30_0,U_40_0,WWc
99,A_30_0,U_41_0,WWc
99,U_31_0,U_39_0,WWc
99,U_31_0,U_40_0,XXX
99,A_33_0,G_37_0,SSc
99,A_33_0,A_66_0,WHt
99,U_34_0,A_35_0,SHc
99,U_34_0,G_37_0,SSt
99,U_34_0,A_65_0,WHt
99,G_37_0,C_60_0,WWc
99,G_37_0,C_61_0,WWc
99,G_37_0,A_66_0,XXX
99,G_38_0,G_59_0,WHc
99,G_38_0,C_60_0,WCc
99,G_38_0,A_66_0,SWt
99,G_46_0,C_53_0,WCc
99,U_47_0,U_51_0,WWc
99,C_54_0,G_72_0,WCc
99,A_55_0,U_71_0,WCc
99,A_56_0,U_70_0,WWc
99,G_57_0,C_69_0,WWc
99,A_58_0,U_68_0,WWc
99,G_59_0,C_67_0,WCc
99,C_61_0,A_65_0,SWc
100,C_13_0,G_83_0,SWc
100,G_14_0,U_82_0,GUc
100,C_15_0,G_81_0,WCc
100,U_16_0,A_80_0,WCc
100,U_17_0,A_79_0,WCc
100,C_18_0,G_78_0,WCc
100,A_19_0,U_77_0,WCc
100,U_20_0,A_76_0,WCc
100,U_20_0,U_77_0,XXX
100,A_21_0,U_74_0,WWc
100,A_21_0,U_75_0,WWc
100,U_22_0,A_52_0,WCc
100,A_23_0,A_45_0,XXX
100,A_23_0,G_46_0,WSc
100,U_25_0,A_45_0,WCc
100,U_25_0,C_53_0,XXX
100,C_26_0,G_44_0,WCc
100,C_27_0,G_43_0,WCc
100,U_28_0,G_42_0,GUc
100,A_29_0,U_41_0,WCc
100,A_30_0,U_40_0,WCc
100,U_31_0,U_39_0,WWc
100,A_33_0,A_66_0,WHt
100,U_34_0,G_37_0,SSt
100,U_34_0,A_65_0,WHt
100,A_35_0,A_64_0,HHc
100,G_37_0,C_60_0,WWc
100,G_37_0,C_61_0,WCc
100,G_38_0,G_59_0,WHc
100,G_38_0,C_60_0,WCc
100,G_38_0,A_66_0,SWt
100,G_46_0,C_53_0,WCc
100,C_50_0,U_51_0,SHc
100,C_54_0,G_72_0,WCc
100,A_55_0,U_71_0,WCc
100,A_56_0,U_70_0,WCc
100,G_57_0,C_69_0,WCc
100,A_58_0,U_68_0,WWc
100,G_59_0,C_67_0,WWc
100,C_60_0,A_66_0,XXX
100,C_61_0,A_65_0,SWc
101,C_13_0,G_83_0,WCc
101,G_14_0,U_82_0,GUc
101,C_15_0,G_81_0,WCc
101,U_16_0,A_80_0,WCc
101,U_17_0,A_79_0,WWc
101,C_18_0,G_78_0,WCc
101,A_19_0,U_77_0,WCc
101,U_20_0,A_76_0,WCc
101,A_21_0,U_75_0,WWc
101,U_22_0,A_52_0,WCc
101,A_23_0,G_46_0,WSt
101,U_25_0,A_45_0,WCc
101,U_25_0,C_53_0,XXX
101,C_26_0,G_44_0,WCc
101,C_27_0,G_43_0,WWc
101,U_28_0,G_42_0,GUc
101,A_29_0,U_41_0,WCc
101,A_30_0,U_40_0,WCc
101,U_31_0,U_39_0,WWc
101,A_33_0,G_37_0,SSc
101,A_33_0,G_38_0,XXX
101,A_33_0,A_66_0,WHt
101,U_34_0,G_37_0,SSt
101,U_34_0,A_65_0,WHt
101,G_37_0,C_60_0,WWc
101,G_37_0,C_61_0,WCc
101,G_37_0,A_66_0,XXX
101,G_38_0,G_59_0,WHt
101,G_38_0,C_60_0,WCc
101,G_38_0,A_66_0,SWt
101,G_46_0,C_53_0,WCc
101,C_54_0,G_72_0,WCc
101,A_55_0,U_71_0,WWc
101,A_56_0,U_70_0,WCc
101,A_56_0,U_71_0,WWc
101,G_57_0,C_69_0,WCc
101,A_58_0,U_68_0,WWc
101,G_59_0,C_67_0,WCc
101,C_60_0,A_66_0,XXX
101,C_61_0,A_65_0,SWc
101,U_62_0,U_63_0,SHc
102,C_13_0,G_83_0,WCc
102,G_14_0,U_82_0,GUc
102,C_15_0,G_81_0,WCc
102,U_16_0,A_80_0,WCc
102,U_17_0,A_79_0,WWc
102,C_18_0,G_78_0,WCc
102,A_19_0,U_77_0,WWc
102,U_20_0,A_76_0,WCc
102,A_21_0,U_75_0,WWc
102,U_22_0,U_51_0,XXX
102,U_22_0,A_52_0,WCc
102,A_23_0,G_46_0,WSc
102,U_25_0,A_45_0,WCc
102,C_26_0,G_44_0,WCc
102,C_27_0,G_43_0,WCc
102,U_28_0,G_42_0,GUc
102,A_29_0,U_41_0,WCc
102,A_30_0,U_40_0,WCc
102,U_31_0,U_39_0,WWc
102,U_31_0,U_40_0,WWc
102,A_33_0,G_37_0,SSc
102,A_33_0,G_38_0,XXX
102,A_33_0,A_66_0,WHt
102,U_34_0,G_37_0,SSt
102,U_34_0,A_65_0,WHt
102,A_35_0,A_64_0,HHc
102,G_37_0,C_60_0,XXX
102,G_37_0,C_61_0,WCc
102,G_38_0,C_60_0,WCc
102,G_38_0,A_66_0,SWt
102,G_46_0,C_53_0,WCc
102,C_54_0,G_72_0,WCc
102,A_55_0,U_71_0,WCc
102,A_56_0,U_70_0,WCc
102,A_56_0,U_71_0,WWc
102,G_57_0,C_69_0,WCc
102,A_58_0,U_68_0,WWc
102,G_59_0,C_67_0,WCc
102,C_60_0,A_66_0,XXX
102,C_61_0,A_65_0,SWc
103,C_13_0,G_83_0,WCc
103,G_14_0,U_82_0,GUc
103,C_15_0,G_81_0,WWc
103,U_16_0,A_80_0,WCc
103,U_17_0,A_79_0,WCc
103,C_18_0,G_78_0,WCc
103,A_19_0,U_77_0,WCc
103,U_20_0,A_76_0,XXX
103,A_21_0,U_75_0,WWc
103,U_22_0,U_47_0,XXX
103,U_22_0,U_51_0,XXX
103,U_22_0,A_52_0,WCc
103,A_23_0,G_46_0,WSc
103,U_25_0,A_45_0,WCc
103,C_26_0,G_44_0,WCc
103,C_27_0,G_43_0,WCc
103,U_28_0,G_42_0,GUc
103,A_29_0,U_41_0,WCc
103,A_30_0,U_40_0,WCc
103,U_31_0,U_39_0,WWc
103,A_33_0,G_37_0,SSc
103,A_33_0,G_38_0,XXX
103,A_33_0,A_66_0,WHt
103,U_34_0,G_37_0,SSt
103,U_34_0,A_65_0,WHt
103,A_35_0,A_64_0,HHc
103,G_37_0,C_60_0,WWc
103,G_37_0,C_61_0,WCc
103,G_38_0,G_59_0,WHc
103,G_38_0,C_60_0,WCc
103,G_38_0,A_66_0,SWt
103,G_46_0,C_53_0,WCc
103,C_50_0,U_51_0,XXX
103,C_54_0,G_72_0,WWc
103,A_55_0,U_71_0,WCc
103,A_56_0,C_69_0,XXX
103,A_56_0,U_70_0,WCc
103,G_57_0,C_69_0,WCc
103,A_58_0,U_68_0,WWc
103,G_59_0,C_67_0,WCc
103,C_60_0,A_66_0,XXX
103,C_61_0,A_65_0,SWc
103,A_66_0,C_67_0,SHc
104,C_13_0,G_83_0,WCc
104,G_14_0,U_82_0,GUc
104,C_15_0,G_81_0,WCc
104,U_16_0,A_80_0,WCc
104,U_17_0,A_79_0,WCc
104,C_18_0,G_78_0,WCc
104,A_19_0,U_77_0,WWc
104,U_20_0,A_76_0,WCc
104,A_21_0,U_75_0,WCc
104,U_22_0,U_51_0,WWc
104,U_22_0,A_52_0,WCc
104,A_23_0,G_46_0,WSt
104,U_25_0,A_45_0,WCc
104,U_25_0,C_53_0,XXX
104,C_26_0,G_44_0,WCc
104,C_27_0,G_43_0,WCc
104,U_28_0,G_42_0,GUc
104,A_29_0,U_41_0,WCc
104,A_30_0,U_40_0,WCc
104,U_31_0,U_39_0,WWc
104,A_33_0,G_37_0,SSc
104,A_33_0,A_66_0,WHt
104,U_34_0,A_35_0,SHc
104,U_34_0,G_37_0,SSt
104,U_34_0,A_65_0,WHt
104,G_37_0,C_60_0,WWc
104,G_37_0,C_61_0,WWc
104,G_38_0,G_59_0,WHc
104,G_38_0,C_60_0,WCc
104,G_38_0,A_66_0,SWt
104,G_46_0,C_53_0,WCc
104,C_54_0,G_72_0,WCc
104,A_55_0,U_71_0,WCc
104,A_56_0,U_70_0,WCc
104,G_57_0,C_69_0,WCc
104,A_58_0,U_68_0,WWc
104,G_59_0,C_67_0,WCc
104,C_60_0,A_66_0,XXX
104,C_61_0,A_65_0,XXX
105,C_13_0,G_83_0,WCc
105,G_14_0,U_82_0,XXX
105,C_15_0,G_81_0,WCc
105,U_16_0,A_80_0,WCc
105,U_17_0,A_79_0,WCc
105,C_18_0,G_78_0,WCc
105,A_19_0,U_77_0,WCc
105,U_20_0,A_76_0,WCc
105,A_21_0,U_75_0,WCc
105,U_22_0,A_52_0,WCc
105,A_23_0,G_46_0,WSc
105,U_25_0,A_45_0,WCc
105,C_26_0,G_44_0,WCc
105,C_27_0,G_43_0,WCc
105,U_28_0,G_42_0,GUc
105,A_29_0,U_41_0,WWc
105,A_30_0,U_40_0,WCc
105,U_31_0,U_39_0,WWc
105,A_33_0,G_37_0,SSc
105,A_33_0,A_66_0,WHt
105,U_34_0,A_35_0,SHc
105,U_34_0,G_37_0,SSt
105,U_34_0,A_65_0,WHt
105,G_37_0,C_61_0,WCc
105,G_38_0,C_60_0,WCc
105,G_38_0,A_66_0,SWt
105,G_46_0,C_53_0,WCc
105,C_54_0,G_72_0,WCc
105,A_55_0,U_71_0,WCc
105,A_56_0,U_70_0,WWc
105,G_57_0,C_69_0,WCc
105,A_58_0,U_68_0,WWc
105,G_59_0,C_67_0,WCc
105,C_60_0,A_66_0,XXX
105,C_61_0,A_65_0,XXX
105,A_66_0,C_67_0,XXX
106,C_13_0,U_82_0,XXX
106,C_13_0,G_83_0,WCc
106,G_14_0,U_82_0,GUc
106,C_15_0,G_81_0,WCc
106,U_16_0,A_80_0,WCc
106,U_17_0,A_79_0,WWc
106,C_18_0,G_78_0,WWc
106,C_18_0,A_79_0,WSc
106,A_19_0,U_77_0,WCc
106,U_20_0,A_76_0,WCc
106,A_21_0,U_75_0,WCc
106,U_22_0,A_52_0,WCc
106,A_23_0,G_46_0,WSc
106,U_25_0,A_45_0,WCc
106,C_26_0,G_44_0,WCc
106,C_27_0,G_43_0,WCc
106,U_28_0,G_42_0,GUc
106,A_29_0,U_41_0,WCc
106,A_30_0,U_40_0,WCc
106,U_31_0,U_39_0,WWc
106,A_33_0,G_37_0,SSc
106,A_33_0,G_38_0,XXX
106,A_33_0,A_66_0,WHt
106,U_34_0,A_35_0,SHc
106,U_34_0,G_37_0,SSt
106,U_34_0,A_65_0,WHt
106,G_37_0,C_60_0,WWc
106,G_37_0,C_61_0,WCc
106,G_38_0,G_59_0,WHt
106,G_38_0,C_60_0,WCc
106,G_38_0,A_66_0,SWt
106,G_46_0,C_53_0,WWc
106,C_54_0,G_72_0,WCc
106,A_55_0,U_71_0,WCc
106,A_56_0,U_70_0,WWc
106,G_57_0,C_69_0,WCc
106,A_58_0,U_68_0,WWc
106,G_59_0,C_67_0,WCc
106,C_60_0,A_66_0,XXX
106,C_61_0,A_65_0,SWc
107,C_13_0,G_83_0,WWc
107,G_14_0,U_82_0,GUc
107,C_15_0,G_81_0,WCc
107,U_16_0,A_80_0,WCc
107,U_17_0,A_79_0,WWc
107,C_18_0,G_78_0,WCc
107,A_19_0,U_77_0,WCc
107,U_20_0,A_76_0,WCc
107,U_20_0,U_77_0,XXX
107,A_21_0,U_75_0,WCc
107,U_22_0,U_51_0,XXX
107,U_22_0,A_52_0,WCc
107,A_23_0,G_46_0,WSt
107,U_25_0,A_45_0,WCc
107,U_25_0,C_53_0,XXX
107,C_26_0,G_44_0,WCc
107,C_27_0,G_43_0,WCc
107,U_28_0,G_42_0,GUc
107,A_29_0,U_41_0,WCc
107,A_30_0,U_40_0,WCc
107,U_31_0,U_39_0,WWc
107,A_33_0,G_37_0,SSc
107,A_33_0,G_38_0,XXX
107,A_33_0,A_66_0,WHt
107,U_34_0,G_37_0,SSt
107,U_34_0,A_65_0,WHt
107,G_37_0,C_60_0,WWc
107,G_37_0,C_61_0,WWc
107,G_38_0,C_60_0,WCc
107,G_38_0,A_66_0,SWt
107,G_46_0,C_53_0,WCc
107,C_54_0,G_72_0,WCc
107,A_55_0,U_71_0,WWc
107,A_56_0,U_70_0,WCc
107,A_56_0,U_71_0,XXX
107,G_57_0,C_69_0,WCc
107,A_58_0,U_68_0,WWc
107,G_59_0,C_67_0,WCc
107,C_61_0,A_65_0,XXX
108,G_14_0,U_82_0,GUc
108,C_15_0,G_81_0,WCc
108,U_16_0,A_80_0,WCc
108,U_17_0,A_79_0,WCc
108,C_18_0,G_78_0,WCc
108,A_19_0,U_77_0,WCc
108,U_20_0,A_76_0,WCc
108,A_21_0,U_75_0,WWc
108,U_22_0,A_52_0,WCc
108,A_23_0,G_46_0,WSt
108,U_25_0,A_45_0,WCc
108,U_25_0,C_53_0,XXX
108,C_26_0,G_44_0,WCc
108,C_27_0,G_43_0,WCc
108,U_28_0,G_42_0,GUc
108,A_29_0,U_41_0,WCc
108,A_30_0,U_40_0,WCc
108,U_31_0,U_39_0,WWc
108,U_31_0,U_40_0,XXX
108,A_33_0,G_37_0,SSc
108,A_33_0,A_66_0,WHt
108,U_34_0,A_35_0,SHc
108,U_34_0,G_37_0,SSc
108,U_34_0,A_65_0,WHt
108,G_37_0,C_60_0,XXX
108,G_37_0,C_61_0,WCc
108,G_38_0,C_60_0,WCc
108,G_38_0,A_66_0,SWt
108,G_46_0,C_53_0,WCc
108,U_51_0,U_75_0,XXX
108,C_54_0,G_72_0,WCc
108,A_55_0,U_70_0,WWc
108,A_55_0,U_71_0,WWc
108,A_56_0,U_70_0,WCc
108,A_56_0,U_71_0,WWc
108,G_57_0,C_69_0,WWc
108,A_58_0,U_68_0,WWc
108,G_59_0,C_67_0,WCc
108,C_61_0,A_65_0,SWc
108,C_61_0,A_66_0,XXX
109,C_13_0,G_83_0,WCc
109,G_14_0,U_82_0,GUc
109,C_15_0,G_81_0,WCc
109,U_16_0,A_80_0,WCc
109,U_17_0,A_79_0,WCc
109,C_18_0,G_78_0,WCc
109,A_19_0,U_77_0,WCc
109,U_20_0,A_76_0,WCc
109,A_21_0,U_75_0,WCc
109,U_22_0,U_47_0,XXX
109,U_22_0,A_52_0,WCc
109,A_23_0,G_46_0,WSc
109,U_25_0,A_45_0,WCc
109,U_25_0,C_53_0,XXX
109,C_26_0,G_44_0,WCc
109,C_27_0,G_43_0,WCc
109,U_28_0,G_42_0,GUc
109,A_29_0,U_41_0,WCc
109,A_30_0,U_40_0,WCc
109,U_31_0,U_39_0,WWc
109,U_31_0,U_40_0,SWc
109,A_33_0,G_37_0,SSc
109,A_33_0,G_38_0,XXX
109,A_33_0,A_66_0,WHt
109,U_34_0,G_37_0,SSt
109,U_34_0,A_65_0,WHt
109,G_37_0,C_60_0,WWc
109,G_37_0,C_61_0,WCc
109,G_38_0,G_59_0,WHc
109,G_38_0,C_60_0,WCc
109,G_38_0,A_66_0,SWt
109,G_46_0,C_53_0,WCc
109,C_54_0,G_72_0,WCc
109,A_55_0,U_71_0,WCc
109,A_56_0,U_70_0,WCc
109,G_57_0,C_69_0,WCc
109,A_58_0,U_68_0,WWc
109,G_59_0,C_67_0,WCc
109,C_61_0,A_65_0,SWc
110,C_13_0,G_83_0,WCc
110,G_14_0,U_82_0,GUc
110,C_15_0,G_81_0,WCc
110,U_16_0,A_80_0,WCc
110,U_17_0,A_79_0,WCc
110,C_18_0,G_78_0,WCc
110,A_19_0,U_77_0,WCc
110,U_20_0,A_76_0,WCc
110,U_20_0,U_77_0,XXX
110,A_21_0,U_75_0,WCc
110,U_22_0,A_52_0,WCc
110,A_23_0,G_46_0,WSt
110,U_25_0,A_45_0,WCc
110,U_25_0,C_53_0,XXX
110,C_26_0,G_44_0,WWc
110,C_27_0,G_43_0,WCc
110,U_28_0,G_42_0,GUc
110,A_29_0,U_41_0,WCc
110,A_30_0,U_40_0,WCc
110,U_31_0,U_39_0,WWc
110,A_33_0,G_37_0,SSc
110,A_33_0,G_38_0,XXX
110,A_33_0,A_66_0,WHt
110,U_34_0,G_37_0,SSt
110,U_34_0,A_65_0,WHt
110,G_37_0,C_61_0,WWc
110,G_37_0,A_66_0,XXX
110,G_38_0,G_59_0,XXX
110,G_38_0,C_60_0,WCc
110,G_38_0,A_66_0,SWt
110,G_46_0,C_53_0,WCc
110,C_54_0,G_72_0,WCc
110,A_55_0,U_71_0,WCc
110,A_56_0,U_70_0,WCc
110,G_57_0,C_69_0,WWc
110,A_58_0,U_68_0,WWc
110,G_59_0,C_67_0,WCc
110,C_61_0,A_65_0,SWc
111,C_13_0,G_83_0,WCc
111,G_14_0,U_82_0,GUc
111,C_15_0,G_81_0,WCc
111,U_16_0,A_80_0,WWc
111,U_17_0,A_79_0,WCc
111,C_18_0,G_78_0,WCc
111,A_19_0,U_77_0,WCc
111,U_20_0,A_76_0,WCc
111,A_21_0,U_75_0,WCc
111,U_22_0,U_47_0,XXX
111,U_22_0,A_52_0,WCc
111,A_23_0,G_46_0,WSc
111,U_25_0,A_45_0,WCc
111,C_26_0,G_44_0,WCc
111,C_27_0,G_43_0,WCc
111,U_28_0,G_42_0,GUc
111,A_29_0,U_41_0,WCc
111,A_30_0,U_40_0,WCc
111,U_31_0,U_39_0,WWc
111,A_33_0,G_37_0,SSc
111,A_33_0,A_66_0,WHt
111,U_34_0,A_35_0,SHc
111,U_34_0,G_37_0,SSt
111,U_34_0,A_65_0,WHt
111,G_37_0,C_60_0,XXX
111,G_37_0,C_61_0,WCc
111,G_38_0,C_60_0,WWc
111,G_38_0,A_66_0,SWt
111,G_46_0,C_53_0,WCc
111,U_51_0,U_75_0,XXX
111,C_54_0,G_72_0,WWc
111,A_55_0,U_71_0,WCc
111,A_56_0,U_70_0,WCc
111,G_57_0,C_69_0,WWc
111,A_58_0,U_68_0,WWc
111,G_59_0,C_67_0,WCc
111,C_61_0,A_65_0,SWc
112,C_13_0,G_83_0,WWc
112,G_14_0,U_82_0,GUc
112,C_15_0,G_81_0,WCc
112,U_16_0,A_80_0,WCc
112,U_17_0,A_79_0,WCc
112,C_18_0,G_78_0,WCc
112,A_19_0,U_77_0,WCc
112,U_20_0,A_76_0,WCc
112,U_20_0,U_77_0,XXX
112,A_21_0,U_75_0,WCc
112,U_22_0,U_51_0,XXX
112,U_22_0,A_52_0,WCc
112,A_23_0,G_46_0,WSc
112,U_25_0,A_45_0,WCc
112,U_25_0,C_53_0,XXX
112,C_26_0,G_44_0,WWc
112,C_27_0,G_43_0,WCc
112,U_28_0,G_42_0,GUc
112,A_29_0,U_41_0,WCc
112,A_30_0,U_40_0,WWc
112,U_31_0,U_39_0,WWc
112,A_33_0,G_37_0,SSc
112,A_33_0,A_66_0,WHt
112,U_34_0,G_37_0,SSt
112,U_34_0,A_65_0,WHt
112,G_37_0,C_60_0,WWc
112,G_37_0,C_61_0,WCc
112,G_38_0,C_60_0,WCc
112,G_38_0,A_66_0,SWt
112,G_46_0,C_53_0,WCc
112,U_48_0,U_49_0,XXX
112,C_54_0,A_55_0,XXX
112,A_55_0,U_71_0,WCc
112,A_56_0,U_70_0,WCc
112,A_56_0,U_71_0,WWc
112,G_57_0,C_69_0,WCc
112,A_58_0,U_68_0,WWc
112,G_59_0,C_67_0,WCc
112,C_60_0,A_66_0,XXX
112,C_61_0,A_65_0,SWc
113,G_14_0,U_82_0,WWc
113,C_15_0,G_81_0,WCc
113,U_16_0,A_80_0,WWc
113,U_17_0,A_79_0,WWc
113,U_17_0,A_80_0,WWc
113,C_18_0,G_78_0,WCc
113,C_18_0,A_79_0,XXX
113,A_19_0,U_77_0,WCc
113,U_20_0,A_76_0,WCc
113,A_21_0,U_75_0,XXX
113,U_22_0,A_52_0,WCc
113,A_23_0,G_46_0,WSc
113,U_25_0,A_45_0,WWc
113,C_26_0,G_44_0,WCc
113,C_27_0,G_43_0,WCc
113,U_28_0,G_42_0,GUc
113,A_29_0,U_41_0,WCc
113,A_30_0,U_40_0,WCc
113,U_31_0,U_39_0,WWc
113,A_33_0,G_37_0,SSc
113,A_33_0,A_66_0,WHt
113,U_34_0,G_37_0,XXX
113,U_34_0,A_65_0,WHt
113,G_37_0,C_60_0,WWc
113,G_37_0,C_61_0,WCc
113,G_38_0,C_60_0,WCc
113,G_38_0,A_66_0,SWt
113,G_46_0,C_53_0,WCc
113,C_54_0,A_55_0,WHc
113,C_54_0,G_72_0,WWc
113,A_55_0,U_71_0,WCc
113,A_56_0,U_70_0,WCc
113,G_57_0,C_69_0,WCc
113,A_58_0,U_68_0,WWc
113,G_59_0,C_67_0,WCc
113,C_60_0,A_66_0,XXX
113,C_61_0,A_65_0,XXX
114,C_13_0,G_83_0,WCc
114,G_14_0,U_82_0,GUc
114,C_15_0,G_81_0,WCc
114,U_16_0,A_80_0,WCc
114,U_17_0,A_79_0,WCc
114,C_18_0,G_78_0,WCc
114,A_19_0,U_77_0,WCc
114,U_20_0,A_76_0,WCc
114,A_21_0,U_75_0,WCc
114,U_22_0,A_52_0,WCc
114,A_23_0,A_45_0,XXX
114,A_23_0,G_46_0,WSc
114,U_25_0,A_45_0,WCc
114,C_26_0,G_44_0,WCc
114,C_27_0,G_43_0,WCc
114,U_28_0,G_42_0,GUc
114,A_29_0,U_41_0,WCc
114,A_30_0,U_40_0,WCc
114,U_31_0,U_39_0,WWc
114,U_31_0,U_40_0,WWc
114,A_33_0,G_37_0,SSc
114,A_33_0,G_38_0,XXX
114,A_33_0,A_66_0,WHt
114,U_34_0,G_37_0,SSt
114,U_34_0,A_65_0,WHt
114,G_37_0,C_60_0,WWc
114,G_37_0,C_61_0,WWc
114,G_38_0,G_59_0,WHt
114,G_38_0,C_60_0,WCc
114,G_38_0,A_66_0,SWt
114,G_46_0,C_53_0,WCc
114,C_54_0,G_72_0,WCc
114,A_55_0,U_71_0,WCc
114,A_56_0,U_70_0,WCc
114,G_57_0,C_69_0,WCc
114,A_58_0,U_68_0,WWc
114,G_59_0,C_67_0,WCc
114,C_60_0,A_66_0,XXX
114,C_60_0,C_67_0,XXX
114,C_61_0,A_65_0,SWc
115,C_13_0,G_83_0,WCc
115,G_14_0,U_82_0,GUc
115,C_15_0,G_81_0,WCc
115,U_16_0,A_80_0,WCc
115,U_17_0,A_79_0,WCc
115,C_18_0,G_78_0,WCc
115,A_19_0,U_77_0,WCc
115,U_20_0,A_76_0,WWc
115,A_21_0,U_75_0,WCc
115,U_22_0,A_52_0,WCc
115,A_23_0,G_46_0,WSt
115,U_25_0,A_45_0,WCc
115,U_25_0,C_53_0,HSc
115,C_26_0,G_44_0,WCc
115,C_27_0,G_43_0,WCc
115,U_28_0,G_42_0,GUc
115,A_29_0,U_41_0,WCc
115,A_30_0,U_40_0,WCc
115,U_31_0,U_39_0,WWc
115,A_33_0,G_37_0,SSc
115,A_33_0,G_38_0,XXX
115,A_33_0,A_66_0,WHt
115,U_34_0,G_37_0,SSt
115,U_34_0,A_65_0,WHt
115,G_37_0,C_61_0,WCc
115,G_38_0,G_59_0,WHt
115,G_38_0,C_60_0,WCc
115,G_38_0,A_66_0,SWt
115,G_46_0,C_53_0,WCc
115,C_54_0,G_72_0,WCc
115,A_55_0,U_71_0,WCc
115,A_56_0,U_70_0,WCc
115,G_57_0,C_69_0,WCc
115,A_58_0,U_68_0,WWc
115,G_59_0,C_67_0,WCc
115,C_60_0,A_66_0,XXX
115,C_61_0,A_65_0,SWc
116,C_13_0,G_83_0,WCc
116,G_14_0,U_82_0,GUc
116,C_15_0,G_81_0,WCc
116,C_15_0,U_82_0,XXX
116,U_16_0,A_80_0,WCc
116,U_17_0,A_79_0,WCc
116,C_18_0,G_78_0,WCc
116,A_19_0,U_77_0,WCc
116,U_20_0,A_76_0,WCc
116,A_21_0,U_75_0,WCc
116,U_22_0,A_52_0,WCc
116,A_23_0,A_45_0,XXX
116,A_23_0,G_46_0,WSt
116,U_25_0,A_45_0,WCc
116,C_26_0,G_44_0,WCc
116,C_27_0,G_43_0,WCc
116,U_28_0,G_42_0,GUc
116,A_29_0,U_41_0,WCc
116,A_30_0,U_40_0,WCc
116,U_31_0,U_39_0,WWc
116,A_33_0,G_37_0,SSc
116,A_33_0,A_66_0,WHt
116,U_34_0,A_35_0,SHc
116,U_34_0,G_37_0,SSt
116,U_34_0,A_65_0,WHt
116,G_37_0,C_60_0,WWc
116,G_37_0,C_61_0,WCc
116,G_38_0,C_60_0,WCc
116,G_38_0,A_66_0,SWt
116,G_46_0,C_53_0,WCc
116,U_49_0,C_50_0,XXX
116,C_54_0,G_72_0,WCc
116,A_56_0,U_70_0,WCc
116,A_56_0,U_71_0,SWc
116,G_57_0,C_69_0,WCc
116,A_58_0,U_68_0,WWc
116,G_59_0,C_67_0,WCc
116,C_61_0,A_65_0,SWc
116,A_66_0,C_67_0,XXX
117,C_13_0,G_83_0,WCc
117,G_14_0,U_82_0,GUc
117,C_15_0,G_81_0,WCc
117,U_16_0,A_80_0,WCc
117,U_17_0,A_79_0,WCc
117,C_18_0,G_78_0,WCc
117,A_19_0,U_77_0,WCc
117,U_20_0,A_76_0,WCc
117,A_21_0,U_75_0,WCc
117,U_22_0,A_52_0,WCc
117,A_23_0,G_46_0,WSt
117,U_25_0,A_45_0,WCc
117,C_26_0,G_44_0,WCc
117,C_27_0,G_43_0,WCc
117,U_28_0,G_42_0,GUc
117,A_29_0,U_41_0,WCc
117,A_30_0,U_40_0,WCc
117,U_31_0,U_39_0,WWc
117,A_33_0,G_37_0,SSc
117,A_33_0,G_38_0,XXX
117,A_33_0,A_66_0,WHt
117,U_34_0,A_35_0,SHc
117,U_34_0,G_37_0,SSt
117,U_34_0,A_65_0,WHt
117,A_35_0,A_64_0,HHc
117,G_37_0,C_60_0,WWc
117,G_37_0,C_61_0,WCc
117,G_38_0,C_60_0,WCc
117,G_38_0,A_66_0,SWt
117,U_41_0,G_42_0,WHc
117,G_46_0,A_52_0,XXX
117,G_46_0,C_53_0,WWc
117,C_54_0,G_72_0,WCc
117,A_55_0,U_71_0,WCc
117,A_56_0,U_70_0,WCc
117,G_57_0,C_69_0,WCc
117,A_58_0,U_68_0,WWc
117,G_59_0,C_67_0,WCc
117,C_61_0,A_65_0,SWc
118,C_13_0,G_83_0,WCc
118,G_14_0,U_82_0,GUc
118,C_15_0,G_81_0,WCc
118,U_16_0,A_80_0,WCc
118,U_17_0,A_79_0,WCc
118,C_18_0,G_78_0,WCc
118,A_19_0,A_76_0,XXX
118,A_19_0,U_77_0,WCc
118,U_20_0,A_76_0,WCc
118,A_21_0,U_75_0,WCc
118,U_22_0,U_51_0,XXX
118,U_22_0,A_52_0,WCc
118,A_23_0,G_46_0,WSc
118,U_25_0,A_45_0,WCc
118,C_26_0,G_44_0,WCc
118,C_26_0,A_45_0,WWc
118,C_27_0,G_43_0,WCc
118,U_28_0,G_42_0,GUc
118,A_29_0,U_41_0,WCc
118,A_30_0,U_40_0,WCc
118,U_31_0,U_39_0,WWc
118,A_33_0,G_37_0,SSc
118,A_33_0,A_66_0,WHt
118,U_34_0,G_37_0,SSt
118,U_34_0,A_65_0,WHt
118,A_35_0,A_64_0,HHc
118,G_37_0,C_60_0,WWc
118,G_37_0,C_61_0,WCc
118,G_38_0,C_60_0,WCc
118,G_38_0,A_66_0,SWt
118,G_46_0,C_53_0,WCc
118,C_54_0,G_72_0,WCc
118,A_55_0,U_71_0,WCc
118,A_56_0,U_70_0,WCc
118,G_57_0,C_69_0,WCc
118,A_58_0,U_68_0,WWc
118,G_59_0,C_67_0,WCc
118,C_61_0,A_65_0,SWc
119,C_13_0,G_83_0,WCc
119,G_14_0,U_82_0,GUc
119,C_15_0,G_81_0,WCc
119,U_16_0,A_80_0,WCc
119,U_17_0,A_79_0,WCc
119,C_18_0,G_78_0,WCc
119,A_19_0,U_77_0,WCc
119,U_20_0,A_76_0,WCc
119,A_21_0,U_75_0,WWc
119,U_22_0,A_52_0,WCc
119,A_23_0,G_46_0,WSt
119,U_25_0,A_45_0,WCc
119,C_26_0,G_44_0,WCc
119,C_27_0,G_43_0,WCc
119,U_28_0,G_42_0,GUc
119,A_29_0,U_41_0,WCc
119,A_30_0,U_40_0,WWc
119,U_31_0,U_39_0,WWc
119,U_31_0,U_40_0,WWc
119,A_33_0,A_66_0,WHt
119,U_34_0,G_37_0,SSt
119,U_34_0,A_65_0,WHt
119,G_37_0,C_60_0,WWc
119,G_37_0,C_61_0,WCc
119,G_38_0,G_59_0,WHc
119,G_38_0,C_60_0,WCc
119,G_38_0,A_66_0,SWt
119,A_45_0,C_53_0,XXX
119,G_46_0,U_47_0,XXX
119,G_46_0,C_53_0,WCc
119,U_51_0,U_75_0,XXX
119,C_54_0,G_72_0,WCc
119,A_55_0,U_71_0,WCc
119,A_56_0,U_70_0,WCc
119,A_56_0,U_71_0,XXX
119,G_57_0,C_69_0,WCc
119,A_58_0,U_68_0,XXX
119,G_59_0,C_67_0,WCc
119,C_61_0,A_65_0,SWc
120,C_13_0,G_83_0,WCc
120,G_14_0,U_82_0,GUc
120,C_15_0,G_81_0,WCc
120,U_16_0,A_80_0,WCc
120,U_17_0,A_79_0,WWc
120,C_18_0,G_78_0,WCc
120,A_19_0,U_77_0,WCc
120,U_20_0,A_76_0,WCc
120,A_21_0,U_75_0,WCc
120,U_22_0,A_52_0,WCc
120,A_23_0,G_46_0,WSt
120,U_25_0,A_45_0,WCc
120,U_25_0,C_53_0,XXX
120,C_26_0,G_44_0,WCc
120,C_27_0,G_43_0,WCc
120,U_28_0,G_42_0,GUc
120,A_29_0,U_41_0,WCc
120,A_30_0,U_40_0,WCc
120,U_31_0,U_39_0,WWc
120,A_33_0,A_66_0,WHt
120,U_34_0,G_37_0,SSt
120,U_34_0,A_65_0,WHt
120,A_35_0,U_62_0,XXX
120,G_37_0,C_60_0,XXX
120,G_37_0,C_61_0,WCc
120,G_38_0,C_60_0,WCc
120,G_38_0,A_66_0,SWt
120,G_46_0,C_53_0,WCc
120,C_54_0,G_72_0,WCc
120,A_55_0,U_71_0,WCc
120,A_56_0,U_70_0,WCc
120,G_57_0,C_69_0,WCc
120,A_58_0,U_68_0,WCc
120,G_59_0,C_67_0,WCc
120,C_61_0,A_65_0,SWc
120,U_62_0,U_63_0,XXX
121,C_13_0,G_83_0,WCc
121,G_14_0,U_82_0,GUc
121,C_15_0,G_81_0,WWc
121,C_15_0,U_82_0,XXX
121,U_16_0,A_80_0,WCc
121,U_17_0,A_79_0,WCc
121,C_18_0,G_78_0,WCc
121,A_19_0,U_77_0,WCc
121,U_20_0,A_76_0,WCc
121,A_21_0,U_75_0,WCc
121,U_22_0,A_52_0,WCc
121,A_23_0,G_46_0,WSt
121,U_25_0,A_45_0,WCc
121,C_26_0,G_44_0,WCc
121,C_27_0,G_43_0,WWc
121,U_28_0,G_42_0,GUc
121,A_29_0,U_41_0,WCc
121,A_30_0,U_40_0,WCc
121,U_31_0,U_39_0,WWc
121,A_33_0,G_38_0,XXX
121,A_33_0,A_66_0,WHt
121,U_34_0,G_37_0,SSt
121,U_34_0,A_65_0,WHt
121,A_35_0,U_62_0,XXX
121,G_37_0,C_60_0,WWc
121,G_37_0,C_61_0,WCc
121,G_37_0,A_65_0,XXX
121,G_38_0,G_59_0,WHc
121,G_38_0,C_60_0,WCc
121,G_38_0,A_66_0,SWt
121,G_46_0,C_53_0,WWc
121,C_54_0,G_72_0,WCc
121,A_55_0,U_71_0,WCc
121,A_56_0,U_70_0,WCc
121,G_57_0,C_69_0,WCc
121,A_58_0,U_68_0,WCc
121,G_59_0,C_67_0,WCc
121,C_61_0,A_65_0,SWc
121,U_63_0,A_64_0,XXX
122,C_13_0,G_83_0,WCc
122,G_14_0,U_82_0,GUc
122,C_15_0,G_81_0,WCc
122,U_16_0,A_80_0,WCc
122,U_17_0,A_79_0,WCc
122,C_18_0,G_78_0,WCc
122,A_19_0,U_77_0,WCc
122,U_20_0,A_76_0,WWc
122,A_21_0,U_75_0,WWc
122,U_22_0,U_47_0,XXX
122,U_22_0,A_52_0,WCc
122,A_23_0,G_46_0,WSc
122,U_25_0,A_45_0,WCc
122,C_26_0,G_44_0,WCc
122,C_27_0,G_43_0,WCc
122,U_28_0,G_42_0,GUc
122,A_29_0,U_41_0,WCc
122,A_30_0,U_40_0,WCc
122,U_31_0,U_39_0,WWc
122,A_33_0,G_37_0,SSc
122,A_33_0,G_38_0,XXX
122,A_33_0,A_66_0,WHt
122,U_34_0,G_37_0,SSt
122,U_34_0,A_65_0,WHt
122,G_37_0,C_60_0,WWc
122,G_37_0,C_61_0,WCc
122,G_37_0,A_66_0,XXX
122,G_38_0,C_60_0,WCc
122,G_38_0,A_66_0,SWt
122,G_46_0,C_53_0,WCc
122,C_54_0,G_72_0,WWc
122,A_55_0,U_71_0,WCc
122,A_56_0,U_70_0,WCc
122,G_57_0,C_69_0,WCc
122,A_58_0,U_68_0,WCc
122,G_59_0,C_67_0,WCc
122,C_60_0,A_66_0,XXX
122,C_61_0,A_65_0,SWc
122,C_61_0,A_66_0,XXX
123,C_13_0,G_83_0,WCc
123,G_14_0,U_82_0,GUc
123,C_15_0,G_81_0,WWc
123,U_16_0,A_80_0,WCc
123,U_17_0,A_79_0,WCc
123,C_18_0,G_78_0,WCc
123,A_19_0,A_76_0,XXX
123,A_19_0,U_77_0,WCc
123,U_20_0,A_76_0,WCc
123,A_21_0,U_75_0,WCc
123,U_22_0,U_47_0,XXX
123,U_22_0,A_52_0,WCc
123,A_23_0,A_45_0,XXX
123,A_23_0,G_46_0,WSc
123,U_25_0,A_45_0,WCc
123,C_26_0,G_44_0,WCc
123,C_27_0,G_43_0,WCc
123,U_28_0,G_42_0,GUc
123,A_29_0,U_41_0,WCc
123,A_30_0,U_40_0,WCc
123,U_31_0,U_39_0,WWc
123,A_33_0,G_37_0,SSc
123,A_33_0,G_38_0,XXX
123,A_33_0,A_66_0,WHt
123,U_34_0,G_37_0,SSt
123,U_34_0,A_65_0,WHt
123,G_37_0,C_61_0,WCc
123,G_38_0,G_59_0,WHc
123,G_38_0,C_60_0,WCc
123,G_38_0,A_66_0,SWt
123,G_46_0,U_47_0,XXX
123,G_46_0,C_53_0,WCc
123,U_47_0,U_51_0,XXX
123,C_54_0,G_72_0,WCc
123,A_55_0,U_71_0,WCc
123,A_56_0,U_70_0,WCc
123,G_57_0,C_69_0,WCc
123,A_58_0,U_68_0,WCc
123,G_59_0,C_67_0,WCc
123,C_60_0,A_66_0,XXX
123,C_61_0,A_65_0,SWc
124,C_13_0,G_83_0,WCc
124,G_14_0,U_82_0,GUc
124,C_15_0,G_81_0,WCc
124,U_16_0,A_80_0,WWc
124,U_17_0,A_79_0,WCc
124,U_17_0,A_80_0,WWc
124,C_18_0,G_78_0,WCc
124,A_19_0,U_77_0,WCc
124,U_20_0,A_76_0,WCc
124,A_21_0,U_75_0,WCc
124,U_22_0,U_47_0,XXX
124,U_22_0,A_52_0,WCc
124,A_23_0,G_46_0,WSt
124,U_25_0,A_45_0,WCc
124,U_25_0,C_53_0,XXX
124,C_26_0,G_44_0,WCc
124,C_27_0,G_43_0,WCc
124,U_28_0,G_42_0,GUc
124,A_29_0,U_41_0,WCc
124,A_30_0,U_40_0,WCc
124,U_31_0,U_39_0,WWc
124,A_33_0,G_37_0,SSc
124,A_33_0,G_38_0,XXX
124,A_33_0,A_66_0,WHt
124,U_34_0,G_37_0,SSt
124,U_34_0,A_65_0,WHt
124,G_37_0,C_60_0,WWc
124,G_37_0,C_61_0,WCc
124,G_38_0,C_60_0,WCc
124,G_38_0,A_66_0,SWt
124,G_46_0,C_53_0,WCc
124,C_54_0,G_72_0,WCc
124,A_55_0,U_71_0,WCc
124,A_56_0,U_70_0,WCc
124,G_57_0,C_69_0,WCc
124,A_58_0,U_68_0,WCc
124,G_59_0,C_67_0,WCc
124,C_60_0,A_66_0,XXX
124,C_61_0,A_65_0,XXX
125,C_13_0,G_83_0,WCc
125,G_14_0,U_82_0,GUc
125,C_15_0,G_81_0,WCc
125,U_16_0,A_80_0,WCc
125,U_17_0,A_79_0,WCc
125,C_18_0,G_78_0,WCc
125,A_19_0,U_77_0,WCc
125,U_20_0,A_76_0,WCc
125,A_21_0,U_75_0,WCc
125,U_22_0,A_52_0,WWc
125,A_23_0,G_46_0,WSt
125,U_25_0,A_45_0,WWc
125,C_26_0,G_44_0,WCc
125,C_27_0,G_43_0,WCc
125,U_28_0,G_42_0,GUc
125,A_29_0,U_41_0,WCc
125,A_30_0,U_40_0,WCc
125,U_31_0,U_39_0,WWc
125,A_33_0,G_37_0,SSc
125,A_33_0,A_66_0,WHt
125,U_34_0,G_37_0,SSt
125,U_34_0,A_65_0,WHt
125,G_37_0,C_61_0,WCc
125,G_38_0,C_60_0,WCc
125,G_38_0,A_66_0,SWt
125,G_46_0,C_53_0,WCc
125,U_51_0,U_75_0,XXX
125,C_54_0,G_72_0,WCc
125,A_55_0,U_71_0,WCc
125,A_56_0,U_70_0,WCc
125,G_57_0,C_69_0,WCc
125,A_58_0,U_68_0,WCc
125,G_59_0,C_67_0,WCc
125,C_61_0,A_65_0,SWc
125,A_66_0,C_67_0,SHc
126,C_13_0,G_83_0,WCc
126,G_14_0,G_81_0,XXX
126,G_14_0,U_82_0,GUc
126,C_15_0,G_81_0,WCc
126,U_16_0,A_79_0,XXX
126,U_16_0,A_80_0,WCc
126,U_17_0,A_79_0,WCc
126,C_18_0,G_78_0,WCc
126,A_19_0,U_77_0,WWc
126,U_20_0,A_76_0,WCc
126,U_20_0,U_77_0,WWc
126,A_21_0,U_75_0,WCc
126,U_22_0,A_52_0,WWc
126,U_22_0,C_53_0,WWc
126,A_23_0,G_46_0,WSt
126,A_23_0,C_53_0,XXX
126,U_25_0,A_45_0,WCc
126,C_26_0,G_44_0,WCc
126,C_27_0,G_43_0,WCc
126,U_28_0,G_42_0,GUc
126,A_29_0,U_41_0,WWc
126,A_30_0,U_40_0,WWc
126,U_31_0,U_39_0,WWc
126,A_33_0,G_37_0,SSc
126,A_33_0,A_66_0,WHt
126,U_34_0,G_37_0,SSt
126,U_34_0,A_65_0,WHt
126,G_37_0,C_61_0,WCc
126,G_38_0,C_60_0,WCc
126,G_38_0,A_66_0,SWt
126,U_41_0,G_42_0,WHc
126,G_46_0,C_53_0,WWc
126,C_54_0,G_72_0,WCc
126,A_55_0,U_71_0,WWc
126,A_56_0,U_70_0,WCc
126,G_57_0,C_69_0,WCc
126,A_58_0,U_68_0,WCc
126,G_59_0,A_66_0,XXX
126,G_59_0,C_67_0,WCc
126,C_61_0,A_65_0,SWc
126,A_66_0,C_67_0,XXX
127,C_13_0,G_83_0,WCc
127,G_14_0,U_82_0,GUc
127,C_15_0,G_81_0,WCc
127,U_16_0,A_80_0,WCc
127,U_17_0,A_79_0,WCc
127,C_18_0,G_78_0,WCc
127,A_19_0,U_77_0,WWc
127,U_20_0,A_76_0,WCc
127,A_21_0,U_75_0,WCc
127,U_22_0,A_52_0,WWc
127,U_22_0,C_53_0,WWc
127,A_23_0,G_46_0,WSc
127,A_23_0,C_53_0,XXX
127,U_25_0,A_45_0,WCc
127,C_26_0,G_44_0,WCc
127,C_27_0,G_43_0,WCc
127,U_28_0,G_42_0,GUc
127,A_29_0,U_41_0,WCc
127,A_30_0,U_40_0,WCc
127,U_31_0,U_39_0,WWc
127,A_33_0,G_37_0,SSc
127,A_33_0,A_66_0,WHt
127,U_34_0,G_37_0,SSt
127,U_34_0,A_65_0,WHt
127,G_37_0,C_61_0,WCc
127,G_38_0,C_60_0,WCc
127,G_38_0,A_66_0,SWt
127,G_46_0,C_53_0,WWc
127,U_51_0,U_75_0,XXX
127,A_52_0,U_74_0,SWc
127,C_54_0,A_55_0,XXX
127,C_54_0,G_72_0,WWc
127,A_55_0,U_71_0,WCc
127,A_56_0,U_70_0,WCc
127,G_57_0,C_69_0,WCc
127,A_58_0,U_68_0,WCc
127,G_59_0,C_67_0,WCc
127,C_61_0,A_65_0,SWc
127,A_66_0,C_67_0,SHc
128,C_13_0,G_83_0,WWc
128,G_14_0,U_82_0,GUc
128,C_15_0,G_81_0,WCc
128,U_16_0,A_80_0,WCc
128,U_17_0,A_79_0,WCc
128,C_18_0,G_78_0,WCc
128,A_19_0,U_77_0,WCc
128,U_20_0,A_76_0,WCc
128,A_21_0,U_75_0,WWc
128,U_22_0,C_53_0,WWc
128,A_23_0,G_46_0,WSt
128,A_23_0,C_53_0,XXX
128,U_25_0,A_45_0,WWc
128,C_26_0,G_44_0,WCc
128,C_27_0,G_43_0,WCc
128,U_28_0,G_42_0,GUc
128,A_29_0,U_41_0,WCc
128,A_30_0,U_40_0,WCc
128,U_31_0,U_39_0,WWc
128,A_33_0,G_37_0,SSc
128,A_33_0,A_66_0,WHt
128,U_34_0,G_37_0,SSt
128,U_34_0,A_65_0,WHt
128,G_37_0,C_60_0,WWc
128,G_37_0,C_61_0,WWc
128,G_38_0,G_59_0,WHc
128,G_38_0,C_60_0,WWc
128,G_38_0,A_66_0,SWt
128,U_49_0,A_76_0,WSc
128,C_54_0,G_72_0,WCc
128,A_55_0,U_71_0,WCc
128,A_56_0,U_70_0,WWc
128,G_57_0,C_69_0,WCc
128,A_58_0,U_68_0,WCc
128,G_59_0,C_67_0,WCc
128,C_60_0,A_66_0,XXX
128,C_61_0,A_65_0,XXX
129,C_13_0,G_83_0,WCc
129,G_14_0,U_82_0,WWc
129,C_15_0,G_81_0,WWc
129,U_16_0,A_80_0,WCc
129,U_17_0,A_79_0,WCc
129,C_18_0,G_78_0,WCc
129,A_19_0,U_77_0,WCc
129,U_20_0,A_76_0,WWc
129,A_21_0,U_75_0,WCc
129,U_22_0,C_53_0,WWc
129,A_23_0,G_46_0,WSc
129,U_25_0,A_45_0,WWc
129,C_26_0,G_44_0,WCc
129,C_27_0,G_43_0,WCc
129,U_28_0,G_42_0,GUc
129,A_29_0,U_41_0,WCc
129,A_30_0,U_40_0,WCc
129,U_31_0,U_39_0,WWc
129,A_33_0,G_37_0,SSc
129,A_33_0,A_66_0,WHt
129,U_34_0,A_35_0,SHc
129,U_34_0,G_37_0,SSt
129,U_34_0,A_65_0,WHt
129,G_37_0,C_61_0,WCc
129,G_38_0,C_60_0,WCc
129,G_38_0,C_61_0,XXX
129,G_38_0,A_66_0,SWt
129,G_46_0,C_53_0,WWc
129,U_47_0,U_51_0,XXX
129,U_49_0,A_76_0,WSc
129,C_54_0,G_72_0,WCc
129,A_55_0,U_71_0,WCc
129,A_56_0,U_70_0,WCc
129,G_57_0,C_69_0,WCc
129,A_58_0,U_68_0,WCc
129,G_59_0,C_67_0,WCc
129,C_61_0,A_65_0,XXX
130,C_13_0,G_83_0,WWc
130,G_14_0,U_82_0,GUc
130,C_15_0,G_81_0,WCc
130,U_16_0,A_80_0,WCc
130,U_17_0,A_79_0,WCc
130,C_18_0,G_78_0,WCc
130,A_19_0,U_77_0,XXX
130,U_20_0,A_76_0,WWc
130,A_21_0,U_75_0,WWc
130,U_22_0,C_53_0,WWc
130,A_23_0,G_46_0,WSc
130,U_25_0,A_45_0,WCc
130,C_26_0,G_44_0,WCc
130,C_27_0,G_43_0,WCc
130,U_28_0,G_42_0,GUc
130,A_29_0,U_41_0,WCc
130,A_30_0,U_40_0,WCc
130,U_31_0,U_39_0,WWc
130,A_33_0,G_37_0,SSc
130,A_33_0,A_66_0,WHt
130,U_34_0,A_35_0,XXX
130,U_34_0,G_37_0,SSt
130,U_34_0,A_65_0,WHt
130,G_37_0,C_61_0,WCc
130,G_37_0,A_66_0,XXX
130,G_38_0,C_60_0,WCc
130,G_38_0,A_66_0,SWt
130,G_46_0,C_53_0,XXX
130,U_51_0,U_74_0,SWc
130,U_51_0,U_75_0,XXX
130,A_52_0,U_74_0,XXX
130,C_54_0,G_72_0,WCc
130,A_55_0,U_71_0,WCc
130,A_56_0,U_70_0,WCc
130,G_57_0,C_69_0,WCc
130,A_58_0,U_68_0,WCc
130,G_59_0,C_67_0,WCc
130,C_61_0,A_65_0,XXX
130,U_63_0,A_64_0,XXX
130,A_76_0,U_77_0,SWc
131,C_13_0,G_83_0,WWc
131,G_14_0,U_82_0,GUc
131,C_15_0,G_81_0,WCc
131,U_16_0,A_80_0,WCc
131,U_17_0,A_79_0,WWc
131,U_17_0,A_80_0,XXX
131,C_18_0,G_78_0,WCc
131,A_19_0,U_77_0,WCc
131,U_20_0,A_76_0,WCc
131,A_21_0,U_75_0,WCc
131,U_22_0,C_53_0,WWc
131,A_23_0,G_46_0,WSc
131,U_25_0,A_45_0,WCc
131,C_26_0,G_44_0,WCc
131,C_27_0,G_43_0,WCc
131,U_28_0,G_42_0,GUc
131,A_29_0,U_41_0,WCc
131,A_30_0,U_40_0,WCc
131,U_31_0,U_39_0,WWc
131,G_32_0,A_66_0,XXX
131,A_33_0,G_37_0,SSc
131,A_33_0,A_66_0,WHt
131,U_34_0,A_35_0,SHc
131,U_34_0,G_37_0,SSt
131,U_34_0,A_65_0,WHt
131,G_37_0,C_60_0,WWc
131,G_37_0,C_61_0,WCc
131,G_38_0,C_60_0,WCc
131,G_38_0,A_66_0,SWt
131,G_46_0,C_53_0,WWc
131,U_51_0,U_74_0,SWc
131,U_51_0,U_75_0,WSc
131,A_52_0,A_73_0,XXX
131,A_52_0,U_74_0,XXX
131,C_54_0,G_72_0,WCc
131,A_55_0,U_71_0,WWc
131,A_56_0,U_70_0,WCc
131,G_57_0,C_69_0,WCc
131,A_58_0,U_68_0,WCc
131,G_59_0,C_67_0,WCc
131,C_61_0,A_65_0,SWc
132,C_13_0,G_83_0,WCc
132,G_14_0,U_82_0,GUc
132,C_15_0,G_81_0,WCc
132,U_16_0,A_80_0,WCc
132,U_17_0,A_79_0,WCc
132,C_18_0,G_78_0,WCc
132,A_19_0,U_77_0,WCc
132,U_20_0,A_76_0,WCc
132,A_21_0,U_75_0,WCc
132,U_22_0,C_53_0,WWc
132,A_23_0,G_46_0,WSc
132,U_25_0,A_45_0,WCc
132,U_25_0,C_53_0,HSc
132,C_26_0,G_44_0,WCc
132,C_27_0,G_43_0,WCc
132,U_28_0,G_42_0,GUc
132,A_29_0,U_41_0,WCc
132,A_30_0,U_40_0,WCc
132,U_31_0,U_39_0,WWc
132,A_33_0,G_37_0,SSc
132,A_33_0,A_66_0,WHt
132,U_34_0,G_37_0,SSt
132,U_34_0,A_65_0,WHt
132,G_37_0,C_61_0,WCc
132,G_38_0,C_60_0,WCc
132,G_38_0,A_66_0,SWt
132,G_46_0,C_53_0,WWc
132,U_51_0,U_74_0,SWc
132,A_52_0,A_73_0,XXX
132,A_52_0,U_74_0,XXX
132,C_54_0,G_72_0,WCc
132,A_55_0,U_71_0,WCc
132,A_56_0,U_70_0,WCc
132,G_57_0,C_69_0,WCc
132,A_58_0,U_68_0,WCc
132,G_59_0,C_67_0,WCc
132,C_60_0,A_66_0,XXX
132,C_61_0,A_65_0,SWc
132,A_66_0,C_67_0,XXX
133,C_13_0,G_83_0,WCc
133,G_14_0,U_82_0,GUc
133,C_15_0,G_81_0,WCc
133,U_16_0,A_80_0,WWc
133,U_17_0,A_79_0,WWc
133,U_17_0,A_80_0,WSc
133,C_18_0,G_78_0,WCc
133,A_19_0,U_77_0,WCc
133,U_20_0,A_76_0,WCc
133,A_21_0,U_75_0,WCc
133,U_22_0,C_53_0,XXX
133,A_23_0,G_46_0,WSt
133,U_25_0,A_45_0,WCc
133,C_26_0,G_44_0,WCc
133,C_27_0,G_43_0,WCc
133,U_28_0,G_42_0,GUc
133,A_29_0,U_41_0,WCc
133,A_30_0,U_40_0,WCc
133,U_31_0,U_39_0,WWc
133,A_33_0,G_37_0,SSc
133,A_33_0,G_38_0,XXX
133,A_33_0,A_66_0,WHt
133,U_34_0,G_37_0,SSt
133,U_34_0,A_65_0,WHt
133,G_37_0,C_61_0,WCc
133,G_38_0,C_60_0,WCc
133,G_38_0,A_66_0,SWt
133,G_46_0,C_53_0,XXX
133,U_51_0,U_74_0,SWc
133,U_51_0,U_75_0,XXX
133,A_52_0,A_73_0,XXX
133,A_52_0,U_74_0,SWc
133,C_54_0,G_72_0,WCc
133,A_55_0,U_71_0,WCc
133,A_56_0,U_70_0,WCc
133,G_57_0,C_69_0,WCc
133,A_58_0,U_68_0,WCc
133,G_59_0,C_67_0,WCc
133,C_61_0,A_65_0,XXX
133,U_62_0,U_63_0,SHc
134,C_13_0,G_14_0,XXX
134,C_13_0,G_83_0,WCc
134,G_14_0,U_82_0,GUc
134,C_15_0,G_81_0,WCc
134,U_16_0,A_80_0,WCc
134,U_17_0,A_79_0,WCc
134,C_18_0,G_78_0,WCc
134,A_19_0,U_77_0,WCc
134,U_20_0,A_76_0,WCc
134,A_21_0,U_74_0,XXX
134,A_21_0,U_75_0,WCc
134,U_22_0,U_47_0,HSc
134,U_22_0,C_53_0,XXX
134,A_23_0,G_46_0,WSt
134,U_25_0,A_45_0,WCc
134,C_26_0,G_44_0,WCc
134,C_27_0,G_43_0,WCc
134,U_28_0,G_42_0,GUc
134,A_29_0,U_41_0,WCc
134,A_30_0,U_40_0,WWc
134,A_30_0,U_41_0,WWc
134,U_31_0,U_39_0,WWc
134,A_33_0,G_37_0,SSc
134,A_33_0,A_66_0,WHt
134,U_34_0,A_35_0,SHc
134,U_34_0,A_65_0,WHt
134,G_37_0,C_61_0,WCc
134,G_38_0,C_60_0,WCc
134,G_38_0,A_66_0,SWt
134,G_46_0,C_53_0,XXX
134,U_49_0,A_76_0,WSc
134,U_51_0,U_74_0,SWc
134,U_51_0,U_75_0,XXX
134,A_52_0,A_73_0,XXX
134,A_52_0,U_74_0,SWc
134,C_54_0,G_72_0,WCc
134,A_55_0,U_71_0,WWc
134,A_56_0,U_70_0,WCc
134,G_57_0,C_69_0,WCc
134,A_58_0,U_68_0,WCc
134,G_59_0,C_67_0,WCc
134,C_61_0,A_65_0,SWc
135,C_13_0,G_83_0,WWc
135,G_14_0,U_82_0,GUc
135,C_15_0,G_81_0,WCc
135,U_16_0,A_80_0,WCc
135,U_17_0,A_79_0,WCc
135,C_18_0,G_78_0,WCc
135,A_19_0,U_77_0,WCc
135,U_20_0,A_76_0,WCc
135,A_21_0,U_75_0,WCc
135,U_22_0,C_53_0,WWc
135,A_23_0,G_46_0,WSc
135,A_23_0,C_53_0,XXX
135,U_25_0,A_45_0,WCc
135,C_26_0,G_44_0,WCc
135,C_27_0,G_43_0,WCc
135,U_28_0,G_42_0,GUc
135,A_29_0,U_41_0,WCc
135,A_30_0,U_40_0,WCc
135,U_31_0,U_39_0,WWc
135,A_33_0,G_37_0,SSc
135,A_33_0,A_66_0,WHt
135,U_34_0,G_37_0,SSt
135,U_34_0,A_65_0,WHt
135,G_37_0,C_60_0,XXX
135,G_37_0,C_61_0,WCc
135,G_38_0,C_60_0,WWc
135,G_38_0,C_61_0,WWc
135,G_38_0,A_66_0,SWt
135,G_46_0,C_53_0,WWc
135,U_51_0,U_75_0,XXX
135,C_54_0,G_72_0,WCc
135,A_55_0,U_71_0,WCc
135,A_56_0,U_70_0,WCc
135,G_57_0,C_69_0,WCc
135,A_58_0,U_68_0,WCc
135,G_59_0,C_67_0,WCc
135,C_60_0,A_66_0,XXX
135,C_61_0,A_65_0,SWc
136,C_13_0,G_83_0,WCc
136,G_14_0,U_82_0,GUc
136,C_15_0,G_81_0,WCc
136,C_15_0,U_82_0,XXX
136,U_16_0,A_80_0,WCc
136,U_17_0,A_79_0,WCc
136,C_18_0,G_78_0,WCc
136,A_19_0,U_77_0,WCc
136,U_20_0,A_76_0,WCc
136,U_20_0,U_77_0,XXX
136,A_21_0,U_51_0,XXX
136,A_21_0,U_75_0,WWc
136,U_22_0,U_47_0,XXX
136,U_22_0,C_53_0,WWc
136,A_23_0,G_46_0,WSc
136,U_25_0,A_45_0,WWc
136,C_26_0,G_44_0,WCc
136,C_27_0,G_43_0,WCc
136,U_28_0,G_42_0,GUc
136,A_29_0,U_41_0,WCc
136,A_30_0,U_40_0,WCc
136,U_31_0,U_39_0,WWc
136,A_33_0,G_37_0,SSc
136,A_33_0,G_38_0,XXX
136,A_33_0,A_66_0,WHt
136,U_34_0,G_37_0,SSt
136,U_34_0,A_65_0,WHt
136,G_37_0,C_61_0,WWc
136,G_38_0,C_60_0,WCc
136,G_38_0,C_61_0,XXX
136,G_38_0,A_66_0,SWt
136,U_49_0,A_76_0,WSc
136,A_52_0,U_74_0,XXX
136,C_54_0,A_55_0,XXX
136,C_54_0,G_72_0,WCc
136,A_55_0,U_71_0,WCc
136,A_56_0,U_70_0,WCc
136,G_57_0,C_69_0,WCc
136,A_58_0,U_68_0,WCc
136,G_59_0,C_67_0,WCc
136,C_60_0,A_66_0,XXX
136,C_61_0,A_65_0,SWc
137,C_13_0,G_83_0,WCc
137,G_14_0,U_82_0,GUc
137,C_15_0,G_81_0,WCc
137,U_16_0,A_80_0,WCc
137,U_17_0,A_79_0,WCc
137,C_18_0,G_78_0,WCc
137,A_19_0,U_77_0,WCc
137,U_20_0,A_76_0,WCc
137,A_21_0,U_75_0,WCc
137,U_22_0,U_47_0,XXX
137,U_22_0,C_53_0,WWc
137,A_23_0,G_46_0,WSc
137,A_23_0,C_53_0,XXX
137,U_25_0,A_45_0,WWc
137,U_25_0,C_53_0,XXX
137,C_26_0,G_44_0,WCc
137,C_27_0,G_43_0,WCc
137,U_28_0,G_42_0,WWc
137,A_29_0,U_41_0,WCc
137,A_30_0,U_40_0,WCc
137,U_31_0,U_39_0,WWc
137,A_33_0,G_38_0,XXX
137,A_33_0,A_66_0,WHt
137,U_34_0,G_37_0,SSt
137,U_34_0,A_65_0,WHt
137,G_37_0,C_60_0,WWc
137,G_37_0,C_61_0,WCc
137,G_38_0,C_60_0,WCc
137,G_38_0,A_66_0,SWt
137,G_46_0,C_53_0,WWc
137,A_52_0,A_73_0,XXX
137,A_52_0,U_74_0,SWc
137,C_54_0,G_72_0,WCc
137,A_55_0,U_71_0,WCc
137,A_56_0,U_70_0,WCc
137,G_57_0,C_69_0,WCc
137,A_58_0,U_68_0,WCc
137,G_59_0,C_67_0,WCc
137,C_61_0,A_65_0,SWc
138,C_13_0,G_83_0,WCc
138,G_14_0,U_82_0,GUc
138,C_15_0,G_81_0,WCc
138,U_16_0,A_80_0,WCc
138,U_17_0,A_79_0,WCc
138,C_18_0,G_78_0,WCc
138,A_19_0,U_77_0,WWc
138,U_20_0,A_76_0,WCc
138,A_21_0,U_51_0,XXX
138,A_21_0,U_75_0,WWc
138,U_22_0,U_47_0,XXX
138,U_22_0,C_53_0,WWc
138,A_23_0,G_46_0,WSt
138,U_25_0,A_45_0,WCc
138,C_26_0,G_44_0,WCc
138,C_27_0,G_43_0,WCc
138,U_28_0,G_42_0,GUc
138,A_29_0,U_41_0,WWc
138,A_30_0,U_40_0,WCc
138,U_31_0,U_39_0,WWc
138,A_33_0,G_37_0,SSc
138,A_33_0,G_38_0,XXX
138,A_33_0,A_66_0,WHt
138,U_34_0,G_37_0,SSt
138,U_34_0,A_65_0,WHt
138,G_37_0,C_61_0,WCc
138,G_38_0,G_59_0,WHc
138,G_38_0,C_60_0,XXX
138,G_38_0,A_66_0,SWt
138,U_49_0,A_76_0,WSc
138,C_54_0,G_72_0,WCc
138,A_55_0,U_71_0,WWc
138,A_56_0,U_70_0,WCc
138,G_57_0,C_69_0,WCc
138,A_58_0,U_68_0,WCc
138,G_59_0,C_67_0,WCc
138,C_60_0,A_66_0,XXX
138,C_61_0,A_65_0,SWc
139,C_13_0,G_83_0,WCc
139,G_14_0,U_82_0,GUc
139,C_15_0,G_81_0,WCc
139,U_16_0,A_80_0,WWc
139,U_17_0,A_79_0,WCc
139,C_18_0,G_78_0,WCc
139,A_19_0,U_77_0,WWc
139,U_20_0,A_76_0,WCc
139,A_21_0,U_51_0,XXX
139,A_21_0,U_75_0,WCc
139,U_22_0,U_47_0,XXX
139,U_22_0,C_53_0,WWc
139,A_23_0,G_46_0,WSt
139,A_23_0,C_53_0,XXX
139,U_25_0,A_45_0,WCc
139,C_26_0,G_44_0,WCc
139,C_27_0,G_43_0,WCc
139,U_28_0,G_42_0,GUc
139,A_29_0,U_41_0,WCc
139,A_30_0,U_40_0,WCc
139,U_31_0,U_39_0,WWc
139,A_33_0,G_38_0,XXX
139,A_33_0,A_66_0,WHt
139,U_34_0,G_37_0,SSt
139,U_34_0,A_65_0,WHt
139,G_37_0,C_61_0,WCc
139,G_38_0,C_60_0,WCc
139,G_38_0,A_66_0,SWt
139,U_49_0,A_76_0,WSt
139,U_51_0,U_74_0,SWc
139,A_52_0,U_74_0,SWc
139,C_54_0,G_72_0,WCc
139,A_55_0,U_71_0,WCc
139,A_56_0,U_70_0,WCc
139,G_57_0,C_69_0,WCc
139,A_58_0,U_68_0,WCc
139,G_59_0,C_67_0,WCc
139,C_61_0,A_65_0,SWc
140,C_13_0,G_83_0,WCc
140,G_14_0,U_82_0,GUc
140,C_15_0,G_81_0,WCc
140,U_16_0,A_80_0,WCc
140,U_17_0,A_79_0,WCc
140,C_18_0,G_78_0,WCc
140,A_19_0,U_77_0,WCc
140,U_20_0,A_76_0,WCc
140,A_21_0,U_75_0,WCc
140,U_22_0,U_47_0,XXX
140,U_22_0,C_53_0,WWc
140,A_23_0,G_46_0,WSt
140,A_23_0,C_53_0,XXX
140,U_25_0,A_45_0,WCc
140,C_26_0,G_44_0,WCc
140,C_27_0,G_43_0,WCc
140,U_28_0,G_42_0,GUc
140,A_29_0,U_41_0,WWc
140,A_30_0,U_40_0,WCc
140,A_30_0,U_41_0,WWc
140,U_31_0,U_39_0,WWc
140,U_31_0,U_40_0,XXX
140,A_33_0,A_66_0,WHt
140,U_34_0,G_37_0,SSt
140,U_34_0,A_65_0,WHt
140,G_37_0,C_60_0,XXX
140,G_37_0,C_61_0,WWc
140,G_38_0,G_59_0,XXX
140,G_38_0,C_60_0,WCc
140,G_38_0,A_66_0,SWt
140,G_46_0,C_53_0,WWc
140,U_49_0,A_76_0,WSc
140,U_51_0,U_74_0,SWc
140,U_51_0,U_75_0,WSc
140,A_52_0,A_73_0,XXX
140,A_52_0,U_74_0,SWc
140,C_54_0,G_72_0,WCc
140,A_55_0,U_71_0,WCc
140,A_56_0,U_70_0,WCc
140,G_57_0,C_69_0,WCc
140,A_58_0,U_68_0,WCc
140,G_59_0,C_67_0,WCc
140,C_61_0,A_65_0,SWc
140,A_66_0,C_67_0,XXX
140,A_73_0,U_74_0,XXX
141,C_13_0,U_82_0,XXX
141,C_13_0,G_83_0,WCc
141,G_14_0,U_82_0,GUc
141,C_15_0,G_81_0,WCc
141,U_16_0,A_80_0,WCc
141,U_17_0,A_79_0,WCc
141,C_18_0,G_78_0,WCc
141,A_19_0,U_77_0,WCc
141,U_20_0,A_76_0,WWc
141,U_20_0,U_77_0,XXX
141,A_21_0,U_75_0,WCc
141,U_22_0,C_53_0,WWc
141,A_23_0,G_46_0,WSt
141,A_23_0,C_53_0,XXX
141,U_25_0,A_45_0,WCc
141,C_26_0,G_44_0,WCc
141,C_27_0,G_43_0,WCc
141,U_28_0,G_42_0,GUc
141,A_29_0,U_41_0,WCc
141,A_30_0,U_40_0,WCc
141,U_31_0,U_39_0,WWc
141,A_33_0,A_66_0,WHt
141,U_34_0,G_37_0,XXX
141,U_34_0,A_65_0,WHt
141,G_37_0,C_61_0,WCc
141,G_38_0,C_60_0,WWc
141,G_38_0,A_66_0,SWt
141,G_46_0,C_53_0,WWc
141,U_49_0,A_76_0,XXX
141,U_51_0,U_74_0,SWc
141,A_52_0,U_74_0,SWc
141,C_54_0,G_72_0,WCc
141,A_55_0,U_71_0,WCc
141,A_56_0,U_70_0,WCc
141,G_57_0,C_69_0,WCc
141,A_58_0,U_68_0,WCc
141,G_59_0,C_67_0,WCc
141,C_61_0,A_65_0,SWc
141,U_62_0,U_63_0,SHc
141,A_73_0,U_74_0,XXX
142,C_13_0,G_83_0,WWc
142,G_14_0,U_82_0,WWc
142,C_15_0,G_81_0,WCc
142,C_15_0,U_82_0,XXX
142,U_16_0,A_80_0,WCc
142,U_17_0,A_79_0,WCc
142,C_18_0,G_78_0,WCc
142,A_19_0,U_77_0,WWc
142,U_20_0,A_76_0,WWc
142,U_20_0,U_77_0,WWc
142,A_21_0,U_75_0,WWc
142,U_22_0,C_53_0,WWc
142,A_23_0,G_46_0,WSt
142,A_23_0,C_53_0,XXX
142,U_25_0,A_45_0,WCc
142,C_26_0,G_44_0,WCc
142,C_27_0,G_43_0,WCc
142,U_28_0,G_42_0,GUc
142,A_29_0,U_41_0,WCc
142,A_30_0,U_40_0,WCc
142,U_31_0,U_39_0,WWc
142,A_33_0,G_37_0,SSc
142,A_33_0,G_38_0,XXX
142,A_33_0,A_66_0,WHt
142,U_34_0,G_37_0,SSt
142,U_34_0,A_65_0,WHt
142,G_37_0,C_61_0,WCc
142,G_38_0,C_60_0,WCc
142,G_38_0,A_66_0,SWt
142,U_49_0,A_76_0,WSc
142,U_51_0,U_74_0,SWc
142,U_51_0,U_75_0,XXX
142,A_52_0,U_74_0,SWc
142,C_54_0,G_72_0,WCc
142,A_55_0,U_71_0,WCc
142,A_56_0,U_70_0,WCc
142,G_57_0,C_69_0,WCc
142,A_58_0,U_68_0,WCc
142,G_59_0,C_67_0,WCc
142,C_60_0,A_66_0,XXX
142,C_61_0,A_65_0,SWc
143,C_13_0,G_83_0,WCc
143,G_14_0,U_82_0,GUc
143,C_15_0,G_81_0,WCc
143,U_16_0,A_80_0,WCc
143,U_17_0,A_79_0,WWc
143,C_18_0,G_78_0,WWc
143,C_18_0,A_79_0,XXX
143,A_19_0,U_77_0,WWc
143,U_20_0,A_76_0,WWc
143,U_20_0,U_77_0,WWc
143,A_21_0,U_51_0,XXX
143,A_21_0,U_75_0,WWc
143,U_22_0,U_47_0,XXX
143,U_22_0,C_53_0,WWc
143,A_23_0,G_46_0,WSt
143,A_23_0,C_53_0,XXX
143,U_25_0,A_45_0,WCc
143,C_26_0,G_44_0,WCc
143,C_27_0,G_43_0,WCc
143,U_28_0,G_42_0,GUc
143,A_29_0,U_41_0,WCc
143,A_30_0,U_40_0,WCc
143,U_31_0,U_39_0,WWc
143,A_33_0,G_37_0,SSc
143,A_33_0,G_38_0,XXX
143,A_33_0,A_66_0,WHt
143,U_34_0,A_65_0,WHt
143,G_37_0,C_61_0,WCc
143,G_38_0,C_60_0,WCc
143,G_38_0,A_66_0,SWt
143,G_46_0,C_53_0,WWc
143,U_49_0,A_76_0,WSc
143,A_52_0,U_74_0,SWc
143,C_54_0,G_72_0,WCc
143,A_55_0,U_71_0,WCc
143,A_56_0,U_70_0,WCc
143,G_57_0,C_69_0,WCc
143,A_58_0,U_68_0,WCc
143,G_59_0,C_67_0,WCc
143,C_60_0,A_66_0,XXX
143,C_61_0,A_65_0,SWc
144,C_13_0,G_14_0,WHc
144,C_13_0,G_83_0,WWc
144,G_14_0,G_81_0,WWc
144,G_14_0,U_82_0,GUc
144,C_15_0,G_81_0,WCc
144,U_16_0,A_80_0,WCc
144,U_17_0,A_79_0,WCc
144,C_18_0,G_78_0,WCc
144,A_19_0,U_77_0,WCc
144,U_20_0,A_76_0,WCc
144,A_21_0,U_75_0,WCc
144,U_22_0,C_53_0,WWc
144,A_23_0,G_46_0,WSt
144,U_25_0,G_44_0,XXX
144,U_25_0,A_45_0,WCc
144,C_26_0,G_44_0,WCc
144,C_27_0,G_43_0,WCc
144,U_28_0,G_42_0,GUc
144,A_29_0,U_41_0,WCc
144,A_30_0,U_40_0,WCc
144,U_31_0,U_39_0,WWc
144,A_33_0,G_37_0,SSc
144,A_33_0,A_66_0,WHt
144,U_34_0,G_37_0,SSt
144,U_34_0,A_65_0,WHt
144,G_37_0,C_61_0,WCc
144,G_38_0,C_60_0,WCc
144,G_38_0,A_66_0,SWt
144,G_46_0,C_53_0,WWc
144,U_49_0,A_76_0,WSc
144,U_51_0,U_74_0,SWc
144,A_52_0,A_73_0,XXX
144,A_52_0,U_74_0,SWc
144,C_54_0,A_55_0,WHc
144,C_54_0,G_72_0,WCc
144,A_55_0,U_71_0,WCc
144,A_56_0,U_70_0,WCc
144,G_57_0,C_69_0,WCc
144,A_58_0,U_68_0,WCc
144,G_59_0,C_67_0,WCc
144,C_60_0,A_66_0,XXX
144,C_61_0,A_65_0,SWc
145,C_13_0,G_83_0,WCc
145,G_14_0,U_82_0,GUc
145,C_15_0,G_81_0,WCc
145,U_16_0,A_80_0,WWc
145,U_17_0,A_79_0,WCc
145,C_18_0,G_78_0,WCc
145,A_19_0,U_77_0,WCc
145,U_20_0,A_76_0,WCc
145,U_20_0,U_77_0,XXX
145,A_21_0,U_51_0,XXX
145,A_21_0,U_75_0,WWc
145,U_22_0,U_47_0,XXX
145,U_22_0,C_53_0,WWc
145,A_23_0,G_46_0,WSt
145,U_25_0,A_45_0,WCc
145,C_26_0,G_44_0,WCc
145,C_27_0,G_43_0,WCc
145,U_28_0,G_42_0,GUc
145,A_29_0,U_41_0,WCc
145,A_30_0,U_39_0,WWc
145,A_30_0,U_40_0,WCc
145,U_31_0,U_39_0,WWc
145,A_33_0,G_37_0,SSc
145,A_33_0,G_38_0,XXX
145,A_33_0,A_66_0,WHt
145,U_34_0,G_37_0,SSt
145,U_34_0,A_65_0,WHt
145,G_37_0,C_61_0,WCc
145,G_38_0,C_60_0,WCc
145,G_38_0,A_66_0,SWt
145,A_52_0,A_73_0,XXX
145,A_52_0,U_74_0,SWc
145,C_54_0,G_72_0,WCc
145,A_55_0,U_71_0,WCc
145,A_56_0,U_70_0,WCc
145,G_57_0,C_69_0,WCc
145,A_58_0,U_68_0,WCc
145,G_59_0,C_67_0,WWc
145,C_60_0,A_66_0,XXX
145,C_61_0,A_65_0,SWc
145,A_66_0,C_67_0,XXX
146,C_13_0,G_83_0,WCc
146,G_14_0,U_82_0,GUc
146,C_15_0,G_81_0,WCc
146,U_16_0,A_80_0,WCc
146,U_17_0,A_79_0,WCc
146,C_18_0,G_78_0,WCc
146,A_19_0,U_77_0,WWc
146,U_20_0,A_76_0,WCc
146,U_20_0,U_77_0,XXX
146,A_21_0,U_75_0,WCc
146,U_22_0,C_53_0,WWc
146,A_23_0,G_46_0,WSt
146,U_25_0,A_45_0,WCc
146,C_26_0,G_44_0,WCc
146,C_27_0,G_43_0,WCc
146,U_28_0,G_42_0,GUc
146,A_29_0,U_41_0,WCc
146,A_30_0,U_40_0,WCc
146,U_31_0,U_39_0,WWc
146,A_33_0,G_37_0,SSc
146,A_33_0,G_38_0,XXX
146,A_33_0,A_66_0,WHt
146,U_34_0,G_37_0,SSt
146,U_34_0,A_65_0,WHt
146,G_37_0,C_60_0,WWc
146,G_37_0,C_61_0,WWc
146,G_38_0,C_60_0,WCc
146,G_38_0,A_66_0,SWt
146,U_49_0,A_76_0,WSc
146,U_51_0,U_74_0,SWc
146,A_52_0,U_74_0,SWc
146,C_54_0,G_72_0,WCc
146,A_55_0,U_71_0,WCc
146,A_56_0,U_70_0,WCc
146,G_57_0,C_69_0,WCc
146,A_58_0,U_68_0,WCc
146,G_59_0,C_67_0,WCc
146,C_61_0,A_65_0,SWc
146,C_61_0,A_66_0,XXX
147,C_13_0,G_83_0,WWc
147,G_14_0,U_82_0,GUc
147,C_15_0,G_81_0,WCc
147,U_16_0,A_80_0,WCc
147,U_17_0,A_79_0,WCc
147,C_18_0,G_78_0,WCc
147,A_19_0,U_77_0,WCc
147,U_20_0,A_76_0,WCc
147,A_21_0,U_75_0,WCc
147,U_22_0,C_53_0,WWc
147,A_23_0,G_46_0,WSt
147,U_25_0,A_45_0,WCc
147,U_25_0,C_53_0,XXX
147,C_26_0,G_44_0,WCc
147,C_27_0,G_43_0,WCc
147,U_28_0,G_42_0,GUc
147,A_29_0,U_41_0,WCc
147,A_30_0,U_40_0,WCc
147,U_31_0,U_39_0,WWc
147,A_33_0,G_37_0,SSc
147,A_33_0,A_66_0,WHt
147,U_34_0,G_37_0,SSt
147,U_34_0,A_65_0,WHt
147,G_37_0,C_60_0,WWc
147,G_37_0,C_61_0,WCc
147,G_38_0,G_59_0,WHc
147,G_38_0,C_60_0,WCc
147,G_38_0,A_66_0,SWt
147,G_46_0,C_53_0,WWc
147,U_49_0,A_76_0,WSc
147,A_52_0,A_73_0,XXX
147,A_52_0,U_74_0,SWc
147,C_54_0,G_72_0,WCc
147,A_55_0,U_71_0,WCc
147,A_56_0,U_70_0,WWc
147,G_57_0,C_69_0,WCc
147,A_58_0,U_68_0,WCc
147,G_59_0,C_67_0,WCc
147,C_61_0,A_65_0,SWc
148,C_13_0,G_83_0,WWc
148,G_14_0,U_82_0,GUc
148,C_15_0,G_81_0,WCc
148,U_16_0,A_80_0,WCc
148,U_17_0,A_79_0,WCc
148,C_18_0,G_78_0,WCc
148,A_19_0,U_77_0,WCc
148,U_20_0,A_76_0,WCc
148,A_21_0,U_51_0,XXX
148,A_21_0,U_75_0,WCc
148,U_22_0,C_53_0,WWc
148,A_23_0,G_46_0,WSt
148,U_25_0,A_45_0,WCc
148,C_26_0,G_44_0,WCc
148,C_27_0,G_43_0,WCc
148,U_28_0,G_42_0,GUc
148,A_29_0,U_41_0,WCc
148,A_30_0,U_40_0,WCc
148,U_31_0,U_39_0,WWc
148,A_33_0,G_37_0,SSc
148,A_33_0,G_38_0,XXX
148,A_33_0,A_66_0,WHt
148,U_34_0,G_37_0,SSt
148,U_34_0,A_65_0,WHt
148,G_37_0,C_61_0,WCc
148,G_38_0,C_60_0,WCc
148,G_38_0,A_66_0,SWt
148,G_46_0,C_53_0,XXX
148,U_49_0,A_76_0,WSc
148,A_52_0,U_74_0,SWc
148,C_54_0,G_72_0,WCc
148,A_55_0,U_71_0,WCc
148,A_56_0,U_70_0,WCc
148,G_57_0,C_69_0,WCc
148,A_58_0,U_68_0,WCc
148,G_59_0,C_67_0,WCc
148,C_61_0,A_65_0,SWc
149,C_13_0,G_83_0,WCc
149,G_14_0,U_82_0,WWc
149,C_15_0,G_81_0,WCc
149,U_16_0,A_80_0,WCc
149,U_17_0,A_79_0,WCc
149,C_18_0,G_78_0,WCc
149,A_19_0,U_77_0,WCc
149,U_20_0,A_76_0,WCc
149,U_20_0,U_77_0,XXX
149,A_21_0,U_75_0,WCc
149,U_22_0,U_47_0,XXX
149,U_22_0,C_53_0,WWc
149,A_23_0,G_46_0,WSt
149,A_23_0,C_53_0,XXX
149,U_25_0,A_45_0,WCc
149,C_26_0,G_44_0,WCc
149,C_27_0,G_43_0,WCc
149,U_28_0,G_42_0,GUc
149,A_29_0,U_41_0,WCc
149,A_30_0,U_40_0,WCc
149,U_31_0,U_39_0,WWc
149,A_33_0,G_38_0,XXX
149,A_33_0,A_66_0,WHt
149,U_34_0,G_37_0,SSt
149,U_34_0,A_65_0,WHt
149,G_37_0,C_61_0,WWc
149,G_38_0,C_60_0,WCc
149,G_38_0,C_61_0,XXX
149,G_38_0,A_66_0,SWt
149,G_46_0,C_53_0,WWc
149,U_49_0,A_76_0,WSc
149,C_50_0,U_51_0,SHc
149,A_52_0,U_74_0,SWc
149,C_54_0,G_72_0,WCc
149,A_55_0,U_71_0,WCc
149,A_56_0,U_70_0,WCc
149,G_57_0,C_69_0,WCc
149,A_58_0,U_68_0,WCc
149,G_59_0,C_67_0,WCc
149,C_61_0,A_65_0,XXX
150,C_13_0,G_83_0,WCc
150,G_14_0,U_82_0,GUc
150,C_15_0,G_81_0,WCc
150,U_16_0,A_80_0,WCc
150,U_17_0,A_79_0,WCc
150,C_18_0,G_78_0,WCc
150,A_19_0,U_77_0,WCc
150,U_20_0,A_76_0,WCc
150,A_21_0,U_51_0,XXX
150,A_21_0,U_74_0,XXX
150,A_21_0,U_75_0,WCc
150,U_22_0,C_53_0,WWc
150,A_23_0,G_46_0,WSc
150,U_25_0,A_45_0,WCc
150,C_26_0,G_44_0,WCc
150,C_27_0,G_43_0,WCc
150,U_28_0,G_42_0,GUc
150,A_29_0,U_41_0,WWc
150,A_30_0,U_40_0,WCc
150,U_31_0,U_39_0,WWc
150,A_33_0,G_37_0,SSc
150,A_33_0,G_38_0,XXX
150,A_33_0,A_66_0,WHt
150,U_34_0,G_37_0,SSt
150,U_34_0,A_65_0,WHt
150,G_37_0,C_61_0,WCc
150,G_38_0,C_60_0,WCc
150,G_38_0,A_66_0,SWt
150,U_51_0,U_75_0,WSc
150,A_52_0,U_74_0,SWc
150,C_54_0,G_72_0,WCc
150,A_55_0,U_71_0,WCc
150,A_56_0,U_70_0,WCc
150,G_57_0,C_69_0,WCc
150,A_58_0,U_68_0,WCc
150,G_59_0,C_67_0,WWc
150,C_61_0,A_65_0,SWc
151,C_13_0,G_83_0,WCc
151,G_14_0,U_82_0,GUc
151,C_15_0,G_81_0,WCc
151,U_16_0,A_80_0,WWc
151,U_17_0,A_79_0,WCc
151,C_18_0,G_78_0,WCc
151,A_19_0,U_77_0,WCc
151,U_20_0,A_76_0,WWc
151,A_21_0,U_51_0,XXX
151,A_21_0,U_75_0,WCc
151,U_22_0,U_47_0,XXX
151,U_22_0,C_53_0,WWc
151,A_23_0,G_46_0,WSt
151,U_25_0,A_45_0,WCc
151,C_26_0,G_44_0,WCc
151,C_27_0,G_43_0,WCc
151,U_28_0,G_42_0,GUc
151,A_29_0,U_41_0,WCc
151,A_30_0,U_40_0,WCc
151,U_31_0,U_39_0,WWc
151,A_33_0,G_37_0,SSc
151,A_33_0,G_38_0,XXX
151,A_33_0,A_66_0,WHt
151,U_34_0,G_37_0,SSt
151,U_34_0,A_65_0,WHt
151,G_37_0,C_60_0,WWc
151,G_37_0,C_61_0,WWc
151,G_38_0,G_59_0,WHc
151,G_38_0,C_60_0,WCc
151,G_38_0,A_66_0,SWt
151,U_49_0,A_76_0,WSc
151,U_51_0,U_75_0,XXX
151,A_52_0,A_73_0,XXX
151,C_54_0,G_72_0,WCc
151,A_55_0,U_71_0,WWc
151,A_56_0,U_70_0,WCc
151,G_57_0,C_69_0,WCc
151,A_58_0,U_68_0,WCc
151,G_59_0,C_67_0,WCc
151,C_61_0,A_65_0,SWc
152,C_13_0,G_83_0,WCc
152,G_14_0,U_82_0,GUc
152,C_15_0,G_81_0,WWc
152,U_16_0,A_80_0,WCc
152,U_17_0,A_79_0,WCc
152,C_18_0,G_78_0,WCc
152,A_19_0,U_77_0,WWc
152,U_20_0,A_76_0,WCc
152,U_20_0,U_77_0,XXX
152,A_21_0,U_51_0,XXX
152,A_21_0,U_75_0,WCc
152,U_22_0,U_47_0,XXX
152,U_22_0,C_53_0,WWc
152,A_23_0,G_46_0,WSt
152,A_23_0,C_53_0,XXX
152,U_25_0,A_45_0,WCc
152,U_25_0,C_53_0,HWc
152,C_26_0,G_44_0,WCc
152,C_27_0,G_43_0,WCc
152,U_28_0,G_42_0,GUc
152,A_29_0,U_41_0,WCc
152,A_30_0,U_40_0,WWc
152,U_31_0,U_39_0,WWc
152,A_33_0,G_37_0,SSc
152,A_33_0,G_38_0,XXX
152,A_33_0,A_66_0,WHt
152,U_34_0,G_37_0,SSt
152,U_34_0,A_65_0,WHt
152,G_37_0,C_61_0,WCc
152,G_38_0,C_60_0,WCc
152,G_38_0,A_66_0,SWt
152,G_46_0,C_53_0,WWc
152,U_49_0,A_76_0,WSc
152,U_51_0,U_74_0,SWc
152,U_51_0,U_75_0,WSc
152,A_52_0,A_73_0,SWc
152,A_52_0,U_74_0,SWc
152,C_54_0,A_55_0,WHc
152,C_54_0,G_72_0,WWc
152,A_55_0,U_71_0,WCc
152,A_56_0,U_70_0,WCc
152,G_57_0,C_69_0,WCc
152,A_58_0,U_68_0,WCc
152,G_59_0,C_67_0,WCc
152,C_60_0,A_66_0,XXX
152,C_61_0,A_65_0,SWc
152,A_66_0,C_67_0,XXX
153,C_13_0,G_83_0,WCc
153,G_14_0,U_82_0,GUc
153,C_15_0,G_81_0,WCc
153,U_16_0,A_80_0,WWc
153,U_17_0,A_79_0,WCc
153,C_18_0,G_78_0,WCc
153,A_19_0,U_77_0,WCc
153,U_20_0,A_76_0,WCc
153,A_21_0,U_51_0,XXX
153,A_21_0,U_75_0,WWc
153,U_22_0,C_53_0,WWc
153,A_23_0,G_46_0,WSt
153,A_23_0,C_53_0,XXX
153,U_25_0,A_45_0,WCc
153,U_25_0,C_53_0,HWc
153,C_26_0,G_44_0,WCc
153,C_27_0,G_43_0,WCc
153,U_28_0,G_42_0,GUc
153,A_29_0,U_41_0,WCc
153,A_30_0,U_40_0,WCc
153,U_31_0,U_39_0,WWc
153,A_33_0,G_37_0,SSc
153,A_33_0,A_66_0,WHt
153,U_34_0,G_37_0,SSt
153,U_34_0,A_65_0,WHt
153,G_37_0,C_60_0,XXX
153,G_37_0,C_61_0,WCc
153,G_38_0,C_60_0,WCc
153,G_38_0,A_66_0,SWt
153,G_46_0,C_53_0,WWc
153,U_49_0,A_76_0,WSc
153,U_51_0,U_74_0,SWc
153,U_51_0,U_75_0,WSc
153,A_52_0,A_73_0,SWc
153,A_52_0,U_74_0,XXX
153,C_54_0,G_72_0,WCc
153,A_55_0,U_71_0,WCc
153,A_56_0,U_70_0,WCc
153,G_57_0,C_69_0,WCc
153,A_58_0,U_68_0,WCc
153,G_59_0,C_67_0,WCc
153,C_61_0,A_65_0,SWc
154,C_13_0,G_83_0,WCc
154,G_14_0,U_82_0,GUc
154,C_15_0,G_81_0,WCc
154,C_15_0,U_82_0,XXX
154,U_16_0,A_80_0,WCc
154,U_17_0,A_79_0,WCc
154,C_18_0,G_78_0,WCc
154,A_19_0,U_77_0,WCc
154,U_20_0,A_76_0,WCc
154,A_21_0,U_51_0,XXX
154,A_21_0,U_75_0,WCc
154,U_22_0,U_47_0,XXX
154,U_22_0,C_53_0,WWc
154,A_23_0,G_46_0,WSt
154,A_23_0,C_53_0,XXX
154,U_25_0,A_45_0,WCc
154,C_26_0,G_44_0,WCc
154,C_27_0,G_43_0,WCc
154,U_28_0,G_42_0,GUc
154,A_29_0,U_41_0,WCc
154,A_30_0,U_40_0,WWc
154,U_31_0,U_39_0,WWc
154,A_33_0,G_37_0,SSc
154,A_33_0,G_38_0,XXX
154,A_33_0,A_66_0,WHt
154,U_34_0,A_35_0,SHc
154,U_34_0,G_37_0,SSt
154,U_34_0,A_65_0,WHt
154,G_37_0,C_61_0,WWc
154,G_38_0,G_59_0,XXX
154,G_38_0,C_60_0,WCc
154,G_38_0,A_66_0,SWc
154,G_46_0,C_53_0,WWc
154,U_49_0,A_76_0,WSc
154,U_51_0,U_74_0,SWc
154,A_52_0,A_73_0,SWc
154,A_52_0,U_74_0,XXX
154,C_54_0,G_72_0,WCc
154,A_55_0,U_71_0,WCc
154,A_56_0,U_70_0,WCc
154,G_57_0,C_69_0,WCc
154,A_58_0,U_68_0,WCc
154,G_59_0,C_67_0,WCc
154,C_60_0,A_66_0,XXX
154,C_61_0,A_65_0,XXX
155,C_13_0,G_83_0,WCc
155,G_14_0,U_82_0,GUc
155,C_15_0,G_81_0,WCc
155,U_16_0,A_80_0,WCc
155,U_17_0,A_79_0,WCc
155,C_18_0,G_78_0,WCc
155,A_19_0,U_77_0,WCc
155,U_20_0,A_76_0,WCc
155,A_21_0,U_75_0,WCc
155,U_22_0,C_53_0,WWc
155,A_23_0,G_46_0,WSt
155,U_25_0,A_45_0,WCc
155,C_26_0,G_44_0,WCc
155,C_27_0,G_43_0,WCc
155,U_28_0,G_42_0,GUc
155,A_29_0,U_41_0,WCc
155,A_30_0,U_40_0,WCc
155,U_31_0,U_39_0,WWc
155,A_33_0,G_37_0,SSc
155,A_33_0,G_38_0,XXX
155,A_33_0,A_66_0,WHt
155,U_34_0,G_37_0,SSt
155,U_34_0,A_65_0,WHt
155,G_37_0,C_60_0,XXX
155,G_37_0,C_61_0,WCc
155,G_38_0,C_60_0,WCc
155,G_38_0,A_66_0,SWt
155,G_46_0,C_53_0,WWc
155,U_49_0,A_76_0,WSt
155,C_50_0,U_51_0,XXX
155,A_52_0,U_74_0,SWc
155,C_54_0,G_72_0,WCc
155,A_55_0,U_71_0,WCc
155,A_56_0,U_70_0,WCc
155,G_57_0,C_69_0,WCc
155,A_58_0,U_68_0,WCc
155,G_59_0,C_67_0,WWc
155,C_60_0,A_66_0,XXX
155,C_61_0,A_65_0,SWc
156,C_13_0,G_83_0,WCc
156,G_14_0,U_82_0,GUc
156,C_15_0,G_81_0,WWc
156,C_15_0,U_82_0,XXX
156,U_16_0,A_80_0,WCc
156,U_17_0,A_79_0,WCc
156,C_18_0,G_78_0,WCc
156,A_19_0,U_77_0,WCc
156,U_20_0,A_76_0,WCc
156,A_21_0,U_51_0,XXX
156,A_21_0,U_75_0,WCc
156,U_22_0,U_47_0,XXX
156,U_22_0,C_53_0,WWc
156,A_23_0,G_46_0,WSt
156,U_25_0,A_45_0,WCc
156,C_26_0,G_44_0,WCc
156,C_27_0,G_43_0,WCc
156,U_28_0,G_42_0,GUc
156,A_29_0,U_41_0,WCc
156,A_30_0,U_40_0,WCc
156,U_31_0,U_39_0,WWc
156,A_33_0,G_37_0,SSc
156,A_33_0,G_38_0,XXX
156,A_33_0,A_66_0,WHt
156,U_34_0,A_35_0,SHc
156,U_34_0,G_37_0,SSt
156,U_34_0,A_65_0,WHt
156,G_37_0,C_60_0,XXX
156,G_37_0,C_61_0,WCc
156,G_38_0,G_59_0,XXX
156,G_38_0,C_60_0,WCc
156,G_38_0,C_61_0,XXX
156,G_38_0,A_66_0,SWt
156,G_46_0,C_53_0,WWc
156,U_49_0,A_76_0,WSc
156,A_52_0,U_74_0,SWc
156,C_54_0,G_72_0,WWc
156,A_55_0,U_71_0,WCc
156,A_56_0,U_70_0,WCc
156,G_57_0,C_69_0,WCc
156,A_58_0,U_68_0,WCc
156,G_59_0,C_67_0,WCc
156,C_61_0,A_65_0,XXX
157,C_13_0,G_83_0,WCc
157,G_14_0,U_82_0,GUc
157,C_15_0,G_81_0,WWc
157,U_16_0,A_80_0,WCc
157,U_17_0,A_79_0,WCc
157,C_18_0,G_78_0,WCc
157,A_19_0,U_77_0,WCc
157,U_20_0,A_76_0,WCc
157,A_21_0,U_51_0,XXX
157,A_21_0,U_75_0,WCc
157,U_22_0,C_53_0,WWc
157,A_23_0,G_46_0,WSt
157,U_25_0,A_45_0,WWc
157,C_26_0,G_44_0,WCc
157,C_27_0,G_43_0,WCc
157,U_28_0,G_42_0,GUc
157,A_29_0,U_41_0,WCc
157,A_30_0,U_40_0,WWc
157,U_31_0,U_39_0,WWc
157,U_31_0,U_40_0,WWc
157,A_33_0,G_37_0,SSc
157,A_33_0,A_66_0,WHt
157,U_34_0,A_65_0,WHt
157,G_37_0,C_61_0,WCc
157,G_38_0,C_60_0,WCc
157,G_38_0,A_66_0,SWt
157,G_46_0,C_53_0,WWc
157,U_49_0,A_76_0,WSc
157,C_50_0,U_51_0,XXX
157,A_52_0,U_74_0,SWc
157,C_54_0,G_72_0,WCc
157,A_55_0,U_71_0,WCc
157,A_56_0,U_70_0,WWc
157,G_57_0,C_69_0,WCc
157,A_58_0,U_68_0,WWc
157,G_59_0,C_67_0,WCc
157,C_61_0,A_65_0,XXX
157,A_66_0,C_67_0,XXX
158,C_13_0,G_83_0,WCc
158,G_14_0,U_82_0,GUc
158,C_15_0,G_81_0,WCc
158,U_16_0,A_80_0,WCc
158,U_17_0,A_79_0,WCc
158,C_18_0,G_78_0,WCc
158,A_19_0,U_77_0,WCc
158,U_20_0,A_76_0,WCc
158,A_21_0,U_75_0,WCc
158,U_22_0,U_47_0,XXX
158,U_22_0,C_53_0,WWc
158,A_23_0,G_46_0,WSc
158,U_25_0,A_45_0,WCc
158,C_26_0,G_44_0,WCc
158,C_27_0,G_43_0,WCc
158,U_28_0,G_42_0,WWc
158,A_29_0,U_41_0,WCc
158,A_30_0,U_40_0,WCc
158,U_31_0,U_39_0,WWc
158,U_31_0,U_40_0,WWc
158,A_33_0,G_37_0,SSc
158,A_33_0,G_38_0,XXX
158,A_33_0,A_66_0,WHt
158,U_34_0,G_37_0,SSt
158,U_34_0,A_65_0,WHt
158,G_37_0,C_60_0,XXX
158,G_37_0,C_61_0,WCc
158,G_38_0,G_59_0,XXX
158,G_38_0,C_60_0,WCc
158,G_38_0,A_66_0,SWt
158,U_51_0,U_74_0,SWc
158,U_51_0,U_75_0,XXX
158,A_52_0,U_74_0,SWc
158,C_54_0,G_72_0,WWc
158,A_55_0,U_71_0,WCc
158,A_56_0,U_70_0,WCc
158,G_57_0,C_69_0,WCc
158,A_58_0,U_68_0,WCc
158,G_59_0,C_67_0,WCc
158,C_61_0,A_65_0,XXX
159,C_13_0,G_83_0,WCc
159,G_14_0,U_82_0,GUc
159,C_15_0,G_81_0,WCc
159,U_16_0,A_80_0,WCc
159,U_17_0,A_79_0,WCc
159,C_18_0,G_78_0,WCc
159,A_19_0,U_77_0,WCc
159,U_20_0,A_76_0,WCc
159,A_21_0,U_74_0,XXX
159,A_21_0,U_75_0,WCc
159,U_22_0,C_53_0,WWc
159,A_23_0,G_46_0,WSc
159,U_25_0,A_45_0,WCc
159,C_26_0,G_44_0,WCc
159,C_27_0,G_43_0,WCc
159,U_28_0,G_42_0,GUc
159,A_29_0,U_41_0,WWc
159,A_30_0,U_40_0,WCc
159,U_31_0,U_39_0,WWc
159,A_33_0,G_37_0,SSc
159,A_33_0,G_38_0,XXX
159,A_33_0,A_66_0,WHt
159,U_34_0,G_37_0,SSt
159,U_34_0,A_65_0,WHt
159,G_37_0,C_61_0,WCc
159,G_38_0,C_60_0,WCc
159,G_38_0,A_66_0,SWt
159,G_46_0,C_53_0,WCc
159,U_49_0,A_76_0,WSt
159,U_51_0,U_74_0,SWc
159,U_51_0,U_75_0,XXX
159,A_52_0,A_73_0,XXX
159,C_54_0,G_72_0,WCc
159,A_55_0,U_71_0,WWc
159,A_56_0,U_70_0,WCc
159,G_57_0,C_69_0,WCc
159,A_58_0,U_68_0,WCc
159,G_59_0,C_67_0,WCc
159,C_61_0,A_65_0,SWc
160,C_13_0,G_83_0,WWc
160,G_14_0,U_82_0,GUc
160,C_15_0,G_81_0,WCc
160,U_16_0,A_80_0,WCc
160,U_17_0,A_79_0,WWc
160,C_18_0,G_78_0,WCc
160,A_19_0,U_77_0,WCc
160,U_20_0,A_76_0,WWc
160,A_21_0,U_51_0,XXX
160,A_21_0,U_75_0,WCc
160,U_22_0,U_47_0,XXX
160,U_22_0,C_53_0,WWc
160,A_23_0,G_46_0,WSc
160,A_23_0,C_53_0,XXX
160,U_25_0,A_45_0,WWc
160,U_25_0,C_53_0,XXX
160,C_26_0,G_44_0,WCc
160,C_27_0,G_43_0,WCc
160,U_28_0,G_42_0,GUc
160,A_29_0,U_41_0,WCc
160,A_30_0,U_40_0,WCc
160,U_31_0,U_39_0,WWc
160,A_33_0,G_37_0,SSc
160,A_33_0,A_66_0,WHt
160,U_34_0,G_37_0,SSt
160,U_34_0,A_65_0,WHt
160,G_37_0,C_61_0,WCc
160,G_37_0,A_66_0,XXX
160,G_38_0,C_60_0,WCc
160,G_38_0,A_66_0,SWt
160,G_46_0,C_53_0,WWc
160,U_51_0,U_74_0,SWc
160,A_52_0,A_73_0,XXX
160,A_52_0,U_74_0,XXX
160,C_54_0,G_72_0,WWc
160,A_55_0,U_71_0,WCc
160,A_56_0,U_70_0,WCc
160,G_57_0,C_69_0,WCc
160,A_58_0,U_68_0,WCc
160,G_59_0,C_67_0,WCc
160,C_60_0,C_67_0,XXX
160,C_61_0,A_65_0,SWc
161,C_13_0,G_83_0,WCc
161,G_14_0,U_82_0,GUc
161,C_15_0,G_81_0,WCc
161,U_16_0,A_80_0,WCc
161,U_17_0,G_78_0,XXX
161,U_17_0,A_79_0,WWc
161,C_18_0,G_78_0,WCc
161,A_19_0,U_77_0,WCc
161,U_20_0,A_76_0,WCc
161,A_21_0,U_51_0,XXX
161,A_21_0,U_74_0,XXX
161,A_21_0,U_75_0,WCc
161,U_22_0,C_53_0,WWc
161,A_23_0,G_46_0,WSt
161,A_23_0,C_53_0,XXX
161,U_25_0,A_45_0,WCc
161,C_26_0,G_44_0,WCc
161,C_27_0,G_43_0,WCc
161,U_28_0,G_42_0,GUc
161,A_29_0,U_41_0,WCc
161,A_30_0,U_40_0,WCc
161,U_31_0,U_39_0,WWc
161,A_33_0,A_66_0,WHt
161,U_34_0,G_37_0,SSt
161,U_34_0,A_65_0,WHt
161,G_37_0,C_61_0,WCc
161,G_38_0,C_60_0,WCc
161,G_38_0,A_66_0,SWt
161,G_46_0,C_53_0,WWc
161,U_49_0,A_76_0,WSt
161,U_51_0,U_74_0,SWc
161,A_52_0,A_73_0,XXX
161,A_52_0,U_74_0,SWc
161,C_54_0,G_72_0,WCc
161,A_55_0,U_71_0,WCc
161,A_56_0,U_70_0,WCc
161,G_57_0,C_69_0,WCc
161,A_58_0,U_68_0,WCc
161,G_59_0,C_67_0,WCc
161,C_60_0,A_66_0,XXX
161,C_61_0,A_65_0,SWc
161,U_62_0,U_63_0,XXX
161,A_66_0,C_67_0,XXX
162,C_13_0,G_83_0,WCc
162,G_14_0,U_82_0,WWc
162,C_15_0,G_81_0,WCc
162,U_16_0,A_80_0,WCc
162,U_17_0,A_79_0,WCc
162,C_18_0,G_78_0,WCc
162,A_19_0,U_77_0,WCc
162,U_20_0,A_76_0,WCc
162,A_21_0,U_74_0,XXX
162,A_21_0,U_75_0,WCc
162,U_22_0,C_53_0,WWc
162,A_23_0,G_46_0,WSt
162,U_25_0,A_45_0,WCc
162,C_26_0,G_44_0,WCc
162,C_27_0,G_43_0,WCc
162,U_28_0,G_42_0,GUc
162,A_29_0,U_41_0,WCc
162,A_30_0,U_40_0,WWc
162,U_31_0,U_39_0,WWc
162,A_33_0,G_37_0,SSc
162,A_33_0,G_38_0,XXX
162,A_33_0,A_66_0,WHt
162,U_34_0,G_37_0,SSt
162,U_34_0,A_65_0,WHt
162,G_37_0,C_61_0,WCc
162,G_38_0,C_60_0,WCc
162,G_38_0,A_66_0,SWt
162,U_49_0,A_76_0,WSt
162,U_51_0,U_74_0,SWc
162,A_52_0,A_73_0,SWc
162,C_54_0,G_72_0,WCc
162,A_55_0,U_71_0,WCc
162,A_56_0,U_70_0,WCc
162,G_57_0,C_69_0,WWc
162,A_58_0,U_68_0,WCc
162,A_58_0,C_69_0,WWc
162,G_59_0,C_67_0,WCc
162,C_61_0,A_65_0,SWc
163,C_13_0,G_83_0,WCc
163,G_14_0,U_82_0,WWc
163,C_15_0,G_81_0,WCc
163,U_16_0,A_80_0,WCc
163,U_17_0,A_79_0,WWc
163,C_18_0,G_78_0,WCc
163,A_19_0,U_77_0,WCc
163,U_20_0,A_76_0,WCc
163,A_21_0,U_75_0,WCc
163,U_22_0,C_53_0,WWc
163,A_23_0,G_46_0,WSt
163,U_25_0,A_45_0,WCc
163,C_26_0,G_44_0,WCc
163,C_27_0,G_43_0,WCc
163,U_28_0,G_42_0,GUc
163,A_29_0,U_41_0,WWc
163,A_30_0,U_40_0,WCc
163,U_31_0,U_39_0,WWc
163,A_33_0,G_37_0,SSc
163,A_33_0,A_66_0,WHt
163,U_34_0,G_37_0,SSt
163,U_34_0,A_65_0,XXX
163,G_37_0,C_61_0,WCc
163,G_38_0,C_60_0,WCc
163,G_38_0,A_66_0,SWt
163,G_46_0,C_53_0,WCc
163,U_47_0,U_51_0,XXX
163,U_49_0,A_76_0,WSc
163,C_50_0,U_75_0,WSc
163,U_51_0,U_74_0,SWc
163,A_52_0,A_73_0,SWc
163,C_54_0,G_72_0,WCc
163,A_55_0,U_71_0,WCc
163,A_56_0,U_70_0,WCc
163,G_57_0,C_69_0,WCc
163,A_58_0,U_68_0,WCc
163,G_59_0,C_67_0,WCc
163,C_61_0,A_65_0,SWc
163,U_62_0,U_63_0,XXX
163,U_63_0,A_64_0,XXX
163,A_66_0,C_67_0,XXX
164,C_13_0,G_83_0,WCc
164,G_14_0,U_82_0,GUc
164,C_15_0,U_16_0,SHc
164,C_15_0,G_81_0,WWc
164,U_16_0,A_80_0,WWc
164,U_17_0,A_79_0,WCc
164,C_18_0,G_78_0,WCc
164,A_19_0,U_77_0,WCc
164,U_20_0,A_76_0,WCc
164,A_21_0,U_75_0,WCc
164,U_22_0,C_53_0,WWc
164,A_23_0,G_46_0,WSc
164,U_25_0,A_45_0,WCc
164,C_26_0,G_44_0,WCc
164,C_27_0,G_43_0,WCc
164,U_28_0,G_42_0,GUc
164,A_29_0,U_41_0,WCc
164,A_30_0,U_40_0,WCc
164,U_31_0,U_39_0,WWc
164,A_33_0,G_37_0,SSc
164,A_33_0,A_66_0,WHt
164,U_34_0,G_37_0,SSt
164,U_34_0,A_65_0,WHt
164,G_37_0,C_60_0,WWc
164,G_37_0,C_61_0,WWc
164,G_38_0,G_59_0,XXX
164,G_38_0,C_60_0,WCc
164,G_38_0,A_66_0,SWt
164,G_46_0,C_53_0,WWc
164,U_49_0,A_76_0,WSc
164,U_51_0,U_74_0,SWc
164,A_52_0,A_73_0,SWc
164,C_54_0,G_72_0,WCc
164,A_55_0,U_71_0,WCc
164,A_56_0,U_70_0,WCc
164,G_57_0,C_69_0,WCc
164,A_58_0,U_68_0,WCc
164,G_59_0,C_67_0,WCc
164,C_60_0,A_66_0,XXX
164,C_61_0,A_65_0,XXX
165,C_13_0,G_83_0,WCc
165,G_14_0,U_82_0,GUc
165,C_15_0,G_81_0,WCc
165,U_16_0,A_80_0,WCc
165,U_17_0,A_79_0,WCc
165,C_18_0,G_78_0,WCc
165,A_19_0,U_77_0,WCc
165,U_20_0,A_76_0,WCc
165,A_21_0,U_75_0,WCc
165,U_22_0,C_53_0,WWc
165,U_22_0,A_73_0,SWt
165,A_23_0,G_46_0,WSt
165,A_24_0,G_72_0,XXX
165,U_25_0,A_45_0,WCc
165,C_26_0,G_44_0,WCc
165,C_27_0,G_43_0,WCc
165,U_28_0,G_42_0,WWc
165,A_29_0,U_41_0,WCc
165,A_30_0,U_40_0,WCc
165,U_31_0,U_39_0,WWc
165,A_33_0,G_37_0,SSc
165,A_33_0,G_38_0,XXX
165,A_33_0,A_66_0,WHt
165,U_34_0,A_65_0,WHt
165,G_37_0,C_61_0,WCc
165,G_38_0,C_60_0,WCc
165,G_38_0,A_66_0,SWt
165,G_46_0,C_53_0,WWc
165,C_50_0,U_75_0,WSc
165,U_51_0,U_74_0,SWc
165,A_52_0,A_73_0,SWc
165,C_54_0,G_72_0,WCc
165,A_55_0,U_71_0,WCc
165,A_56_0,U_70_0,WCc
165,G_57_0,C_69_0,WCc
165,A_58_0,U_68_0,WCc
165,G_59_0,C_67_0,WCc
165,C_61_0,A_65_0,XXX
166,C_13_0,G_83_0,WCc
166,G_14_0,U_82_0,GUc
166,C_15_0,G_81_0,WCc
166,U_16_0,A_80_0,WCc
166,U_17_0,A_79_0,WCc
166,C_18_0,G_78_0,WCc
166,A_19_0,U_77_0,WCc
166,U_20_0,A_76_0,WCc
166,A_21_0,U_75_0,WWc
166,U_22_0,U_47_0,XXX
166,U_22_0,C_53_0,XXX
166,U_22_0,A_73_0,SWt
166,A_23_0,G_46_0,WSc
166,U_25_0,A_45_0,WCc
166,C_26_0,G_44_0,WCc
166,C_27_0,G_43_0,WCc
166,U_28_0,G_42_0,GUc
166,A_29_0,U_41_0,WCc
166,A_30_0,U_40_0,WCc
166,U_31_0,U_39_0,WWc
166,A_33_0,G_37_0,SSc
166,A_33_0,G_38_0,XXX
166,A_33_0,A_66_0,WHt
166,U_34_0,G_37_0,SSt
166,U_34_0,A_65_0,WHt
166,G_37_0,C_61_0,WCc
166,G_38_0,C_60_0,WCc
166,G_38_0,A_66_0,SWt
166,G_46_0,C_53_0,XXX
166,U_47_0,U_51_0,XXX
166,C_50_0,U_75_0,WSc
166,U_51_0,U_74_0,SWc
166,A_52_0,A_73_0,XXX
166,C_54_0,G_72_0,WCc
166,A_55_0,U_71_0,WCc
166,A_56_0,U_70_0,WCc
166,G_57_0,C_69_0,WCc
166,A_58_0,U_68_0,WCc
166,G_59_0,C_67_0,WWc
166,C_60_0,A_66_0,XXX
166,C_61_0,A_65_0,SWc
166,A_66_0,C_67_0,XXX
167,C_13_0,G_83_0,WCc
167,G_14_0,U_82_0,GUc
167,C_15_0,G_81_0,WCc
167,U_16_0,A_80_0,WCc
167,U_17_0,A_79_0,WCc
167,C_18_0,G_78_0,WCc
167,A_19_0,U_77_0,WCc
167,U_20_0,A_76_0,WCc
167,A_21_0,U_75_0,WCc
167,U_22_0,C_53_0,WWc
167,A_23_0,G_46_0,WSc
167,U_25_0,A_45_0,WCc
167,C_26_0,G_44_0,WCc
167,C_27_0,G_43_0,WCc
167,U_28_0,G_42_0,GUc
167,A_29_0,U_41_0,WCc
167,A_30_0,U_40_0,WCc
167,U_31_0,U_39_0,WWc
167,A_33_0,G_37_0,SSc
167,A_33_0,G_38_0,XXX
167,A_33_0,A_66_0,WHt
167,U_34_0,G_37_0,SSt
167,U_34_0,A_65_0,WHt
167,G_37_0,C_61_0,WCc
167,G_38_0,C_60_0,WCc
167,G_38_0,A_66_0,SWt
167,U_47_0,U_51_0,XXX
167,U_49_0,A_76_0,XXX
167,U_51_0,U_74_0,SWc
167,A_52_0,A_73_0,SWc
167,C_54_0,G_72_0,WCc
167,A_55_0,U_71_0,WCc
167,A_56_0,U_70_0,WCc
167,G_57_0,C_69_0,WCc
167,A_58_0,U_68_0,WCc
167,G_59_0,C_67_0,WCc
167,C_60_0,A_66_0,XXX
167,C_61_0,A_65_0,SWc
168,C_13_0,G_83_0,WCc
168,G_14_0,U_82_0,GUc
168,C_15_0,G_81_0,WCc
168,U_16_0,A_80_0,WCc
168,U_17_0,A_79_0,WCc
168,C_18_0,G_78_0,WCc
168,A_19_0,U_77_0,WCc
168,U_20_0,A_76_0,WCc
168,A_21_0,U_75_0,WCc
168,U_22_0,C_53_0,WWc
168,A_23_0,G_46_0,WSc
168,U_25_0,A_45_0,WCc
168,C_26_0,G_44_0,WCc
168,C_27_0,G_43_0,WCc
168,U_28_0,G_42_0,GUc
168,A_29_0,U_41_0,WCc
168,A_30_0,U_40_0,WCc
168,U_31_0,U_39_0,WWc
168,A_33_0,G_37_0,SSc
168,A_33_0,G_38_0,XXX
168,A_33_0,A_66_0,WHt
168,U_34_0,G_37_0,SSt
168,U_34_0,A_65_0,WHt
168,G_37_0,C_61_0,WCc
168,G_38_0,C_60_0,WCc
168,G_38_0,A_66_0,SWt
168,G_46_0,C_53_0,WWc
168,C_50_0,U_75_0,WSc
168,U_51_0,U_74_0,SWc
168,A_52_0,A_73_0,SWc
168,C_54_0,G_72_0,WCc
168,A_55_0,U_71_0,WCc
168,A_56_0,U_70_0,WWc
168,G_57_0,C_69_0,WCc
168,A_58_0,U_68_0,WCc
168,G_59_0,C_67_0,WCc
168,C_60_0,A_66_0,XXX
168,C_61_0,A_65_0,SWc
169,C_13_0,G_83_0,WCc
169,G_14_0,U_82_0,GUc
169,C_15_0,G_81_0,WCc
169,U_16_0,A_80_0,WCc
169,U_17_0,A_79_0,WCc
169,C_18_0,G_78_0,WCc
169,A_19_0,U_77_0,WCc
169,U_20_0,A_76_0,WCc
169,A_21_0,U_75_0,WCc
169,U_22_0,C_53_0,XXX
169,A_23_0,G_46_0,WSt
169,U_25_0,A_45_0,WCc
169,C_26_0,G_44_0,WWc
169,C_27_0,G_43_0,WCc
169,U_28_0,G_42_0,GUc
169,A_29_0,U_41_0,WCc
169,A_30_0,U_40_0,WCc
169,U_31_0,U_39_0,WWc
169,A_33_0,G_37_0,SSc
169,A_33_0,G_38_0,XXX
169,A_33_0,A_66_0,WHt
169,U_34_0,G_37_0,SSt
169,U_34_0,A_65_0,WHt
169,G_37_0,C_61_0,WWc
169,G_38_0,G_59_0,WHc
169,G_38_0,C_60_0,WCc
169,G_38_0,A_66_0,SWt
169,G_46_0,C_53_0,XXX
169,C_50_0,U_75_0,WSc
169,U_51_0,U_74_0,SWc
169,U_51_0,U_75_0,XXX
169,A_52_0,A_73_0,SWc
169,C_54_0,G_72_0,WCc
169,A_55_0,U_71_0,WCc
169,A_56_0,U_70_0,WCc
169,G_57_0,C_69_0,WCc
169,A_58_0,U_68_0,WCc
169,G_59_0,C_67_0,WCc
169,C_61_0,A_65_0,SWc
169,A_66_0,C_67_0,XXX
170,C_13_0,G_83_0,WCc
170,G_14_0,U_82_0,GUc
170,C_15_0,G_81_0,WCc
170,U_16_0,A_80_0,WCc
170,U_17_0,A_79_0,WCc
170,C_18_0,G_78_0,WCc
170,A_19_0,U_77_0,WWc
170,U_20_0,A_76_0,WCc
170,U_20_0,U_77_0,XXX
170,A_21_0,U_75_0,WCc
170,U_22_0,C_53_0,WWc
170,A_23_0,G_46_0,WSc
170,U_25_0,A_45_0,WCc
170,U_25_0,C_53_0,XXX
170,C_26_0,G_44_0,WCc
170,C_27_0,G_43_0,WCc
170,U_28_0,G_42_0,GUc
170,A_29_0,U_41_0,WCc
170,A_30_0,U_40_0,WCc
170,U_31_0,U_39_0,WWc
170,A_33_0,G_37_0,SSc
170,A_33_0,A_66_0,WHt
170,U_34_0,G_37_0,SSt
170,U_34_0,A_65_0,WHt
170,G_37_0,C_61_0,WCc
170,G_37_0,A_66_0,XXX
170,G_38_0,C_60_0,WCc
170,G_38_0,A_66_0,SWt
170,G_46_0,C_53_0,WWc
170,U_49_0,A_76_0,WSc
170,U_51_0,U_74_0,SWc
170,A_52_0,A_73_0,SWc
170,A_52_0,U_74_0,SWc
170,C_54_0,G_72_0,WCc
170,A_55_0,U_71_0,WCc
170,A_56_0,U_70_0,WCc
170,G_57_0,C_69_0,WWc
170,A_58_0,U_68_0,WCc
170,G_59_0,C_67_0,WCc
170,C_60_0,A_66_0,XXX
170,C_61_0,A_65_0,SWc
171,C_13_0,G_83_0,WWc
171,G_14_0,U_82_0,GUc
171,C_15_0,G_81_0,WCc
171,U_16_0,A_80_0,WWc
171,U_17_0,A_79_0,WCc
171,C_18_0,G_78_0,WCc
171,A_19_0,U_77_0,WCc
171,U_20_0,A_76_0,WCc
171,A_21_0,U_75_0,WCc
171,U_22_0,C_53_0,XXX
171,A_23_0,G_46_0,WSt
171,U_25_0,A_45_0,WCc
171,C_26_0,G_44_0,WCc
171,C_27_0,G_43_0,WCc
171,U_28_0,G_42_0,GUc
171,A_29_0,U_41_0,WCc
171,A_30_0,U_40_0,WCc
171,U_31_0,U_39_0,WWc
171,A_33_0,G_37_0,SSc
171,A_33_0,G_38_0,XXX
171,A_33_0,A_66_0,WHt
171,U_34_0,G_37_0,SSt
171,U_34_0,A_65_0,WHt
171,G_37_0,C_61_0,WCc
171,G_38_0,C_60_0,WCc
171,G_38_0,A_66_0,SWt
171,G_46_0,C_53_0,XXX
171,U_49_0,A_76_0,XXX
171,C_50_0,U_75_0,WSc
171,U_51_0,U_74_0,SWc
171,A_52_0,A_73_0,SWc
171,C_54_0,G_72_0,WWc
171,A_55_0,U_71_0,WCc
171,A_56_0,U_70_0,WCc
171,G_57_0,C_69_0,WCc
171,A_58_0,U_68_0,WCc
171,G_59_0,C_67_0,WWc
171,C_60_0,A_66_0,XXX
171,C_60_0,C_67_0,XXX
171,C_61_0,A_65_0,SWc
172,C_13_0,G_83_0,WCc
172,G_14_0,U_82_0,GUc
172,C_15_0,G_81_0,WCc
172,U_16_0,A_80_0,WCc
172,U_17_0,A_79_0,WWc
172,C_18_0,G_78_0,WCc
172,C_18_0,A_79_0,WSc
172,A_19_0,U_77_0,WCc
172,U_20_0,A_76_0,WCc
172,A_21_0,U_74_0,XXX
172,A_21_0,U_75_0,WCc
172,U_22_0,U_47_0,XXX
172,U_22_0,C_53_0,WWc
172,A_23_0,G_46_0,WSc
172,U_25_0,A_45_0,WCc
172,C_26_0,G_44_0,WCc
172,C_27_0,G_43_0,WCc
172,U_28_0,G_42_0,GUc
172,A_29_0,U_41_0,WCc
172,A_30_0,U_40_0,WCc
172,U_31_0,U_39_0,WWc
172,A_33_0,G_37_0,SSc
172,A_33_0,A_66_0,WHt
172,U_34_0,A_65_0,WHt
172,G_37_0,C_61_0,WCc
172,G_38_0,C_60_0,WCc
172,G_38_0,C_61_0,XXX
172,G_38_0,A_66_0,SWt
172,G_46_0,C_53_0,WCc
172,U_49_0,A_76_0,WSc
172,C_50_0,U_75_0,WSc
172,U_51_0,U_74_0,SWc
172,A_52_0,A_73_0,SWc
172,C_54_0,G_72_0,WCc
172,A_55_0,U_71_0,WWc
172,A_56_0,U_70_0,WCc
172,G_57_0,C_69_0,WCc
172,A_58_0,U_68_0,WCc
172,G_59_0,C_67_0,WCc
172,C_61_0,A_65_0,XXX
172,A_66_0,C_67_0,XXX
173,C_13_0,G_83_0,WCc
173,G_14_0,U_82_0,GUc
173,C_15_0,G_81_0,WCc
173,U_16_0,A_80_0,WWc
173,U_17_0,A_79_0,WCc
173,C_18_0,G_78_0,WCc
173,A_19_0,U_77_0,WCc
173,U_20_0,A_76_0,WCc
173,A_21_0,U_75_0,WCc
173,U_22_0,C_53_0,WWc
173,U_22_0,A_73_0,SWc
173,A_23_0,G_46_0,WSt
173,U_25_0,A_45_0,WCc
173,C_26_0,G_44_0,WCc
173,C_27_0,G_43_0,WCc
173,U_28_0,G_42_0,GUc
173,A_29_0,U_41_0,WCc
173,A_30_0,U_40_0,WCc
173,U_31_0,U_39_0,WWc
173,A_33_0,G_37_0,SSc
173,A_33_0,A_66_0,WHc
173,U_34_0,A_35_0,SHc
173,U_34_0,G_37_0,SSt
173,U_34_0,A_65_0,WHt
173,G_37_0,C_61_0,WWc
173,G_38_0,C_60_0,WCc
173,G_38_0,C_61_0,XXX
173,G_38_0,A_66_0,SWt
173,G_46_0,C_53_0,WWc
173,U_49_0,A_76_0,WSc
173,C_50_0,U_75_0,SSc
173,U_51_0,U_74_0,SWc
173,A_52_0,A_73_0,SWc
173,C_54_0,G_72_0,WCc
173,A_55_0,U_71_0,WCc
173,A_56_0,U_70_0,WWc
173,G_57_0,C_69_0,WCc
173,A_58_0,U_68_0,WCc
173,G_59_0,C_67_0,WCc
173,C_60_0,A_66_0,XXX
173,C_61_0,A_65_0,XXX
173,A_66_0,C_67_0,XXX
174,C_13_0,G_83_0,WCc
174,G_14_0,U_82_0,GUc
174,C_15_0,G_81_0,WWc
174,U_16_0,A_80_0,WCc
174,U_17_0,A_79_0,WCc
174,C_18_0,G_78_0,WCc
174,A_19_0,U_77_0,WWc
174,U_20_0,A_76_0,WCc
174,A_21_0,U_75_0,WCc
174,U_22_0,U_47_0,XXX
174,U_22_0,C_53_0,WWc
174,U_22_0,A_73_0,SWc
174,A_23_0,G_46_0,WSt
174,U_25_0,A_45_0,WCc
174,C_26_0,G_44_0,WCc
174,C_27_0,G_43_0,WCc
174,U_28_0,G_42_0,GUc
174,A_29_0,U_41_0,WCc
174,A_30_0,U_40_0,WCc
174,U_31_0,U_39_0,WWc
174,A_33_0,G_38_0,XXX
174,A_33_0,A_66_0,WHt
174,U_34_0,G_37_0,SSt
174,U_34_0,A_65_0,WHt
174,G_37_0,C_61_0,WCc
174,G_38_0,C_60_0,WCc
174,G_38_0,A_66_0,SWt
174,U_49_0,A_76_0,WSc
174,C_50_0,U_75_0,WSc
174,U_51_0,U_74_0,SWc
174,U_51_0,U_75_0,XXX
174,A_52_0,A_73_0,SWc
174,C_54_0,G_72_0,WCc
174,A_55_0,U_71_0,WCc
174,A_56_0,U_70_0,WCc
174,G_57_0,C_69_0,WCc
174,A_58_0,U_68_0,WCc
174,G_59_0,C_67_0,WCc
174,C_61_0,A_65_0,SWc
175,C_13_0,G_83_0,WCc
175,G_14_0,G_81_0,XXX
175,G_14_0,U_82_0,GUc
175,C_15_0,G_81_0,WCc
175,U_16_0,A_80_0,WCc
175,U_17_0,A_79_0,WCc
175,C_18_0,G_78_0,WCc
175,A_19_0,U_77_0,WCc
175,U_20_0,A_76_0,WCc
175,U_20_0,U_77_0,XXX
175,A_21_0,U_74_0,XXX
175,A_21_0,U_75_0,WWc
175,U_22_0,C_53_0,XXX
175,A_23_0,G_46_0,WSt
175,A_24_0,G_72_0,XXX
175,U_25_0,A_45_0,WCc
175,C_26_0,G_44_0,WCc
175,C_27_0,G_43_0,WCc
175,U_28_0,G_42_0,GUc
175,A_29_0,U_41_0,WCc
175,A_30_0,U_40_0,WCc
175,U_31_0,U_39_0,WWc
175,U_31_0,U_40_0,WWc
175,G_32_0,A_66_0,XXX
175,A_33_0,G_37_0,SSc
175,A_33_0,G_38_0,XXX
175,A_33_0,A_66_0,WHt
175,U_34_0,G_37_0,SSt
175,U_34_0,A_65_0,WHt
175,G_37_0,C_61_0,WCc
175,G_38_0,C_60_0,WCc
175,G_38_0,A_66_0,SWt
175,G_46_0,C_53_0,XXX
175,U_49_0,A_76_0,WSc
175,C_50_0,U_75_0,WSc
175,U_51_0,U_74_0,SWc
175,A_52_0,A_73_0,XXX
175,C_54_0,G_72_0,WCc
175,A_55_0,U_71_0,WCc
175,A_56_0,U_70_0,WCc
175,G_57_0,C_69_0,WCc
175,A_58_0,U_68_0,WCc
175,G_59_0,C_67_0,WCc
175,C_60_0,A_66_0,XXX
175,C_61_0,A_65_0,SWc
176,C_13_0,G_83_0,WCc
176,G_14_0,U_82_0,GUc
176,C_15_0,G_81_0,WCc
176,C_15_0,U_82_0,XXX
176,U_16_0,A_80_0,WWc
176,U_16_0,G_81_0,XXX
176,U_17_0,A_79_0,WWc
176,U_17_0,A_80_0,XXX
176,C_18_0,G_78_0,WCc
176,A_19_0,U_77_0,WWc
176,U_20_0,A_76_0,WCc
176,A_21_0,U_75_0,WCc
176,U_22_0,C_53_0,WWc
176,A_23_0,G_46_0,WSt
176,U_25_0,A_45_0,WCc
176,C_26_0,G_44_0,WCc
176,C_27_0,G_43_0,WCc
176,U_28_0,G_42_0,GUc
176,A_29_0,U_41_0,WCc
176,A_30_0,U_40_0,WCc
176,U_31_0,U_39_0,WWc
176,A_33_0,G_37_0,SSc
176,A_33_0,A_66_0,WHt
176,U_34_0,A_65_0,WHt
176,G_37_0,C_60_0,WWc
176,G_38_0,C_60_0,WCc
176,G_38_0,A_66_0,SWt
176,G_46_0,C_53_0,WWc
176,U_49_0,A_76_0,WSc
176,U_51_0,U_74_0,SWc
176,A_52_0,A_73_0,XXX
176,C_54_0,G_72_0,WCc
176,A_55_0,U_71_0,WCc
176,A_56_0,U_70_0,WCc
176,G_57_0,C_69_0,WCc
176,A_58_0,U_68_0,WCc
176,G_59_0,C_67_0,WCc
176,C_60_0,A_66_0,XXX
176,C_61_0,A_65_0,XXX
176,A_66_0,C_67_0,XXX
177,C_13_0,G_83_0,WCc
177,G_14_0,U_82_0,GUc
177,C_15_0,G_81_0,WCc
177,U_16_0,A_80_0,WCc
177,U_17_0,A_79_0,WCc
177,C_18_0,G_78_0,WCc
177,A_19_0,U_77_0,WCc
177,U_20_0,A_76_0,WCc
177,A_21_0,U_75_0,WCc
177,U_22_0,C_53_0,WWc
177,A_23_0,G_46_0,WSc
177,U_25_0,A_45_0,WCc
177,C_26_0,G_44_0,WCc
177,C_27_0,G_43_0,WCc
177,U_28_0,G_42_0,GUc
177,A_29_0,U_41_0,WCc
177,A_30_0,U_40_0,WCc
177,U_31_0,U_39_0,WWc
177,A_33_0,G_38_0,XXX
177,A_33_0,A_66_0,WHt
177,U_34_0,A_35_0,SHc
177,U_34_0,G_37_0,SSt
177,U_34_0,A_65_0,WHt
177,G_37_0,C_60_0,WWc
177,G_37_0,C_61_0,WCc
177,G_38_0,C_60_0,WWc
177,G_38_0,A_66_0,SWt
177,G_46_0,C_53_0,WWc
177,U_49_0,A_76_0,WSc
177,U_51_0,U_74_0,SWc
177,A_52_0,A_73_0,SWc
177,A_52_0,U_74_0,XXX
177,C_54_0,G_72_0,WCc
177,A_55_0,U_71_0,WCc
177,A_56_0,U_70_0,WCc
177,G_57_0,C_69_0,WCc
177,A_58_0,U_68_0,WCc
177,G_59_0,C_67_0,WWc
177,C_60_0,A_66_0,XXX
177,C_61_0,A_65_0,SWc
178,C_13_0,G_83_0,WCc
178,G_14_0,U_82_0,GUc
178,C_15_0,G_81_0,WCc
178,U_16_0,A_80_0,WCc
178,U_17_0,A_79_0,WWc
178,C_18_0,G_78_0,WCc
178,A_19_0,U_77_0,WCc
178,U_20_0,A_76_0,WCc
178,A_21_0,U_75_0,WCc
178,U_22_0,U_47_0,XXX
178,U_22_0,C_53_0,WWc
178,A_23_0,G_46_0,WSt
178,U_25_0,A_45_0,WCc
178,C_26_0,G_44_0,WCc
178,C_27_0,G_43_0,WCc
178,U_28_0,G_42_0,GUc
178,A_29_0,U_41_0,WCc
178,A_30_0,U_40_0,WCc
178,U_31_0,U_39_0,WWc
178,A_33_0,G_37_0,SSc
178,A_33_0,G_38_0,XXX
178,A_33_0,A_66_0,WHt
178,U_34_0,G_37_0,SSt
178,U_34_0,A_65_0,WHt
178,A_35_0,U_62_0,XXX
178,G_37_0,C_60_0,WWc
178,G_37_0,C_61_0,WCc
178,G_38_0,G_59_0,WHc
178,G_38_0,C_60_0,WCc
178,G_38_0,A_66_0,SWt
178,G_46_0,C_53_0,XXX
178,U_49_0,A_76_0,WSc
178,U_51_0,U_74_0,SWc
178,A_52_0,A_73_0,SWc
178,C_54_0,G_72_0,WCc
178,A_55_0,U_71_0,WCc
178,A_56_0,U_70_0,WCc
178,G_57_0,C_69_0,WCc
178,A_58_0,U_68_0,WWc
178,G_59_0,C_67_0,WWc
178,C_60_0,A_66_0,XXX
178,C_61_0,A_65_0,SWc
179,C_13_0,G_83_0,WCc
179,G_14_0,U_82_0,GUc
179,C_15_0,G_81_0,WWc
179,U_16_0,A_80_0,WCc
179,U_17_0,A_79_0,WCc
179,C_18_0,G_78_0,WCc
179,A_19_0,U_77_0,WCc
179,U_20_0,A_76_0,WCc
179,A_21_0,U_75_0,WCc
179,U_22_0,C_53_0,WWc
179,A_23_0,G_46_0,WSc
179,U_25_0,A_45_0,WWc
179,C_26_0,G_44_0,WCc
179,C_27_0,G_43_0,WCc
179,U_28_0,G_42_0,GUc
179,A_29_0,U_41_0,WCc
179,A_30_0,U_40_0,WCc
179,U_31_0,U_39_0,WWc
179,A_33_0,G_37_0,SSc
179,A_33_0,A_66_0,WHt
179,U_34_0,A_65_0,WHt
179,G_37_0,C_61_0,WCc
179,G_37_0,A_66_0,XXX
179,G_38_0,C_60_0,WWc
179,G_38_0,A_66_0,SWt
179,G_46_0,C_53_0,WWc
179,U_47_0,U_51_0,XXX
179,U_51_0,U_74_0,SWc
179,A_52_0,A_73_0,SWc
179,C_54_0,G_72_0,WCc
179,A_55_0,U_71_0,WCc
179,A_56_0,U_70_0,WCc
179,G_57_0,C_69_0,WCc
179,A_58_0,U_68_0,WCc
179,G_59_0,C_67_0,WCc
179,C_61_0,A_65_0,SWc
179,A_66_0,C_67_0,XXX
180,C_13_0,U_82_0,XXX
180,C_13_0,G_83_0,WWc
180,G_14_0,U_82_0,GUc
180,C_15_0,G_81_0,WCc
180,U_16_0,A_80_0,WCc
180,U_17_0,A_79_0,WCc
180,C_18_0,G_78_0,WCc
180,A_19_0,U_77_0,WWc
180,U_20_0,A_21_0,WHc
180,U_20_0,A_76_0,WWc
180,A_21_0,U_75_0,WCc
180,U_22_0,U_47_0,XXX
180,U_22_0,C_53_0,WWc
180,A_23_0,G_46_0,WSt
180,U_25_0,A_45_0,WCc
180,C_26_0,G_44_0,WCc
180,C_27_0,G_43_0,WCc
180,U_28_0,G_42_0,GUc
180,A_29_0,U_41_0,WCc
180,A_30_0,U_40_0,WCc
180,U_31_0,U_39_0,WWc
180,A_33_0,G_37_0,SSc
180,A_33_0,G_38_0,XXX
180,A_33_0,A_66_0,WHt
180,U_34_0,G_37_0,SSt
180,U_34_0,A_65_0,WHt
180,G_37_0,C_61_0,WCc
180,G_38_0,C_60_0,WCc
180,G_38_0,A_66_0,SWt
180,G_46_0,C_53_0,WWc
180,U_49_0,A_76_0,WSc
180,U_51_0,U_74_0,SWc
180,U_51_0,U_75_0,XXX
180,A_52_0,A_73_0,SWc
180,A_52_0,U_74_0,SWc
180,C_54_0,G_72_0,WCc
180,A_55_0,U_71_0,WCc
180,A_56_0,U_70_0,WCc
180,G_57_0,C_69_0,WCc
180,A_58_0,U_68_0,WCc
180,A_58_0,C_69_0,WWc
180,G_59_0,C_67_0,WCc
180,C_61_0,A_65_0,SWc
181,C_13_0,G_83_0,WCc
181,G_14_0,G_81_0,WWc
181,G_14_0,U_82_0,GUc
181,C_15_0,G_81_0,WCc
181,U_16_0,A_80_0,WCc
181,U_17_0,A_79_0,WCc
181,C_18_0,G_78_0,WCc
181,A_19_0,U_77_0,WCc
181,U_20_0,A_76_0,WCc
181,A_21_0,U_74_0,XXX
181,A_21_0,U_75_0,WCc
181,U_22_0,C_53_0,WWc
181,A_23_0,G_46_0,WSc
181,U_25_0,A_45_0,WCc
181,C_26_0,G_44_0,WCc
181,C_27_0,G_43_0,WCc
181,U_28_0,G_42_0,GUc
181,A_29_0,U_41_0,WCc
181,A_30_0,U_40_0,WWc
181,U_31_0,U_39_0,WWc
181,A_33_0,G_38_0,XXX
181,A_33_0,A_66_0,WHt
181,U_34_0,G_37_0,SSt
181,U_34_0,A_65_0,WHt
181,G_37_0,C_61_0,WCc
181,G_38_0,C_60_0,WCc
181,G_38_0,A_66_0,SWt
181,G_46_0,C_53_0,WWc
181,U_49_0,A_76_0,WSc
181,U_51_0,U_74_0,SWc
181,A_52_0,A_73_0,SWc
181,C_54_0,G_72_0,WCc
181,A_55_0,U_71_0,WCc
181,A_56_0,U_70_0,WWc
181,G_57_0,C_69_0,WCc
181,A_58_0,U_68_0,WCc
181,G_59_0,C_67_0,WCc
181,C_60_0,A_66_0,XXX
181,C_61_0,A_65_0,SWc
182,C_13_0,G_83_0,WCc
182,G_14_0,U_82_0,WWc
182,C_15_0,G_81_0,WCc
182,U_16_0,A_80_0,WCc
182,U_17_0,A_79_0,WWc
182,C_18_0,G_78_0,WCc
182,A_19_0,U_77_0,WCc
182,U_20_0,A_76_0,WCc
182,A_21_0,U_74_0,XXX
182,A_21_0,U_75_0,WCc
182,U_22_0,C_53_0,WWc
182,A_23_0,G_46_0,WSt
182,U_25_0,A_45_0,WCc
182,C_26_0,G_44_0,WCc
182,C_27_0,G_43_0,WCc
182,U_28_0,G_42_0,GUc
182,A_29_0,U_41_0,WWc
182,A_30_0,U_40_0,WCc
182,U_31_0,U_39_0,WWc
182,A_33_0,G_37_0,SSc
182,A_33_0,G_38_0,XXX
182,A_33_0,A_65_0,WHt
182,A_33_0,A_66_0,WHt
182,U_34_0,G_37_0,SSt
182,U_34_0,A_65_0,WHt
182,G_37_0,C_61_0,WCc
182,G_38_0,C_60_0,WCc
182,G_38_0,A_66_0,SWt
182,G_46_0,C_53_0,WWc
182,U_49_0,A_76_0,WSc
182,U_51_0,U_74_0,SWc
182,A_52_0,A_73_0,SWc
182,C_54_0,G_72_0,WCc
182,A_55_0,U_71_0,WCc
182,A_56_0,U_70_0,WCc
182,G_57_0,C_69_0,WCc
182,A_58_0,U_68_0,WCc
182,G_59_0,C_67_0,WCc
182,C_60_0,A_66_0,XXX
182,C_60_0,C_67_0,XXX
182,C_61_0,A_65_0,SWc
182,U_82_0,G_83_0,XXX
183,C_13_0,G_83_0,WCc
183,G_14_0,U_82_0,GUc
183,C_15_0,G_81_0,WCc
183,U_16_0,A_80_0,WCc
183,U_17_0,A_79_0,WCc
183,C_18_0,G_78_0,WCc
183,A_19_0,A_76_0,XXX
183,A_19_0,U_77_0,WWc
183,U_20_0,A_76_0,WCc
183,A_21_0,U_75_0,WCc
183,U_22_0,U_47_0,XXX
183,U_22_0,C_53_0,XXX
183,A_23_0,G_46_0,WSc
183,U_25_0,A_45_0,WCc
183,C_26_0,G_44_0,WCc
183,C_27_0,G_43_0,WCc
183,U_28_0,G_42_0,GUc
183,A_29_0,U_41_0,WCc
183,A_30_0,U_40_0,WCc
183,U_31_0,U_39_0,WWc
183,A_33_0,G_37_0,SSc
183,A_33_0,G_38_0,XXX
183,A_33_0,A_66_0,WHt
183,U_34_0,G_37_0,SSt
183,U_34_0,A_65_0,WHt
183,G_37_0,C_61_0,WCc
183,G_38_0,C_60_0,WCc
183,G_38_0,A_66_0,SWt
183,G_46_0,C_53_0,XXX
183,U_49_0,A_76_0,WSt
183,U_51_0,U_74_0,SWc
183,A_52_0,A_73_0,SWc
183,C_54_0,G_72_0,WCc
183,A_55_0,U_71_0,WCc
183,A_56_0,U_70_0,WCc
183,G_57_0,C_69_0,WCc
183,A_58_0,U_68_0,WCc
183,G_59_0,C_67_0,WCc
183,C_61_0,A_65_0,SWc
183,C_61_0,A_66_0,XXX
184,C_13_0,G_83_0,WCc
184,G_14_0,U_82_0,GUc
184,C_15_0,G_81_0,WCc
184,U_16_0,A_80_0,WCc
184,U_17_0,A_79_0,WWc
184,C_18_0,G_78_0,WCc
184,A_19_0,U_77_0,WCc
184,U_20_0,A_76_0,WCc
184,A_21_0,U_74_0,XXX
184,A_21_0,U_75_0,WCc
184,U_22_0,C_53_0,WWc
184,A_23_0,G_46_0,WSc
184,U_25_0,A_45_0,WWc
184,C_26_0,G_44_0,WCc
184,C_27_0,G_43_0,WCc
184,U_28_0,G_42_0,GUc
184,A_29_0,U_41_0,WCc
184,A_30_0,U_39_0,XXX
184,A_30_0,U_40_0,WCc
184,U_31_0,U_39_0,WWc
184,G_32_0,A_66_0,XXX
184,A_33_0,G_37_0,SSc
184,A_33_0,A_66_0,XXX
184,U_34_0,A_65_0,WHt
184,G_37_0,C_61_0,WCc
184,G_38_0,C_60_0,WCc
184,G_38_0,A_66_0,SWt
184,G_46_0,C_53_0,WWc
184,U_47_0,U_51_0,XXX
184,U_51_0,U_74_0,SWc
184,A_52_0,A_73_0,SWc
184,A_52_0,U_74_0,XXX
184,C_54_0,G_72_0,WCc
184,A_55_0,U_71_0,WCc
184,A_56_0,U_70_0,WCc
184,G_57_0,C_69_0,WCc
184,A_58_0,U_68_0,WCc
184,G_59_0,C_67_0,WCc
184,C_61_0,A_65_0,SWc
185,C_13_0,G_83_0,WCc
185,G_14_0,U_82_0,GUc
185,C_15_0,G_81_0,WCc
185,U_16_0,A_80_0,WCc
185,U_17_0,A_79_0,WCc
185,C_18_0,G_78_0,WCc
185,A_19_0,U_77_0,WCc
185,U_20_0,A_76_0,WCc
185,A_21_0,U_75_0,WCc
185,U_22_0,C_53_0,WWc
185,A_23_0,G_46_0,WSt
185,U_25_0,A_45_0,WCc
185,C_26_0,G_44_0,WCc
185,C_27_0,G_43_0,WCc
185,U_28_0,G_42_0,GUc
185,A_29_0,U_41_0,WCc
185,A_30_0,U_40_0,WCc
185,U_31_0,U_39_0,WWc
185,A_33_0,G_37_0,SSc
185,A_33_0,G_38_0,XXX
185,A_33_0,A_66_0,WHt
185,U_34_0,G_37_0,SSt
185,U_34_0,A_65_0,WHt
185,G_37_0,C_61_0,WWc
185,G_38_0,C_60_0,WWc
185,G_38_0,A_66_0,SWt
185,G_46_0,C_53_0,WWc
185,U_51_0,U_74_0,SWc
185,A_52_0,A_73_0,SWc
185,C_54_0,G_72_0,WCc
185,A_55_0,U_71_0,WCc
185,A_56_0,U_70_0,WCc
185,G_57_0,C_69_0,WCc
185,A_58_0,U_68_0,WCc
185,G_59_0,C_67_0,WCc
185,C_60_0,C_67_0,XXX
185,C_61_0,A_65_0,SWc
185,U_62_0,U_63_0,XXX
186,C_13_0,G_83_0,WCc
186,G_14_0,U_82_0,GUc
186,C_15_0,G_81_0,WCc
186,U_16_0,A_80_0,WCc
186,U_17_0,A_79_0,WCc
186,C_18_0,G_78_0,WCc
186,A_19_0,U_77_0,WCc
186,U_20_0,A_76_0,WCc
186,A_21_0,U_75_0,WCc
186,U_22_0,C_53_0,XXX
186,A_23_0,G_46_0,WSc
186,U_25_0,A_45_0,WCc
186,C_26_0,G_44_0,WCc
186,C_27_0,G_43_0,WCc
186,U_28_0,G_42_0,GUc
186,A_29_0,U_41_0,WCc
186,A_30_0,U_40_0,WWc
186,U_31_0,U_39_0,WWc
186,U_31_0,U_40_0,XXX
186,A_33_0,A_66_0,WHt
186,U_34_0,G_37_0,SSt
186,U_34_0,A_65_0,WHt
186,G_37_0,C_61_0,WCc
186,G_38_0,C_60_0,WCc
186,G_38_0,A_66_0,SWt
186,G_46_0,C_53_0,WCc
186,U_49_0,A_76_0,WSc
186,U_51_0,U_74_0,SWc
186,A_52_0,A_73_0,SWc
186,C_54_0,G_72_0,WCc
186,A_55_0,U_71_0,WCc
186,A_56_0,U_70_0,WCc
186,G_57_0,C_69_0,WCc
186,A_58_0,U_68_0,WCc
186,G_59_0,C_67_0,WCc
186,C_61_0,A_65_0,SWc
186,U_62_0,U_63_0,XXX
186,A_66_0,C_67_0,XXX
187,C_13_0,G_83_0,WCc
187,G_14_0,U_82_0,GUc
187,C_15_0,G_81_0,WCc
187,C_15_0,U_82_0,XXX
187,U_16_0,A_80_0,WCc
187,U_17_0,A_79_0,WCc
187,C_18_0,G_78_0,WCc
187,A_19_0,U_77_0,WCc
187,U_20_0,A_76_0,WCc
187,A_21_0,U_74_0,XXX
187,A_21_0,U_75_0,WCc
187,U_22_0,C_53_0,XXX
187,A_23_0,G_46_0,WSt
187,U_25_0,A_45_0,WCc
187,C_26_0,G_44_0,WWc
187,C_27_0,G_43_0,WCc
187,U_28_0,G_42_0,GUc
187,A_29_0,U_41_0,WCc
187,A_30_0,U_40_0,WCc
187,U_31_0,U_39_0,WWc
187,A_33_0,G_38_0,XXX
187,A_33_0,A_66_0,WHt
187,U_34_0,G_37_0,SSt
187,U_34_0,A_65_0,WHt
187,G_37_0,C_61_0,WCc
187,G_38_0,C_60_0,WCc
187,G_38_0,A_66_0,SWt
187,G_46_0,C_53_0,XXX
187,U_51_0,U_74_0,SWc
187,A_52_0,A_73_0,SWc
187,C_54_0,G_72_0,WCc
187,A_55_0,U_71_0,WCc
187,A_56_0,U_70_0,WCc
187,A_56_0,U_71_0,XXX
187,G_57_0,C_69_0,WCc
187,A_58_0,U_68_0,WCc
187,G_59_0,C_67_0,WCc
187,C_60_0,A_66_0,XXX
187,C_61_0,A_65_0,SWc
187,U_62_0,U_63_0,XXX
187,A_64_0,A_65_0,XXX
188,C_13_0,G_83_0,WCc
188,G_14_0,U_82_0,GUc
188,C_15_0,G_81_0,WCc
188,U_16_0,A_80_0,WCc
188,U_17_0,A_79_0,WCc
188,C_18_0,G_78_0,WCc
188,A_19_0,U_77_0,WCc
188,U_20_0,A_76_0,WCc
188,A_21_0,U_75_0,WCc
188,U_22_0,C_53_0,WWc
188,A_23_0,G_46_0,WSt
188,A_23_0,C_53_0,XXX
188,U_25_0,A_45_0,WCc
188,C_26_0,G_44_0,WCc
188,C_27_0,G_43_0,WCc
188,U_28_0,G_42_0,WWc
188,A_29_0,U_41_0,WCc
188,A_30_0,U_40_0,WCc
188,U_31_0,U_39_0,WWc
188,A_33_0,G_38_0,XXX
188,A_33_0,A_66_0,WHt
188,U_34_0,G_37_0,SSt
188,U_34_0,A_65_0,WHt
188,G_37_0,C_61_0,WCc
188,G_38_0,C_60_0,WCc
188,G_38_0,C_61_0,XXX
188,G_38_0,A_66_0,SWt
188,G_46_0,C_53_0,WWc
188,U_51_0,U_74_0,SWc
188,U_51_0,U_75_0,XXX
188,A_52_0,A_73_0,SWc
188,C_54_0,G_72_0,WCc
188,A_55_0,U_71_0,WCc
188,A_56_0,U_70_0,WCc
188,A_56_0,U_71_0,WWc
188,G_57_0,C_69_0,WCc
188,A_58_0,U_68_0,WCc
188,G_59_0,C_67_0,WCc
188,C_61_0,A_65_0,XXX
188,A_66_0,C_67_0,XXX
189,C_13_0,G_83_0,WCc
189,G_14_0,U_82_0,GUc
189,C_15_0,G_81_0,WCc
189,U_16_0,A_80_0,WCc
189,U_17_0,A_79_0,WCc
189,C_18_0,G_78_0,WCc
189,A_19_0,U_77_0,WCc
189,U_20_0,A_76_0,WCc
189,U_20_0,U_77_0,XXX
189,A_21_0,U_75_0,WCc
189,U_22_0,U_47_0,XXX
189,U_22_0,C_53_0,WWc
189,A_23_0,G_46_0,WSc
189,A_23_0,C_53_0,XXX
189,U_25_0,A_45_0,WWc
189,C_26_0,G_44_0,WCc
189,C_27_0,G_43_0,WCc
189,U_28_0,G_42_0,GUc
189,A_29_0,U_41_0,WCc
189,A_30_0,U_40_0,WCc
189,U_31_0,U_39_0,WWc
189,A_33_0,G_37_0,SSc
189,A_33_0,G_38_0,XXX
189,A_33_0,A_66_0,WHt
189,U_34_0,G_37_0,SSt
189,U_34_0,A_65_0,WHt
189,G_37_0,C_61_0,WCc
189,G_38_0,C_60_0,WWc
189,G_38_0,A_66_0,SWt
189,G_46_0,C_53_0,WWc
189,U_51_0,U_74_0,SWc
189,A_52_0,A_73_0,SWc
189,C_54_0,G_72_0,WCc
189,A_55_0,U_71_0,WCc
189,A_56_0,U_70_0,WCc
189,G_57_0,C_69_0,WCc
189,A_58_0,U_68_0,WCc
189,G_59_0,C_67_0,WCc
189,C_61_0,A_65_0,SWc
190,C_13_0,G_83_0,WWc
190,G_14_0,U_82_0,GUc
190,C_15_0,G_81_0,WCc
190,U_16_0,A_80_0,WCc
190,U_17_0,A_79_0,WCc
190,C_18_0,G_78_0,WCc
190,A_19_0,U_77_0,WWc
190,U_20_0,A_76_0,WCc
190,A_21_0,U_75_0,WCc
190,U_22_0,C_53_0,WWc
190,A_23_0,G_46_0,WSt
190,A_23_0,C_53_0,XXX
190,A_24_0,G_72_0,HWt
190,U_25_0,A_45_0,WCc
190,C_26_0,G_44_0,WCc
190,C_27_0,G_43_0,WCc
190,U_28_0,G_42_0,GUc
190,A_29_0,U_41_0,WCc
190,A_30_0,U_40_0,WWc
190,U_31_0,U_39_0,WWc
190,A_33_0,G_37_0,SSc
190,A_33_0,G_38_0,XXX
190,A_33_0,A_66_0,WHt
190,U_34_0,G_37_0,SSt
190,U_34_0,A_65_0,WHt
190,G_37_0,C_60_0,XXX
190,G_37_0,C_61_0,WCc
190,G_38_0,C_60_0,WCc
190,G_38_0,A_66_0,SWc
190,U_49_0,A_76_0,WSc
190,U_51_0,U_74_0,SWc
190,A_52_0,A_73_0,XXX
190,A_52_0,U_74_0,XXX
190,C_54_0,G_72_0,WCc
190,A_55_0,U_71_0,WCc
190,A_56_0,U_70_0,WCc
190,G_57_0,C_69_0,WCc
190,A_58_0,U_68_0,WCc
190,G_59_0,C_67_0,WCc
190,C_60_0,A_66_0,XXX
190,C_61_0,A_65_0,SWc
190,U_62_0,U_63_0,XXX
191,C_13_0,G_83_0,WWc
191,G_14_0,U_82_0,GUc
191,C_15_0,G_81_0,WCc
191,U_16_0,A_80_0,WCc
191,U_17_0,A_79_0,WCc
191,C_18_0,G_78_0,WCc
191,A_19_0,U_77_0,WWc
191,U_20_0,A_76_0,WCc
191,U_20_0,U_77_0,XXX
191,A_21_0,U_51_0,XXX
191,A_21_0,U_75_0,WCc
191,U_22_0,U_47_0,XXX
191,U_22_0,C_53_0,WWc
191,U_22_0,A_73_0,SWt
191,A_23_0,G_46_0,WSt
191,A_23_0,C_53_0,XXX
191,U_25_0,A_45_0,WWc
191,C_26_0,G_44_0,WCc
191,C_27_0,G_43_0,WCc
191,U_28_0,G_42_0,GUc
191,A_29_0,U_41_0,WCc
191,A_30_0,U_40_0,WCc
191,U_31_0,U_39_0,WWc
191,A_33_0,G_37_0,SSc
191,A_33_0,A_66_0,WHt
191,U_34_0,G_37_0,SSt
191,U_34_0,A_65_0,WHt
191,G_37_0,C_60_0,XXX
191,G_37_0,C_61_0,WCc
191,G_38_0,G_59_0,XXX
191,G_38_0,C_60_0,WCc
191,G_38_0,A_66_0,SWt
191,G_46_0,C_53_0,WWc
191,U_51_0,U_74_0,SWc
191,A_52_0,A_73_0,XXX
191,A_52_0,U_74_0,SWc
191,C_54_0,G_72_0,WCc
191,A_55_0,U_71_0,WCc
191,A_56_0,U_70_0,WCc
191,G_57_0,C_69_0,WCc
191,A_58_0,U_68_0,WCc
191,G_59_0,C_67_0,WCc
191,C_61_0,A_65_0,SWc
192,C_13_0,G_83_0,WCc
192,G_14_0,U_82_0,GUc
192,C_15_0,G_81_0,WCc
192,U_16_0,A_80_0,WCc
192,U_17_0,A_79_0,WCc
192,C_18_0,G_78_0,WCc
192,A_19_0,U_77_0,WCc
192,U_20_0,A_76_0,WCc
192,A_21_0,U_75_0,WCc
192,U_22_0,C_53_0,XXX
192,A_23_0,G_46_0,WSc
192,U_25_0,A_45_0,WCc
192,C_26_0,G_44_0,WCc
192,C_27_0,G_43_0,WCc
192,U_28_0,G_42_0,GUc
192,A_29_0,U_41_0,WCc
192,A_30_0,U_40_0,WCc
192,A_30_0,U_41_0,WWc
192,U_31_0,U_39_0,WWc
192,A_33_0,G_37_0,SSc
192,A_33_0,A_65_0,WHt
192,A_33_0,A_66_0,WHt
192,U_34_0,G_37_0,SSt
192,U_34_0,A_65_0,WHt
192,G_37_0,C_61_0,WCc
192,G_38_0,C_60_0,WCc
192,G_38_0,A_66_0,SWt
192,G_46_0,C_53_0,XXX
192,U_49_0,A_76_0,WSc
192,U_51_0,U_74_0,SWc
192,A_52_0,A_73_0,SWc
192,C_54_0,A_55_0,XXX
192,C_54_0,G_72_0,WWc
192,A_55_0,U_71_0,WCc
192,A_56_0,U_70_0,WCc
192,G_57_0,C_69_0,WWc
192,A_58_0,U_68_0,WCc
192,G_59_0,C_67_0,WCc
192,C_61_0,A_65_0,XXX
193,C_13_0,G_83_0,WWc
193,G_14_0,U_82_0,GUc
193,C_15_0,G_81_0,WCc
193,U_16_0,A_80_0,WWc
193,U_17_0,A_79_0,WCc
193,C_18_0,G_78_0,WCc
193,A_19_0,U_77_0,WCc
193,U_20_0,A_76_0,WCc
193,A_21_0,U_51_0,XXX
193,A_21_0,U_74_0,XXX
193,A_21_0,U_75_0,WCc
193,U_22_0,C_53_0,XXX
193,A_23_0,G_46_0,WSt
193,U_25_0,A_45_0,WCc
193,C_26_0,G_44_0,WCc
193,C_27_0,G_43_0,WCc
193,U_28_0,G_42_0,GUc
193,A_29_0,U_41_0,WCc
193,A_30_0,U_40_0,WCc
193,U_31_0,U_39_0,WWc
193,U_31_0,U_40_0,XXX
193,A_33_0,A_66_0,WHt
193,U_34_0,G_37_0,SSt
193,U_34_0,A_65_0,WHt
193,G_37_0,C_61_0,WCc
193,G_38_0,C_60_0,WCc
193,G_38_0,A_66_0,SWt
193,G_46_0,C_53_0,XXX
193,U_51_0,U_74_0,SWc
193,A_52_0,A_73_0,XXX
193,A_52_0,U_74_0,SWc
193,C_54_0,G_72_0,WCc
193,A_55_0,U_71_0,WCc
193,A_56_0,U_70_0,WCc
193,G_57_0,C_69_0,WCc
193,A_58_0,U_68_0,WCc
193,G_59_0,C_67_0,WCc
193,C_61_0,A_65_0,XXX
193,C_61_0,A_66_0,XXX
193,A_64_0,A_65_0,XXX
194,G_14_0,U_82_0,GUc
194,C_15_0,G_81_0,WCc
194,U_16_0,A_80_0,WCc
194,U_17_0,A_79_0,WWc
194,C_18_0,G_78_0,WCc
194,A_19_0,U_77_0,WCc
194,U_20_0,A_76_0,WCc
194,A_21_0,U_74_0,XXX
194,A_21_0,U_75_0,WCc
194,U_22_0,U_47_0,XXX
194,U_22_0,C_53_0,XXX
194,A_23_0,G_46_0,WSc
194,U_25_0,A_45_0,WCc
194,U_25_0,C_53_0,XXX
194,C_26_0,G_44_0,WCc
194,C_27_0,G_43_0,WCc
194,U_28_0,G_42_0,GUc
194,A_29_0,U_41_0,WCc
194,A_30_0,U_40_0,WCc
194,U_31_0,U_39_0,WWc
194,A_33_0,G_37_0,SSc
194,A_33_0,G_38_0,XXX
194,A_33_0,A_66_0,WHt
194,U_34_0,G_37_0,SSt
194,U_34_0,A_65_0,WHt
194,G_37_0,C_61_0,WCc
194,G_38_0,C_60_0,WCc
194,G_38_0,A_66_0,SWt
194,G_46_0,C_53_0,XXX
194,U_51_0,U_74_0,SWc
194,A_52_0,A_73_0,SWc
194,A_52_0,U_74_0,SWc
194,C_54_0,G_72_0,WCc
194,A_55_0,U_71_0,WCc
194,A_56_0,U_70_0,WCc
194,G_57_0,C_69_0,WCc
194,A_58_0,U_68_0,WCc
194,G_59_0,C_67_0,WCc
194,C_61_0,A_65_0,SWc
195,G_14_0,U_82_0,GUc
195,C_15_0,G_81_0,WCc
195,C_15_0,U_82_0,XXX
195,U_16_0,A_80_0,WCc
195,U_17_0,A_79_0,WCc
195,C_18_0,G_78_0,WCc
195,A_19_0,U_77_0,WCc
195,U_20_0,A_76_0,WWc
195,A_21_0,U_75_0,WCc
195,U_22_0,C_53_0,WWc
195,A_23_0,G_46_0,WSt
195,U_25_0,A_45_0,WCc
195,C_26_0,G_44_0,WCc
195,C_27_0,G_43_0,WCc
195,U_28_0,G_42_0,GUc
195,A_29_0,U_41_0,WCc
195,A_30_0,U_40_0,WCc
195,U_31_0,U_39_0,WWc
195,A_33_0,G_37_0,SSc
195,A_33_0,A_66_0,WHt
195,U_34_0,G_37_0,SSt
195,U_34_0,A_65_0,WHt
195,G_37_0,C_61_0,WCc
195,G_38_0,C_60_0,WCc
195,G_38_0,A_66_0,SWt
195,G_46_0,C_53_0,WWc
195,U_51_0,U_74_0,SWc
195,A_52_0,A_73_0,SWc
195,C_54_0,G_72_0,WCc
195,A_55_0,U_71_0,WCc
195,A_56_0,U_70_0,WCc
195,G_57_0,C_69_0,WCc
195,A_58_0,U_68_0,WCc
195,G_59_0,C_67_0,WCc
195,C_61_0,A_65_0,SWc
195,U_62_0,U_63_0,XXX
196,G_14_0,U_82_0,GUc
196,C_15_0,G_81_0,WCc
196,U_16_0,A_80_0,WCc
196,U_17_0,A_79_0,WCc
196,C_18_0,G_78_0,WCc
196,A_19_0,U_77_0,WCc
196,U_20_0,A_76_0,WCc
196,A_21_0,U_75_0,WCc
196,U_22_0,C_53_0,WWc
196,A_23_0,G_46_0,WSc
196,U_25_0,A_45_0,WCc
196,C_26_0,G_44_0,WCc
196,C_27_0,G_43_0,WCc
196,U_28_0,G_42_0,GUc
196,A_29_0,U_41_0,WCc
196,A_30_0,U_40_0,WCc
196,U_31_0,U_39_0,WWc
196,A_33_0,A_66_0,WHt
196,U_34_0,G_37_0,SSt
196,U_34_0,A_65_0,WHt
196,G_37_0,C_60_0,XXX
196,G_37_0,C_61_0,WCc
196,G_38_0,C_60_0,WCc
196,G_38_0,A_66_0,SWt
196,G_46_0,C_53_0,WWc
196,U_51_0,U_74_0,SWc
196,A_52_0,A_73_0,XXX
196,C_54_0,G_72_0,WCc
196,A_55_0,U_71_0,WCc
196,A_56_0,U_70_0,WCc
196,G_57_0,C_69_0,WCc
196,A_58_0,U_68_0,WCc
196,G_59_0,C_67_0,WCc
196,C_60_0,A_66_0,XXX
196,C_61_0,A_65_0,SWc
196,A_66_0,C_67_0,XXX
197,G_14_0,U_82_0,GUc
197,C_15_0,G_81_0,WCc
197,U_16_0,A_80_0,WCc
197,U_17_0,A_79_0,WCc
197,C_18_0,G_78_0,WWc
197,A_19_0,U_77_0,WCc
197,U_20_0,A_76_0,WCc
197,A_21_0,U_75_0,WCc
197,U_22_0,U_47_0,HSc
197,U_22_0,C_53_0,XXX
197,U_22_0,A_73_0,SWc
197,A_23_0,G_46_0,WSc
197,U_25_0,A_45_0,WCc
197,C_26_0,G_44_0,WCc
197,C_27_0,G_43_0,WCc
197,U_28_0,G_42_0,WWc
197,A_29_0,U_41_0,WCc
197,A_30_0,U_40_0,WCc
197,U_31_0,U_39_0,WWc
197,A_33_0,G_38_0,XXX
197,A_33_0,A_66_0,WHt
197,U_34_0,G_37_0,SSt
197,U_34_0,A_65_0,WHt
197,G_37_0,C_61_0,WCc
197,G_38_0,C_60_0,WCc
197,G_38_0,A_66_0,SWt
197,G_46_0,C_53_0,WWc
197,U_49_0,A_76_0,WSc
197,U_51_0,U_74_0,SWc
197,A_52_0,A_73_0,SWc
197,C_54_0,G_72_0,WCc
197,A_55_0,U_71_0,WCc
197,A_56_0,U_70_0,WCc
197,G_57_0,C_69_0,WCc
197,A_58_0,U_68_0,WCc
197,G_59_0,C_67_0,WCc
197,C_61_0,A_65_0,SWc
197,U_62_0,U_63_0,SHc
198,G_14_0,U_82_0,GUc
198,C_15_0,G_81_0,WCc
198,U_16_0,A_80_0,WCc
198,U_17_0,A_79_0,WCc
198,C_18_0,G_78_0,WCc
198,A_19_0,U_77_0,WCc
198,U_20_0,A_76_0,WCc
198,A_21_0,U_75_0,WCc
198,U_22_0,C_53_0,WWc
198,A_23_0,A_45_0,XXX
198,A_23_0,G_46_0,WSc
198,U_25_0,A_45_0,WCc
198,C_26_0,G_44_0,WCc
198,C_27_0,G_43_0,WCc
198,U_28_0,G_42_0,GUc
198,A_29_0,U_41_0,WCc
198,A_30_0,U_40_0,WCc
198,U_31_0,U_39_0,WWc
198,A_33_0,A_66_0,WHt
198,U_34_0,G_37_0,SSt
198,U_34_0,A_65_0,WHt
198,G_37_0,C_61_0,WCc
198,G_38_0,C_60_0,WCc
198,G_38_0,A_66_0,SWt
198,G_46_0,C_53_0,WWc
198,U_49_0,A_76_0,WSc
198,U_51_0,U_74_0,SWc
198,U_51_0,U_75_0,XXX
198,A_52_0,A_73_0,SWc
198,C_54_0,G_72_0,WCc
198,A_55_0,U_71_0,WCc
198,A_56_0,U_70_0,WCc
198,G_57_0,C_69_0,WCc
198,A_58_0,U_68_0,WCc
198,G_59_0,C_67_0,WCc
198,C_60_0,C_67_0,XXX
198,C_61_0,A_65_0,SWc
198,A_66_0,C_67_0,XXX
199,C_13_0,G_83_0,WWc
199,G_14_0,U_82_0,GUc
199,C_15_0,G_81_0,WCc
199,U_16_0,A_80_0,WCc
199,U_17_0,A_79_0,WCc
199,C_18_0,G_78_0,WWc
199,A_19_0,U_77_0,WCc
199,U_20_0,A_76_0,WCc
199,A_21_0,U_75_0,WCc
199,U_22_0,C_53_0,WWc
199,A_23_0,G_46_0,WSc
199,A_23_0,C_53_0,XXX
199,U_25_0,A_45_0,WCc
199,U_25_0,C_53_0,XXX
199,C_26_0,G_44_0,WCc
199,C_27_0,G_43_0,WCc
199,U_28_0,G_42_0,GUc
199,A_29_0,U_41_0,WCc
199,A_30_0,U_40_0,WCc
199,U_31_0,U_39_0,WWc
199,A_33_0,A_66_0,WHt
199,U_34_0,G_37_0,SSt
199,U_34_0,A_65_0,WHt
199,G_37_0,C_61_0,WCc
199,G_38_0,C_60_0,WCc
199,G_38_0,A_66_0,SWt
199,G_46_0,C_53_0,WWc
199,U_51_0,U_74_0,SWc
199,A_52_0,A_73_0,XXX
199,C_54_0,G_72_0,WCc
199,A_55_0,U_71_0,WCc
199,A_56_0,U_70_0,WCc
199,G_57_0,C_69_0,WCc
199,A_58_0,U_68_0,WCc
199,G_59_0,C_67_0,WCc
199,C_61_0,A_65_0,SWc
199,U_62_0,U_63_0,XXX
200,C_13_0,G_83_0,WCc
200,G_14_0,U_82_0,GUc
200,C_15_0,G_81_0,WCc
200,U_16_0,A_80_0,WCc
200,U_17_0,A_79_0,WCc
200,C_18_0,G_78_0,WCc
200,A_19_0,U_77_0,WCc
200,U_20_0,A_76_0,WCc
200,A_21_0,U_75_0,WCc
200,U_22_0,C_53_0,WWc
200,A_23_0,G_46_0,WSt
200,U_25_0,A_45_0,WCc
200,C_26_0,G_44_0,WCc
200,C_27_0,G_43_0,WCc
200,U_28_0,G_42_0,GUc
200,A_29_0,U_41_0,WWc
200,A_30_0,U_40_0,WCc
200,U_31_0,U_39_0,WWc
200,A_33_0,G_37_0,SSc
200,A_33_0,A_66_0,WHt
200,U_34_0,G_37_0,SSt
200,U_34_0,A_65_0,WHt
200,G_37_0,C_61_0,WCc
200,G_38_0,C_60_0,WCc
200,G_38_0,A_66_0,SWt
200,G_46_0,C_53_0,WWc
200,U_51_0,A_52_0,XXX
200,U_51_0,U_74_0,SWc
200,A_52_0,A_73_0,SWc
200,C_54_0,G_72_0,WCc
200,A_55_0,U_71_0,WCc
200,A_56_0,U_70_0,WCc
200,G_57_0,C_69_0,WCc
200,A_58_0,U_68_0,WCc
200,G_59_0,C_67_0,WCc
200,C_61_0,A_65_0,SWc
200,A_66_0,C_67_0,XXX
201,C_13_0,G_83_0,WCc
201,G_14_0,U_82_0,GUc
201,C_15_0,G_81_0,WCc
201,U_16_0,A_80_0,WCc
201,U_17_0,A_79_0,WCc
201,C_18_0,G_78_0,WCc
201,A_19_0,U_77_0,WCc
201,U_20_0,A_76_0,WCc
201,A_21_0,U_75_0,WCc
201,U_22_0,C_53_0,WWc
201,U_22_0,A_73_0,WWt
201,A_23_0,A_45_0,XXX
201,A_23_0,G_46_0,WSc
201,A_24_0,G_72_0,HWt
201,U_25_0,A_45_0,WCc
201,C_26_0,G_44_0,WWc
201,C_27_0,G_43_0,WCc
201,U_28_0,G_42_0,GUc
201,A_29_0,U_41_0,WCc
201,A_30_0,U_40_0,WCc
201,U_31_0,U_39_0,WWc
201,A_33_0,G_37_0,SSc
201,A_33_0,A_66_0,WHt
201,U_34_0,G_37_0,SSt
201,U_34_0,A_65_0,WHt
201,G_37_0,C_61_0,WCc
201,G_38_0,C_60_0,WCc
201,G_38_0,A_66_0,SWt
201,G_46_0,C_53_0,WCc
201,U_51_0,U_74_0,SWc
201,A_52_0,A_73_0,SWc
201,C_54_0,G_72_0,WCc
201,A_55_0,U_71_0,WCc
201,A_56_0,U_70_0,WCc
201,G_57_0,C_69_0,WCc
201,A_58_0,U_68_0,WCc
201,G_59_0,C_67_0,WCc
201,C_61_0,A_65_0,SWc
201,U_62_0,U_63_0,SHc
202,C_13_0,G_83_0,WWc
202,G_14_0,U_82_0,GUc
202,C_15_0,G_81_0,WCc
202,U_16_0,A_80_0,WCc
202,U_17_0,A_79_0,WCc
202,C_18_0,G_78_0,WCc
202,A_19_0,U_77_0,WCc
202,U_20_0,A_76_0,WCc
202,A_21_0,U_75_0,WCc
202,U_22_0,C_53_0,WWc
202,A_23_0,G_46_0,WSc
202,U_25_0,A_45_0,WCc
202,C_26_0,G_44_0,WCc
202,C_27_0,G_43_0,WCc
202,U_28_0,G_42_0,GUc
202,A_29_0,U_41_0,WCc
202,A_30_0,U_40_0,WCc
202,U_31_0,U_39_0,WWc
202,G_32_0,A_66_0,XXX
202,A_33_0,G_37_0,SSc
202,A_33_0,G_38_0,XXX
202,A_33_0,A_66_0,WHt
202,U_34_0,G_37_0,SSt
202,U_34_0,A_65_0,WHt
202,G_37_0,C_61_0,WCc
202,G_38_0,C_60_0,WCc
202,G_38_0,A_66_0,SWt
202,U_51_0,U_74_0,SWc
202,U_51_0,U_75_0,XXX
202,A_52_0,A_73_0,XXX
202,C_54_0,G_72_0,WCc
202,A_55_0,U_71_0,WCc
202,A_56_0,U_70_0,WCc
202,G_57_0,C_69_0,WWc
202,A_58_0,U_68_0,WCc
202,G_59_0,C_67_0,WCc
202,C_61_0,A_65_0,SWc
202,U_62_0,U_63_0,XXX
203,C_13_0,G_83_0,WCc
203,G_14_0,U_82_0,GUc
203,C_15_0,G_81_0,WCc
203,U_16_0,A_80_0,WCc
203,U_17_0,A_79_0,WCc
203,C_18_0,G_78_0,WCc
203,A_19_0,U_77_0,WCc
203,U_20_0,A_76_0,WCc
203,U_20_0,U_77_0,XXX
203,A_21_0,U_75_0,WCc
203,U_22_0,C_53_0,WWc
203,A_23_0,G_46_0,WSt
203,A_23_0,C_53_0,XXX
203,U_25_0,A_45_0,WCc
203,C_26_0,G_44_0,WCc
203,C_27_0,G_43_0,WCc
203,U_28_0,G_42_0,GUc
203,A_29_0,U_41_0,WCc
203,A_30_0,U_40_0,WCc
203,U_31_0,U_39_0,WWc
203,A_33_0,G_37_0,SSc
203,A_33_0,A_66_0,WHt
203,U_34_0,G_37_0,XXX
203,U_34_0,A_65_0,WHt
203,G_37_0,C_61_0,WCc
203,G_38_0,C_60_0,WCc
203,G_38_0,A_66_0,SWt
203,G_46_0,C_53_0,WWc
203,U_49_0,A_76_0,WSt
203,U_51_0,U_74_0,SWc
203,U_51_0,U_75_0,XXX
203,A_52_0,A_73_0,XXX
203,A_52_0,U_74_0,SWc
203,C_54_0,G_72_0,WCc
203,A_55_0,U_71_0,WCc
203,A_56_0,U_70_0,WCc
203,G_57_0,C_69_0,WWc
203,A_58_0,U_68_0,WWc
203,G_59_0,C_67_0,WCc
203,G_59_0,U_68_0,WWc
203,C_61_0,A_65_0,SWc
204,C_13_0,G_83_0,WCc
204,G_14_0,U_82_0,GUc
204,C_15_0,G_81_0,WCc
204,U_16_0,A_80_0,WCc
204,U_17_0,A_79_0,WCc
204,C_18_0,G_78_0,WCc
204,A_19_0,U_77_0,WWc
204,U_20_0,A_76_0,WCc
204,A_21_0,U_75_0,WCc
204,U_22_0,U_47_0,XXX
204,U_22_0,C_53_0,WWc
204,A_23_0,G_46_0,WSt
204,U_25_0,A_45_0,WWc
204,C_26_0,G_44_0,WCc
204,C_27_0,G_43_0,WCc
204,U_28_0,G_42_0,GUc
204,A_29_0,U_41_0,WCc
204,A_30_0,U_40_0,WWc
204,U_31_0,U_39_0,WWc
204,U_31_0,U_40_0,XXX
204,A_33_0,G_37_0,SSc
204,A_33_0,A_66_0,WHt
204,U_34_0,G_37_0,SSt
204,U_34_0,A_65_0,WHt
204,G_37_0,C_61_0,WCc
204,G_38_0,C_60_0,WCc
204,G_38_0,A_66_0,SWt
204,G_38_0,C_67_0,SWt
204,G_46_0,C_53_0,XXX
204,U_49_0,A_76_0,WSc
204,U_51_0,U_74_0,SWc
204,U_51_0,U_75_0,XXX
204,A_52_0,A_73_0,SWc
204,C_54_0,G_72_0,WCc
204,A_55_0,U_71_0,WCc
204,A_56_0,U_70_0,WCc
204,G_57_0,C_69_0,WCc
204,A_58_0,U_68_0,WCc
204,G_59_0,C_67_0,WWc
204,C_60_0,A_66_0,XXX
204,C_61_0,A_65_0,SWc
205,C_13_0,G_83_0,WCc
205,G_14_0,U_82_0,GUc
205,C_15_0,G_81_0,WWc
205,C_15_0,U_82_0,XXX
205,U_16_0,A_80_0,WCc
205,U_17_0,A_79_0,WCc
205,C_18_0,G_78_0,WCc
205,A_19_0,U_77_0,WWc
205,U_20_0,A_76_0,WCc
205,U_20_0,U_77_0,XXX
205,A_21_0,U_51_0,XXX
205,A_21_0,U_74_0,XXX
205,A_21_0,U_75_0,WCc
205,U_22_0,C_53_0,WWc
205,A_23_0,G_46_0,WSc
205,U_25_0,A_45_0,WCc
205,C_26_0,G_44_0,WCc
205,C_27_0,G_43_0,WCc
205,U_28_0,G_42_0,GUc
205,A_29_0,U_41_0,WCc
205,A_30_0,U_40_0,WCc
205,U_31_0,U_39_0,WWc
205,A_33_0,G_37_0,SSc
205,A_33_0,G_38_0,XXX
205,A_33_0,A_66_0,WHt
205,U_34_0,A_35_0,XXX
205,U_34_0,G_37_0,SSt
205,U_34_0,A_65_0,WHt
205,G_37_0,C_61_0,WWc
205,G_38_0,C_60_0,WCc
205,G_38_0,A_66_0,SWt
205,G_46_0,C_53_0,WWc
205,U_51_0,U_74_0,SWc
205,A_52_0,A_73_0,XXX
205,A_52_0,U_74_0,SWc
205,C_54_0,G_72_0,WCc
205,A_55_0,U_71_0,WCc
205,A_56_0,U_70_0,WCc
205,G_57_0,C_69_0,WCc
205,A_58_0,U_68_0,WCc
205,G_59_0,C_67_0,WWc
205,C_61_0,A_65_0,XXX
206,C_13_0,G_83_0,WWc
206,G_14_0,U_82_0,GUc
206,C_15_0,G_81_0,WCc
206,U_16_0,A_80_0,WCc
206,U_17_0,A_79_0,WWc
206,C_18_0,G_78_0,WCc
206,A_19_0,U_77_0,WWc
206,U_20_0,A_76_0,WCc
206,A_21_0,U_75_0,WCc
206,U_22_0,C_53_0,XXX
206,U_22_0,A_73_0,SWc
206,A_23_0,A_45_0,XXX
206,A_23_0,G_46_0,WSc
206,U_25_0,A_45_0,WCc
206,C_26_0,G_44_0,WWc
206,C_27_0,G_43_0,WCc
206,U_28_0,G_42_0,GUc
206,A_29_0,U_41_0,WCc
206,A_30_0,U_40_0,WCc
206,U_31_0,U_39_0,WWc
206,A_33_0,G_37_0,SSc
206,A_33_0,G_38_0,XXX
206,A_33_0,A_66_0,WHt
206,U_34_0,A_35_0,SHc
206,U_34_0,G_37_0,SSt
206,U_34_0,A_65_0,WHt
206,G_37_0,C_61_0,WCc
206,G_38_0,C_60_0,WCc
206,G_38_0,A_66_0,SWt
206,G_46_0,C_53_0,XXX
206,U_51_0,U_74_0,SWc
206,A_52_0,A_73_0,XXX
206,C_54_0,A_55_0,XXX
206,C_54_0,G_72_0,WWc
206,A_55_0,U_71_0,WCc
206,A_56_0,U_70_0,WCc
206,G_57_0,C_69_0,WCc
206,A_58_0,U_68_0,WCc
206,G_59_0,C_67_0,WCc
206,C_60_0,A_66_0,XXX
206,C_61_0,A_65_0,SWc
207,C_13_0,G_83_0,WWc
207,G_14_0,U_82_0,GUc
207,C_15_0,G_81_0,WCc
207,U_16_0,A_80_0,WCc
207,U_17_0,A_79_0,WCc
207,C_18_0,G_78_0,WCc
207,A_19_0,U_77_0,WWc
207,U_20_0,A_76_0,WCc
207,A_21_0,U_74_0,XXX
207,A_21_0,U_75_0,WCc
207,U_22_0,C_53_0,WWc
207,A_23_0,G_46_0,WSt
207,U_25_0,A_45_0,WWc
207,C_26_0,G_44_0,WCc
207,C_27_0,G_43_0,WCc
207,U_28_0,G_42_0,GUc
207,A_29_0,U_41_0,WCc
207,A_30_0,U_40_0,WWc
207,U_31_0,U_39_0,WWc
207,A_33_0,G_37_0,SSc
207,A_33_0,G_38_0,XXX
207,A_33_0,A_66_0,WHt
207,U_34_0,G_37_0,SSt
207,U_34_0,A_65_0,WHt
207,G_37_0,C_60_0,XXX
207,G_37_0,C_61_0,WCc
207,G_38_0,C_60_0,WWc
207,G_38_0,A_66_0,SWt
207,G_46_0,C_53_0,WCc
207,U_49_0,A_76_0,WSc
207,U_51_0,U_74_0,SWc
207,U_51_0,U_75_0,XXX
207,A_52_0,A_73_0,SWc
207,A_52_0,U_74_0,XXX
207,C_54_0,G_72_0,WCc
207,A_55_0,U_71_0,WCc
207,A_56_0,U_70_0,WCc
207,G_57_0,C_69_0,WWc
207,A_58_0,U_68_0,WCc
207,A_58_0,C_69_0,WWc
207,G_59_0,C_67_0,WCc
207,C_60_0,A_66_0,XXX
207,C_61_0,A_65_0,SWc
208,C_13_0,G_83_0,WCc
208,G_14_0,U_82_0,GUc
208,C_15_0,G_81_0,WCc
208,U_16_0,A_80_0,WCc
208,U_17_0,A_79_0,WCc
208,C_18_0,G_78_0,WCc
208,A_19_0,U_77_0,WWc
208,U_20_0,A_76_0,WCc
208,A_21_0,U_75_0,WCc
208,U_22_0,U_47_0,XXX
208,U_22_0,C_53_0,XXX
208,U_22_0,A_73_0,SWt
208,A_23_0,G_46_0,WSt
208,U_25_0,A_45_0,WCc
208,C_26_0,G_44_0,WCc
208,C_27_0,G_43_0,WCc
208,U_28_0,G_42_0,GUc
208,A_29_0,U_41_0,WCc
208,A_30_0,U_40_0,WCc
208,U_31_0,U_39_0,WWc
208,A_33_0,A_66_0,WHt
208,U_34_0,A_35_0,SHc
208,U_34_0,G_37_0,SSt
208,U_34_0,A_65_0,WHt
208,G_37_0,C_61_0,WCc
208,G_38_0,G_59_0,XXX
208,G_38_0,C_60_0,WCc
208,G_38_0,A_66_0,SWt
208,G_46_0,C_53_0,XXX
208,U_49_0,A_76_0,WSc
208,C_50_0,U_75_0,WSc
208,U_51_0,U_74_0,SWc
208,A_52_0,A_73_0,XXX
208,C_54_0,G_72_0,WCc
208,A_55_0,U_71_0,WCc
208,A_56_0,U_70_0,WCc
208,G_57_0,C_69_0,WCc
208,A_58_0,U_68_0,WCc
208,G_59_0,C_67_0,WCc
208,C_61_0,A_65_0,SWc
209,C_13_0,G_83_0,WWc
209,G_14_0,U_82_0,GUc
209,C_15_0,G_81_0,WCc
209,C_15_0,U_82_0,WWc
209,U_16_0,A_80_0,WCc
209,U_17_0,A_79_0,WCc
209,C_18_0,G_78_0,WCc
209,A_19_0,U_77_0,WCc
209,U_20_0,A_76_0,WCc
209,A_21_0,U_75_0,WCc
209,U_22_0,C_53_0,WWc
209,A_23_0,G_46_0,WSt
209,A_24_0,G_72_0,XXX
209,U_25_0,A_45_0,WCc
209,C_26_0,G_44_0,WWc
209,C_27_0,G_43_0,WCc
209,U_28_0,G_42_0,WWc
209,A_29_0,U_41_0,WCc
209,A_30_0,U_40_0,WCc
209,U_31_0,U_39_0,WWc
209,U_31_0,U_40_0,XXX
209,A_33_0,G_37_0,SSc
209,A_33_0,A_66_0,WHt
209,U_34_0,A_35_0,SHc
209,U_34_0,G_37_0,SSt
209,U_34_0,A_65_0,WHt
209,G_37_0,C_60_0,XXX
209,G_37_0,C_61_0,WCc
209,G_38_0,G_59_0,XXX
209,G_38_0,C_60_0,WCc
209,G_38_0,A_66_0,SWt
209,G_46_0,C_53_0,WWc
209,U_49_0,A_76_0,WSc
209,U_51_0,U_74_0,SWc
209,A_52_0,A_73_0,XXX
209,C_54_0,G_72_0,WCc
209,A_55_0,U_71_0,WWc
209,A_56_0,U_70_0,WCc
209,G_57_0,C_69_0,WCc
209,A_58_0,U_68_0,WCc
209,G_59_0,C_67_0,WWc
209,C_61_0,A_65_0,SWc
210,C_13_0,G_83_0,WWc
210,G_14_0,U_82_0,GUc
210,C_15_0,G_81_0,WCc
210,U_16_0,A_80_0,WCc
210,U_17_0,A_79_0,WCc
210,C_18_0,G_78_0,WCc
210,A_19_0,U_77_0,WCc
210,U_20_0,A_76_0,WCc
210,A_21_0,U_75_0,WCc
210,U_22_0,C_53_0,WWc
210,A_23_0,G_46_0,WSc
210,U_25_0,A_45_0,WCc
210,C_26_0,G_44_0,WCc
210,C_27_0,G_43_0,WCc
210,U_28_0,G_42_0,WWc
210,A_29_0,U_41_0,WCc
210,A_30_0,U_40_0,WCc
210,U_31_0,U_39_0,WWc
210,A_33_0,G_37_0,SSc
210,A_33_0,A_66_0,WHt
210,U_34_0,G_37_0,SSt
210,U_34_0,A_65_0,WHt
210,G_37_0,C_60_0,XXX
210,G_37_0,C_61_0,WCc
210,G_38_0,C_60_0,WCc
210,G_38_0,A_66_0,SWt
210,G_46_0,C_53_0,WWc
210,U_49_0,A_76_0,WSc
210,C_50_0,U_75_0,WSc
210,U_51_0,U_74_0,SWc
210,U_51_0,U_75_0,XXX
210,A_52_0,A_73_0,SWc
210,C_54_0,G_72_0,WCc
210,A_55_0,U_71_0,WCc
210,A_56_0,U_70_0,WCc
210,G_57_0,C_69_0,WCc
210,A_58_0,U_68_0,WCc
210,G_59_0,C_67_0,WCc
210,C_60_0,A_66_0,XXX
210,C_61_0,A_65_0,XXX
211,C_13_0,G_83_0,WCc
211,G_14_0,U_82_0,GUc
211,C_15_0,G_81_0,WWc
211,U_16_0,A_80_0,WCc
211,U_17_0,A_79_0,WCc
211,C_18_0,G_78_0,WCc
211,A_19_0,U_77_0,WCc
211,U_20_0,A_76_0,WCc
211,A_21_0,U_75_0,WCc
211,U_22_0,C_53_0,WWc
211,U_22_0,A_73_0,SWt
211,A_23_0,G_46_0,WSc
211,A_24_0,G_72_0,HWt
211,U_25_0,A_45_0,WCc
211,C_26_0,G_44_0,WCc
211,C_27_0,G_43_0,WCc
211,U_28_0,G_42_0,GUc
211,A_29_0,U_41_0,WCc
211,A_30_0,U_40_0,WCc
211,U_31_0,U_39_0,WWc
211,U_31_0,U_40_0,XXX
211,A_33_0,G_37_0,SSc
211,A_33_0,A_66_0,WHt
211,U_34_0,G_37_0,SSt
211,U_34_0,A_65_0,WHt
211,G_37_0,C_60_0,WWc
211,G_37_0,C_61_0,WCc
211,G_38_0,C_60_0,WCc
211,G_38_0,A_66_0,SWt
211,G_46_0,C_53_0,WWc
211,U_49_0,A_76_0,XXX
211,U_51_0,U_74_0,SWc
211,U_51_0,U_75_0,XXX
211,A_52_0,A_73_0,XXX
211,C_54_0,G_72_0,WCc
211,A_55_0,U_71_0,WCc
211,A_56_0,U_70_0,WCc
211,G_57_0,C_69_0,WCc
211,A_58_0,U_68_0,WCc
211,G_59_0,C_67_0,WCc
211,C_61_0,A_65_0,XXX
211,A_64_0,A_65_0,XXX
211,A_66_0,C_67_0,XXX
212,G_14_0,U_82_0,GUc
212,C_15_0,G_81_0,WCc
212,U_16_0,A_80_0,WCc
212,U_17_0,A_79_0,WCc
212,C_18_0,G_78_0,WWc
212,C_18_0,A_79_0,WWc
212,A_19_0,U_77_0,WWc
212,U_20_0,A_76_0,WCc
212,A_21_0,U_75_0,WCc
212,U_22_0,U_47_0,XXX
212,U_22_0,C_53_0,WWc
212,A_23_0,G_46_0,WSc
212,U_25_0,A_45_0,WCc
212,C_26_0,G_44_0,WCc
212,C_27_0,G_43_0,WCc
212,U_28_0,G_42_0,GUc
212,A_29_0,U_41_0,WCc
212,A_30_0,U_40_0,WCc
212,U_31_0,U_39_0,WWc
212,A_33_0,G_37_0,SSc
212,A_33_0,A_66_0,WHt
212,U_34_0,A_35_0,SHc
212,U_34_0,A_65_0,WHt
212,G_37_0,C_61_0,WCc
212,G_38_0,C_60_0,WCc
212,G_38_0,A_66_0,SWt
212,G_46_0,C_53_0,WCc
212,U_49_0,A_76_0,WSc
212,C_50_0,U_75_0,WSc
212,U_51_0,U_74_0,SWc
212,A_52_0,A_73_0,SWc
212,C_54_0,G_72_0,WCc
212,A_55_0,U_71_0,WCc
212,A_56_0,U_70_0,WCc
212,G_57_0,C_69_0,WCc
212,A_58_0,U_68_0,WCc
212,G_59_0,C_67_0,WCc
212,C_60_0,A_66_0,XXX
212,C_61_0,A_65_0,XXX
212,A_66_0,C_67_0,SHc
213,G_14_0,U_82_0,GUc
213,C_15_0,G_81_0,WCc
213,U_16_0,A_80_0,WCc
213,U_17_0,A_79_0,WWc
213,C_18_0,G_78_0,WCc
213,A_19_0,U_77_0,WCc
213,U_20_0,A_76_0,WCc
213,U_20_0,U_77_0,XXX
213,A_21_0,U_75_0,WCc
213,U_22_0,C_53_0,WWc
213,A_23_0,G_46_0,WSt
213,U_25_0,A_45_0,WCc
213,C_26_0,G_44_0,WCc
213,C_27_0,G_43_0,WCc
213,U_28_0,G_42_0,GUc
213,A_29_0,U_41_0,WCc
213,A_30_0,U_40_0,WCc
213,U_31_0,U_39_0,WWc
213,A_33_0,G_37_0,SSc
213,A_33_0,G_38_0,XXX
213,A_33_0,A_66_0,WHt
213,U_34_0,G_37_0,SSt
213,U_34_0,A_65_0,WHt
213,G_37_0,C_61_0,WCc
213,G_38_0,C_60_0,WCc
213,G_38_0,A_66_0,SWt
213,G_46_0,C_53_0,WWc
213,U_49_0,A_76_0,WSc
213,C_50_0,U_75_0,SSc
213,U_51_0,U_74_0,SWc
213,A_52_0,A_73_0,XXX
213,A_52_0,U_74_0,SWc
213,C_54_0,G_72_0,WCc
213,A_55_0,U_71_0,WCc
213,A_56_0,U_70_0,WCc
213,G_57_0,C_69_0,WCc
213,A_58_0,U_68_0,WCc
213,G_59_0,C_67_0,WCc
213,C_61_0,A_65_0,SWc
214,C_13_0,G_83_0,WWc
214,G_14_0,U_82_0,GUc
214,C_15_0,G_81_0,WCc
214,U_16_0,A_80_0,WCc
214,U_17_0,A_79_0,WCc
214,C_18_0,G_78_0,WCc
214,A_19_0,U_77_0,WCc
214,U_20_0,A_76_0,WCc
214,A_21_0,U_75_0,WCc
214,U_22_0,U_47_0,XXX
214,U_22_0,C_53_0,XXX
214,A_23_0,G_46_0,WSt
214,U_25_0,A_45_0,WCc
214,C_26_0,G_44_0,WCc
214,C_27_0,G_43_0,WCc
214,U_28_0,G_42_0,GUc
214,A_29_0,U_41_0,WCc
214,A_30_0,U_40_0,WWc
214,U_31_0,U_39_0,WWc
214,A_33_0,G_37_0,SSc
214,A_33_0,G_38_0,XXX
214,A_33_0,A_66_0,WHt
214,U_34_0,G_37_0,SSt
214,U_34_0,A_65_0,WHt
214,G_37_0,C_60_0,WWc
214,G_37_0,C_61_0,WCc
214,G_37_0,A_66_0,XXX
214,G_38_0,C_60_0,WWc
214,G_38_0,A_66_0,SWt
214,G_46_0,C_53_0,XXX
214,U_49_0,A_76_0,WSc
214,C_50_0,U_75_0,WSc
214,U_51_0,U_74_0,SWc
214,U_51_0,U_75_0,XXX
214,A_52_0,A_73_0,SWc
214,C_54_0,G_72_0,WCc
214,A_55_0,U_71_0,WCc
214,A_56_0,U_70_0,WCc
214,G_57_0,C_69_0,WCc
214,A_58_0,U_68_0,WCc
214,G_59_0,C_67_0,WCc
214,C_60_0,A_66_0,XXX
214,C_61_0,A_65_0,SWc
215,C_13_0,G_83_0,WCc
215,G_14_0,G_81_0,XXX
215,G_14_0,U_82_0,GUc
215,C_15_0,G_81_0,WWc
215,U_16_0,A_80_0,WCc
215,U_17_0,A_79_0,WCc
215,C_18_0,G_78_0,WCc
215,A_19_0,U_77_0,WWc
215,U_20_0,A_76_0,WCc
215,A_21_0,U_75_0,WCc
215,U_22_0,A_52_0,WWc
215,U_22_0,C_53_0,WWc
215,A_23_0,G_46_0,WSt
215,U_25_0,A_45_0,WCc
215,C_26_0,G_44_0,WCc
215,C_27_0,G_43_0,WCc
215,U_28_0,G_42_0,GUc
215,A_29_0,U_41_0,WCc
215,A_30_0,U_40_0,WCc
215,U_31_0,U_39_0,WWc
215,A_33_0,G_37_0,SSc
215,A_33_0,G_38_0,XXX
215,A_33_0,A_66_0,WHt
215,U_34_0,A_65_0,WHt
215,G_37_0,C_61_0,WWc
215,G_37_0,A_66_0,XXX
215,G_38_0,C_60_0,WCc
215,G_38_0,A_66_0,SWt
215,C_50_0,U_75_0,SSc
215,U_51_0,U_74_0,SWc
215,A_52_0,A_73_0,XXX
215,A_52_0,U_74_0,SWc
215,C_54_0,G_72_0,WCc
215,A_55_0,U_71_0,WCc
215,A_56_0,U_70_0,WCc
215,G_57_0,C_69_0,WCc
215,A_58_0,U_68_0,WCc
215,G_59_0,C_67_0,WCc
215,C_61_0,A_65_0,XXX
215,A_64_0,A_65_0,XXX
216,C_13_0,G_83_0,WCc
216,G_14_0,U_82_0,GUc
216,C_15_0,G_81_0,WCc
216,U_16_0,A_80_0,WCc
216,U_17_0,A_79_0,WWc
216,C_18_0,G_78_0,WCc
216,A_19_0,U_77_0,WCc
216,U_20_0,A_76_0,WCc
216,U_20_0,U_77_0,XXX
216,A_21_0,U_74_0,XXX
216,A_21_0,U_75_0,WCc
216,U_22_0,C_53_0,WWc
216,A_23_0,G_46_0,WSc
216,U_25_0,A_45_0,WCc
216,C_26_0,G_44_0,WCc
216,C_27_0,G_43_0,WCc
216,U_28_0,G_42_0,GUc
216,A_29_0,U_41_0,WCc
216,A_30_0,U_40_0,WCc
216,U_31_0,U_39_0,WWc
216,A_33_0,G_37_0,SSc
216,A_33_0,A_66_0,WHt
216,U_34_0,G_37_0,SSt
216,U_34_0,A_65_0,WHt
216,A_35_0,A_64_0,HHc
216,G_37_0,C_60_0,WWc
216,G_37_0,C_61_0,WCc
216,G_38_0,G_59_0,WHc
216,G_38_0,C_60_0,WCc
216,G_38_0,A_66_0,SWt
216,G_46_0,C_53_0,XXX
216,U_51_0,U_74_0,SWc
216,A_52_0,A_73_0,XXX
216,C_54_0,G_72_0,WCc
216,A_55_0,U_71_0,WWc
216,A_56_0,U_70_0,WCc
216,G_57_0,C_69_0,WCc
216,A_58_0,U_68_0,WCc
216,G_59_0,C_67_0,WCc
216,C_61_0,A_65_0,XXX
217,C_13_0,G_83_0,WCc
217,G_14_0,U_82_0,GUc
217,C_15_0,G_81_0,WCc
217,U_16_0,A_80_0,WCc
217,U_17_0,A_79_0,WCc
217,C_18_0,G_78_0,WCc
217,A_19_0,U_77_0,WCc
217,U_20_0,A_76_0,WCc
217,A_21_0,U_75_0,WCc
217,U_22_0,U_47_0,XXX
217,U_22_0,C_53_0,XXX
217,A_23_0,G_46_0,WSc
217,U_25_0,A_45_0,WWc
217,C_26_0,G_44_0,WCc
217,C_27_0,G_43_0,WCc
217,U_28_0,G_42_0,GUc
217,A_29_0,U_41_0,WCc
217,A_30_0,U_40_0,WCc
217,U_31_0,U_39_0,WWc
217,A_33_0,G_37_0,SSc
217,A_33_0,G_38_0,XXX
217,A_33_0,A_66_0,WHt
217,U_34_0,G_37_0,SSt
217,U_34_0,A_65_0,WHt
217,G_37_0,C_60_0,WWc
217,G_37_0,C_61_0,WCc
217,G_38_0,G_59_0,WHc
217,G_38_0,C_60_0,WWc
217,G_38_0,A_66_0,SWt
217,G_46_0,C_53_0,XXX
217,U_49_0,A_76_0,XXX
217,C_50_0,U_75_0,WSc
217,U_51_0,U_74_0,SWc
217,A_52_0,A_73_0,XXX
217,C_54_0,G_72_0,WCc
217,A_55_0,U_71_0,WCc
217,A_56_0,U_70_0,WWc
217,G_57_0,C_69_0,WCc
217,A_58_0,U_68_0,WWc
217,G_59_0,C_67_0,WCc
217,C_61_0,A_65_0,SWc
218,C_13_0,G_83_0,WWc
218,G_14_0,U_82_0,GUc
218,C_15_0,G_81_0,WCc
218,U_16_0,A_80_0,WCc
218,U_17_0,A_79_0,WCc
218,C_18_0,G_78_0,WCc
218,A_19_0,U_77_0,WCc
218,U_20_0,A_76_0,WCc
218,A_21_0,U_75_0,WCc
218,U_22_0,C_53_0,XXX
218,U_22_0,A_73_0,SWt
218,A_23_0,G_46_0,WSc
218,A_24_0,G_72_0,HWt
218,U_25_0,A_45_0,WCc
218,U_25_0,C_53_0,XXX
218,C_26_0,G_44_0,WCc
218,C_27_0,G_43_0,WCc
218,U_28_0,G_42_0,WWc
218,A_29_0,U_41_0,WCc
218,A_30_0,U_40_0,WCc
218,U_31_0,U_39_0,WWc
218,A_33_0,G_37_0,SSc
218,A_33_0,A_66_0,WHt
218,U_34_0,G_37_0,SSt
218,U_34_0,A_65_0,WHt
218,G_37_0,C_60_0,WWc
218,G_37_0,C_61_0,WCc
218,G_38_0,G_59_0,WHc
218,G_38_0,C_60_0,WCc
218,G_38_0,A_66_0,SWt
218,G_46_0,C_53_0,WCc
218,U_49_0,A_76_0,WSc
218,C_50_0,U_75_0,WSc
218,U_51_0,U_74_0,SWc
218,A_52_0,A_73_0,XXX
218,C_54_0,G_72_0,WCc
218,A_55_0,U_71_0,WCc
218,A_56_0,U_70_0,WCc
218,G_57_0,C_69_0,WCc
218,A_58_0,U_68_0,WCc
218,G_59_0,C_67_0,WCc
218,C_61_0,A_65_0,SWc
218,A_66_0,C_67_0,XXX
219,C_13_0,G_83_0,WWc
219,G_14_0,U_82_0,GUc
219,C_15_0,G_81_0,WCc
219,U_16_0,A_80_0,WCc
219,U_17_0,A_79_0,WCc
219,C_18_0,G_78_0,WCc
219,A_19_0,U_77_0,WCc
219,U_20_0,A_76_0,WCc
219,A_21_0,U_75_0,WCc
219,U_22_0,U_47_0,XXX
219,U_22_0,C_53_0,XXX
219,U_22_0,A_73_0,SWc
219,A_23_0,G_46_0,WSt
219,U_25_0,A_45_0,WCc
219,C_26_0,G_44_0,WCc
219,C_27_0,G_43_0,WCc
219,U_28_0,G_42_0,GUc
219,A_29_0,U_41_0,WCc
219,A_30_0,U_39_0,WWc
219,A_30_0,U_40_0,WCc
219,U_31_0,U_39_0,WWc
219,A_33_0,G_37_0,SSc
219,A_33_0,G_38_0,XXX
219,A_33_0,A_66_0,WHt
219,U_34_0,A_35_0,SHc
219,U_34_0,G_37_0,SSt
219,U_34_0,A_65_0,WHt
219,G_37_0,C_60_0,WWc
219,G_37_0,C_61_0,WCc
219,G_38_0,G_59_0,WHc
219,G_38_0,C_60_0,WCc
219,G_38_0,C_61_0,WWc
219,G_38_0,A_66_0,SWt
219,G_46_0,C_53_0,WCc
219,U_49_0,A_76_0,WSc
219,C_50_0,U_75_0,WSc
219,U_51_0,U_74_0,SWc
219,A_52_0,A_73_0,XXX
219,C_54_0,G_72_0,WWc
219,A_55_0,U_71_0,WCc
219,A_55_0,G_72_0,XXX
219,A_56_0,U_70_0,WCc
219,G_57_0,C_69_0,WCc
219,A_58_0,U_68_0,WCc
219,G_59_0,C_67_0,WWc
219,C_60_0,A_66_0,XXX
219,C_61_0,A_65_0,SWc
220,C_13_0,G_83_0,WCc
220,G_14_0,U_82_0,GUc
220,C_15_0,G_81_0,WCc
220,U_16_0,A_80_0,WCc
220,U_17_0,A_79_0,WWc
220,U_17_0,A_80_0,WWc
220,C_18_0,G_78_0,WCc
220,A_19_0,U_77_0,WCc
220,U_20_0,A_76_0,WCc
220,A_21_0,U_75_0,WCc
220,U_22_0,C_53_0,WWc
220,A_23_0,G_46_0,WSc
220,U_25_0,A_45_0,WCc
220,C_26_0,G_44_0,WCc
220,C_27_0,G_43_0,WCc
220,U_28_0,G_42_0,GUc
220,A_29_0,U_41_0,WCc
220,A_30_0,U_40_0,WCc
220,U_31_0,U_39_0,WWc
220,A_33_0,G_37_0,SSc
220,A_33_0,G_38_0,XXX
220,A_33_0,A_66_0,WHt
220,U_34_0,A_35_0,SHc
220,U_34_0,G_37_0,SSt
220,U_34_0,A_65_0,WHt
220,G_37_0,C_61_0,WCc
220,G_38_0,C_60_0,WCc
220,G_38_0,A_66_0,SWt
220,G_46_0,C_53_0,XXX
220,U_47_0,U_51_0,XXX
220,U_49_0,A_76_0,WSc
220,C_50_0,U_75_0,WSc
220,U_51_0,U_74_0,SWc
220,A_52_0,A_73_0,XXX
220,C_54_0,G_72_0,WWc
220,A_55_0,U_71_0,WCc
220,A_56_0,U_70_0,WCc
220,G_57_0,C_69_0,WCc
220,A_58_0,U_68_0,WCc
220,G_59_0,C_67_0,WCc
220,C_61_0,A_65_0,SWc
221,C_13_0,G_83_0,WCc
221,G_14_0,U_82_0,GUc
221,C_15_0,G_81_0,WCc
221,U_16_0,A_80_0,WCc
221,U_17_0,A_79_0,WCc
221,C_18_0,G_78_0,WCc
221,A_19_0,U_77_0,WCc
221,U_20_0,A_76_0,WCc
221,A_21_0,U_75_0,WCc
221,U_22_0,U_47_0,XXX
221,U_22_0,C_53_0,WWc
221,U_22_0,A_73_0,SWc
221,A_23_0,G_46_0,WSt
221,A_24_0,G_72_0,XXX
221,U_25_0,A_45_0,WCc
221,C_26_0,G_44_0,WCc
221,C_27_0,G_43_0,WCc
221,U_28_0,G_42_0,GUc
221,A_29_0,U_41_0,WCc
221,A_30_0,U_40_0,WCc
221,U_31_0,U_39_0,WWc
221,A_33_0,G_37_0,SSc
221,A_33_0,G_38_0,XXX
221,A_33_0,A_66_0,WHt
221,U_34_0,G_37_0,SSt
221,U_34_0,A_65_0,WHt
221,G_37_0,C_60_0,WWc
221,G_37_0,C_61_0,WCc
221,G_38_0,G_59_0,XXX
221,G_38_0,C_60_0,WCc
221,G_38_0,A_66_0,SWt
221,G_46_0,C_53_0,WWc
221,U_49_0,A_76_0,XXX
221,C_50_0,U_75_0,WSc
221,U_51_0,U_74_0,SWc
221,A_52_0,A_73_0,XXX
221,C_54_0,G_72_0,WCc
221,A_55_0,U_71_0,WCc
221,A_56_0,U_70_0,WCc
221,G_57_0,C_69_0,WCc
221,A_58_0,U_68_0,WCc
221,G_59_0,C_67_0,WWc
221,C_60_0,A_66_0,XXX
221,C_61_0,A_65_0,SWc
222,C_13_0,G_83_0,WCc
222,G_14_0,U_82_0,GUc
222,C_15_0,G_81_0,WCc
222,C_15_0,U_82_0,XXX
222,U_16_0,A_80_0,WCc
222,U_17_0,A_79_0,WCc
222,C_18_0,G_78_0,WCc
222,A_19_0,U_77_0,WCc
222,U_20_0,A_76_0,WCc
222,A_21_0,U_75_0,WWc
222,U_22_0,U_47_0,XXX
222,U_22_0,C_53_0,WWc
222,A_23_0,G_46_0,WSt
222,U_25_0,A_45_0,WCc
222,C_26_0,G_44_0,WCc
222,C_27_0,G_43_0,WCc
222,U_28_0,G_42_0,WWc
222,A_29_0,U_41_0,WCc
222,A_30_0,U_40_0,WCc
222,U_31_0,U_39_0,WWc
222,A_33_0,G_37_0,SSc
222,A_33_0,G_38_0,XXX
222,A_33_0,A_66_0,WHt
222,U_34_0,A_35_0,SHc
222,U_34_0,G_37_0,SSt
222,U_34_0,A_65_0,WHt
222,G_37_0,C_61_0,WCc
222,G_38_0,C_60_0,WCc
222,G_38_0,A_66_0,SWt
222,G_46_0,C_53_0,WWc
222,C_50_0,U_75_0,WSc
222,U_51_0,U_74_0,SWc
222,A_52_0,A_73_0,XXX
222,C_54_0,G_72_0,WWc
222,A_55_0,U_71_0,WCc
222,A_56_0,U_70_0,WCc
222,G_57_0,C_69_0,WCc
222,A_58_0,U_68_0,WCc
222,G_59_0,C_67_0,WCc
222,C_61_0,A_65_0,SWc
223,C_13_0,G_83_0,WCc
223,G_14_0,U_82_0,GUc
223,C_15_0,G_81_0,WCc
223,U_16_0,A_80_0,WCc
223,U_17_0,A_79_0,WWc
223,C_18_0,G_78_0,WCc
223,A_19_0,U_77_0,WCc
223,U_20_0,A_76_0,WCc
223,A_21_0,U_75_0,WCc
223,U_22_0,C_53_0,WWc
223,A_23_0,G_46_0,WSt
223,A_24_0,G_72_0,HWt
223,U_25_0,A_45_0,WCc
223,C_26_0,G_44_0,WCc
223,C_27_0,G_43_0,WCc
223,U_28_0,G_42_0,GUc
223,A_29_0,U_41_0,WCc
223,A_30_0,U_40_0,WCc
223,U_31_0,U_39_0,WWc
223,A_33_0,G_37_0,SSc
223,A_33_0,G_38_0,XXX
223,A_33_0,A_66_0,WHt
223,U_34_0,A_35_0,SHc
223,U_34_0,G_37_0,SSt
223,U_34_0,A_65_0,XXX
223,G_37_0,C_61_0,WCc
223,G_38_0,C_60_0,WCc
223,G_38_0,A_66_0,SWt
223,G_46_0,C_53_0,WWc
223,C_50_0,U_75_0,WSc
223,U_51_0,U_74_0,SWc
223,A_52_0,A_73_0,XXX
223,C_54_0,A_55_0,XXX
223,C_54_0,G_72_0,WWc
223,A_55_0,U_71_0,WWc
223,A_56_0,U_70_0,WCc
223,G_57_0,C_69_0,WCc
223,A_58_0,U_68_0,WCc
223,G_59_0,C_67_0,WCc
223,C_61_0,A_65_0,SWc
224,C_13_0,G_14_0,XXX
224,C_13_0,G_83_0,WCc
224,G_14_0,U_82_0,GUc
224,C_15_0,G_81_0,WWc
224,U_16_0,A_80_0,WCc
224,U_17_0,A_79_0,WCc
224,C_18_0,G_78_0,WCc
224,A_19_0,U_77_0,WCc
224,U_20_0,A_76_0,WCc
224,A_21_0,U_75_0,WCc
224,U_22_0,C_53_0,XXX
224,A_23_0,G_46_0,WSc
224,U_25_0,A_45_0,WCc
224,C_26_0,G_44_0,WCc
224,C_27_0,G_43_0,WWc
224,U_28_0,G_42_0,GUc
224,A_29_0,U_41_0,WCc
224,A_30_0,U_40_0,WCc
224,U_31_0,U_39_0,WWc
224,A_33_0,G_37_0,SSc
224,A_33_0,G_38_0,XXX
224,A_33_0,A_66_0,WHt
224,U_34_0,G_37_0,SSt
224,U_34_0,A_65_0,WHt
224,G_37_0,C_61_0,WCc
224,G_37_0,A_66_0,XXX
224,G_38_0,C_60_0,WCc
224,G_38_0,A_66_0,SWt
224,G_46_0,C_53_0,WCc
224,C_50_0,U_75_0,WSc
224,U_51_0,U_74_0,SWc
224,A_52_0,A_73_0,SWc
224,C_54_0,G_72_0,WWc
224,A_55_0,U_71_0,WCc
224,A_56_0,U_70_0,WCc
224,G_57_0,C_69_0,WCc
224,A_58_0,U_68_0,WCc
224,G_59_0,C_67_0,WWc
224,C_60_0,A_66_0,XXX
224,C_61_0,A_65_0,SWc
225,C_13_0,G_83_0,WCc
225,G_14_0,U_82_0,GUc
225,C_15_0,G_81_0,WCc
225,U_16_0,A_80_0,WCc
225,U_17_0,A_79_0,WCc
225,C_18_0,G_78_0,WCc
225,A_19_0,U_77_0,WCc
225,U_20_0,A_76_0,WCc
225,A_21_0,U_75_0,WCc
225,U_22_0,U_47_0,XXX
225,U_22_0,C_53_0,XXX
225,A_23_0,A_45_0,XXX
225,A_23_0,G_46_0,WSt
225,U_25_0,A_45_0,WCc
225,C_26_0,G_44_0,WCc
225,C_27_0,G_43_0,WCc
225,U_28_0,G_42_0,GUc
225,A_29_0,U_41_0,WCc
225,A_30_0,U_39_0,XXX
225,A_30_0,U_40_0,WCc
225,U_31_0,U_39_0,WWc
225,U_31_0,U_40_0,XXX
225,A_33_0,G_37_0,SSc
225,A_33_0,G_38_0,XXX
225,A_33_0,A_66_0,WHt
225,U_34_0,A_35_0,XXX
225,U_34_0,G_37_0,SSt
225,U_34_0,A_65_0,WHt
225,G_37_0,C_61_0,WCc
225,G_38_0,C_60_0,WCc
225,G_38_0,A_66_0,SWt
225,G_46_0,C_53_0,XXX
225,C_50_0,U_75_0,WSc
225,U_51_0,U_74_0,SWc
225,A_52_0,A_73_0,XXX
225,C_54_0,G_72_0,WCc
225,A_55_0,U_71_0,WCc
225,A_56_0,U_70_0,WCc
225,G_57_0,C_69_0,WCc
225,A_58_0,U_68_0,WCc
225,G_59_0,C_67_0,WCc
225,C_61_0,A_65_0,SWc
226,C_13_0,G_83_0,WCc
226,G_14_0,U_82_0,GUc
226,C_15_0,G_81_0,WCc
226,U_16_0,A_80_0,WCc
226,U_17_0,A_79_0,WWc
226,C_18_0,G_78_0,WCc
226,A_19_0,U_77_0,WCc
226,U_20_0,A_76_0,WCc
226,A_21_0,U_75_0,WCc
226,U_22_0,U_47_0,HSc
226,U_22_0,C_53_0,XXX
226,A_23_0,G_46_0,WSt
226,U_25_0,A_45_0,WCc
226,C_26_0,G_44_0,WCc
226,C_27_0,G_43_0,WCc
226,U_28_0,G_42_0,GUc
226,A_29_0,U_41_0,WCc
226,A_30_0,U_40_0,WCc
226,U_31_0,U_39_0,WWc
226,A_33_0,G_37_0,SSc
226,A_33_0,A_66_0,WHt
226,U_34_0,A_35_0,SHc
226,U_34_0,G_37_0,SSt
226,U_34_0,A_65_0,WHt
226,G_37_0,C_60_0,WWc
226,G_37_0,C_61_0,WCc
226,G_38_0,C_60_0,WCc
226,G_38_0,A_66_0,SWt
226,G_46_0,C_53_0,WWc
226,U_49_0,A_76_0,WSc
226,C_50_0,U_75_0,WSc
226,U_51_0,U_74_0,SWc
226,U_51_0,U_75_0,XXX
226,A_52_0,A_73_0,SWc
226,C_54_0,G_72_0,WWc
226,A_55_0,U_71_0,WCc
226,A_56_0,U_70_0,WCc
226,G_57_0,C_69_0,WCc
226,A_58_0,U_68_0,WCc
226,G_59_0,C_67_0,WCc
226,C_61_0,A_65_0,SWc
227,C_13_0,G_83_0,WCc
227,G_14_0,U_82_0,GUc
227,C_15_0,G_81_0,WCc
227,U_16_0,A_80_0,WCc
227,U_17_0,A_79_0,WCc
227,C_18_0,G_78_0,WCc
227,A_19_0,U_77_0,WCc
227,U_20_0,A_76_0,WWc
227,A_21_0,U_75_0,WWc
227,U_22_0,U_47_0,XXX
227,U_22_0,C_53_0,WWc
227,U_22_0,A_73_0,SWt
227,A_23_0,G_46_0,WSc
227,U_25_0,A_45_0,WCc
227,C_26_0,G_44_0,WWc
227,C_26_0,A_45_0,XXX
227,C_27_0,G_43_0,WCc
227,U_28_0,G_42_0,GUc
227,A_29_0,U_41_0,WCc
227,A_30_0,U_40_0,WCc
227,U_31_0,U_39_0,WWc
227,U_31_0,U_40_0,XXX
227,A_33_0,G_37_0,SSc
227,A_33_0,G_38_0,XXX
227,A_33_0,A_66_0,WHt
227,U_34_0,G_37_0,SSt
227,U_34_0,A_65_0,WHt
227,A_35_0,A_64_0,HHc
227,G_37_0,C_61_0,WCc
227,G_38_0,C_60_0,WCc
227,G_38_0,A_66_0,SWt
227,G_46_0,C_53_0,WCc
227,C_50_0,U_75_0,WSc
227,U_51_0,U_74_0,SWc
227,A_52_0,A_73_0,SWc
227,C_54_0,G_72_0,WCc
227,A_55_0,U_71_0,WWc
227,A_56_0,U_70_0,WCc
227,A_56_0,U_71_0,XXX
227,G_57_0,C_69_0,WCc
227,A_58_0,U_68_0,WCc
227,G_59_0,C_67_0,WCc
227,C_60_0,A_66_0,XXX
227,C_61_0,A_65_0,SWc
228,C_13_0,G_83_0,WCc
228,G_14_0,U_82_0,GUc
228,C_15_0,G_81_0,WCc
228,U_16_0,A_80_0,WCc
228,U_17_0,A_79_0,WCc
228,C_18_0,G_78_0,WCc
228,A_19_0,U_77_0,WCc
228,U_20_0,A_76_0,WCc
228,A_21_0,U_75_0,WCc
228,U_22_0,U_47_0,HSc
228,U_22_0,C_53_0,XXX
228,U_22_0,A_73_0,SWt
228,A_23_0,G_46_0,WSt
228,U_25_0,A_45_0,WCc
228,C_26_0,G_44_0,WCc
228,C_27_0,G_43_0,WCc
228,U_28_0,G_42_0,GUc
228,A_29_0,U_41_0,WCc
228,A_30_0,U_40_0,WCc
228,U_31_0,U_39_0,WWc
228,A_33_0,G_37_0,SSc
228,A_33_0,G_38_0,XXX
228,A_33_0,A_66_0,WHt
228,U_34_0,A_35_0,SHc
228,U_34_0,G_37_0,SSt
228,U_34_0,A_65_0,WHt
228,G_37_0,C_60_0,WWc
228,G_37_0,C_61_0,WCc
228,G_38_0,C_60_0,WCc
228,G_38_0,C_61_0,XXX
228,G_38_0,A_66_0,SWt
228,U_49_0,A_76_0,XXX
228,U_51_0,U_74_0,SWc
228,A_52_0,A_73_0,XXX
228,C_54_0,G_72_0,WCc
228,A_55_0,U_71_0,WCc
228,A_56_0,U_70_0,WCc
228,G_57_0,C_69_0,WCc
228,A_58_0,U_68_0,WCc
228,G_59_0,C_67_0,WCc
228,C_61_0,A_65_0,SWc
229,C_13_0,G_83_0,WCc
229,G_14_0,U_82_0,GUc
229,C_15_0,G_81_0,WCc
229,U_16_0,A_80_0,WCc
229,U_17_0,A_79_0,WCc
229,C_18_0,G_78_0,WCc
229,A_19_0,U_77_0,WWc
229,U_20_0,A_76_0,WCc
229,A_21_0,U_74_0,XXX
229,A_21_0,U_75_0,WCc
229,U_22_0,C_53_0,WWc
229,A_23_0,A_45_0,XXX
229,A_23_0,G_46_0,WSc
229,U_25_0,A_45_0,WCc
229,C_26_0,G_44_0,WCc
229,C_27_0,G_43_0,WCc
229,U_28_0,G_42_0,GUc
229,A_29_0,U_41_0,WCc
229,A_30_0,U_40_0,WCc
229,U_31_0,U_39_0,WWc
229,A_33_0,G_37_0,SSc
229,A_33_0,G_38_0,XXX
229,A_33_0,A_66_0,WHt
229,U_34_0,G_37_0,SSt
229,U_34_0,A_65_0,WHt
229,G_37_0,C_60_0,XXX
229,G_37_0,C_61_0,WCc
229,G_38_0,C_60_0,WCc
229,G_38_0,C_61_0,XXX
229,G_38_0,A_66_0,SWt
229,G_46_0,C_53_0,WWc
229,U_49_0,A_76_0,WSc
229,U_51_0,U_74_0,SWc
229,A_52_0,A_73_0,XXX
229,C_54_0,A_55_0,XXX
229,C_54_0,G_72_0,WWc
229,A_55_0,U_71_0,WCc
229,A_56_0,U_70_0,WCc
229,G_57_0,C_69_0,WCc
229,A_58_0,U_68_0,WCc
229,G_59_0,C_67_0,WCc
229,C_61_0,A_65_0,XXX
229,A_66_0,C_67_0,SHc
230,C_13_0,G_83_0,HWt
230,G_14_0,U_82_0,GUc
230,C_15_0,G_81_0,WCc
230,C_15_0,U_82_0,XXX
230,U_16_0,A_80_0,WCc
230,U_17_0,A_79_0,WCc
230,C_18_0,G_78_0,WCc
230,A_19_0,U_77_0,WCc
230,U_20_0,A_76_0,WCc
230,A_21_0,U_75_0,WCc
230,U_22_0,C_53_0,XXX
230,A_23_0,G_46_0,WSc
230,U_25_0,A_45_0,WCc
230,C_26_0,G_44_0,WCc
230,C_27_0,G_43_0,WCc
230,U_28_0,G_42_0,GUc
230,A_29_0,U_41_0,WWc
230,A_30_0,U_40_0,WCc
230,U_31_0,U_39_0,WWc
230,A_33_0,G_37_0,SSc
230,A_33_0,G_38_0,XXX
230,A_33_0,A_66_0,WHt
230,U_34_0,G_37_0,SSt
230,U_34_0,A_65_0,WHt
230,G_37_0,C_60_0,WWc
230,G_37_0,C_61_0,WWc
230,G_38_0,C_60_0,WCc
230,G_38_0,A_66_0,SWt
230,U_41_0,G_42_0,WHc
230,U_49_0,A_76_0,WSc
230,C_50_0,U_75_0,WSc
230,U_51_0,U_74_0,SWc
230,A_52_0,A_73_0,SWc
230,C_54_0,G_72_0,WCc
230,A_55_0,U_71_0,WWc
230,A_56_0,U_70_0,WCc
230,G_57_0,C_69_0,WCc
230,A_58_0,U_68_0,WCc
230,G_59_0,C_67_0,WCc
230,C_61_0,A_65_0,XXX
231,C_13_0,G_83_0,WCc
231,G_14_0,U_82_0,GUc
231,C_15_0,G_81_0,WCc
231,U_16_0,A_80_0,WCc
231,U_17_0,A_79_0,WWc
231,C_18_0,G_78_0,WCc
231,A_19_0,U_77_0,WCc
231,U_20_0,A_76_0,WCc
231,A_21_0,U_75_0,WCc
231,U_22_0,U_47_0,XXX
231,U_22_0,C_53_0,WWc
231,A_23_0,G_46_0,WSc
231,U_25_0,A_45_0,WCc
231,C_26_0,G_44_0,WCc
231,C_27_0,G_43_0,WCc
231,U_28_0,G_42_0,GUc
231,A_29_0,U_41_0,WCc
231,A_30_0,U_40_0,WCc
231,U_31_0,U_39_0,WWc
231,A_33_0,G_37_0,SSc
231,A_33_0,G_38_0,XXX
231,A_33_0,A_66_0,WHt
231,U_34_0,A_35_0,SHc
231,U_34_0,G_37_0,SSt
231,U_34_0,A_65_0,WHt
231,G_37_0,C_61_0,WCc
231,G_38_0,C_60_0,WCc
231,G_38_0,A_66_0,SWt
231,G_46_0,C_53_0,WWc
231,C_50_0,U_75_0,WSc
231,U_51_0,U_74_0,SWc
231,A_52_0,A_73_0,SWc
231,C_54_0,G_72_0,WCc
231,A_55_0,U_71_0,WCc
231,A_56_0,U_70_0,WCc
231,G_57_0,C_69_0,WCc
231,A_58_0,U_68_0,WCc
231,G_59_0,C_67_0,WCc
231,C_61_0,A_65_0,SWc
232,C_13_0,G_83_0,WCc
232,G_14_0,U_82_0,GUc
232,C_15_0,G_81_0,WCc
232,U_16_0,A_80_0,WCc
232,U_17_0,A_79_0,WCc
232,C_18_0,G_78_0,WCc
232,A_19_0,U_77_0,WCc
232,U_20_0,A_76_0,WCc
232,A_21_0,U_75_0,WCc
232,U_22_0,C_53_0,WWc
232,A_23_0,G_46_0,WSt
232,A_23_0,C_53_0,XXX
232,U_25_0,A_45_0,WCc
232,C_26_0,G_44_0,WCc
232,C_27_0,G_43_0,WCc
232,U_28_0,G_42_0,GUc
232,A_29_0,U_41_0,WCc
232,A_30_0,U_40_0,WWc
232,U_31_0,U_39_0,WWc
232,U_31_0,U_40_0,SWc
232,A_33_0,G_37_0,SSc
232,A_33_0,G_38_0,XXX
232,A_33_0,A_66_0,WHt
232,U_34_0,G_37_0,XXX
232,U_34_0,A_65_0,WHt
232,A_35_0,A_64_0,HHc
232,G_37_0,C_61_0,WCc
232,G_38_0,C_60_0,WCc
232,G_38_0,A_66_0,SWc
232,U_49_0,A_76_0,XXX
232,U_51_0,U_74_0,SWc
232,A_52_0,A_73_0,SWc
232,C_54_0,G_72_0,WCc
232,A_55_0,U_71_0,WCc
232,A_56_0,U_70_0,WCc
232,G_57_0,C_69_0,WCc
232,A_58_0,U_68_0,WCc
232,G_59_0,C_67_0,WCc
232,C_60_0,A_66_0,XXX
232,C_61_0,A_65_0,SWc
233,C_13_0,G_83_0,WCc
233,G_14_0,U_82_0,GUc
233,C_15_0,G_81_0,WWc
233,U_16_0,A_80_0,WCc
233,U_17_0,A_79_0,WWc
233,C_18_0,G_78_0,WCc
233,A_19_0,U_77_0,WCc
233,U_20_0,A_76_0,WWc
233,A_21_0,U_74_0,XXX
233,A_21_0,U_75_0,WCc
233,U_22_0,U_47_0,XXX
233,U_22_0,C_53_0,WWc
233,A_23_0,G_46_0,WSt
233,A_23_0,C_53_0,XXX
233,U_25_0,A_45_0,WCc
233,C_26_0,G_44_0,WCc
233,C_27_0,G_43_0,WCc
233,U_28_0,G_42_0,GUc
233,A_29_0,U_41_0,XXX
233,A_30_0,U_40_0,WCc
233,A_30_0,U_41_0,WWc
233,U_31_0,U_39_0,HWc
233,U_31_0,U_40_0,WWc
233,A_33_0,G_37_0,SSc
233,A_33_0,A_66_0,WHt
233,U_34_0,A_35_0,SHc
233,U_34_0,A_65_0,WHt
233,G_37_0,C_61_0,WCc
233,G_37_0,A_66_0,XXX
233,G_38_0,C_60_0,WCc
233,G_38_0,A_66_0,SWt
233,U_49_0,A_76_0,WSc
233,C_50_0,U_75_0,WSc
233,U_51_0,U_74_0,SWc
233,A_52_0,A_73_0,SWc
233,C_54_0,G_72_0,WCc
233,A_55_0,U_71_0,WCc
233,A_56_0,U_70_0,WCc
233,G_57_0,C_69_0,WCc
233,A_58_0,U_68_0,WCc
233,G_59_0,C_67_0,WCc
233,C_61_0,A_65_0,XXX
234,C_13_0,G_83_0,WCc
234,G_14_0,U_82_0,GUc
234,C_15_0,G_81_0,WCc
234,U_16_0,A_80_0,WWc
234,U_17_0,A_79_0,WCc
234,C_18_0,G_78_0,WCc
234,C_18_0,A_79_0,WWc
234,A_19_0,U_77_0,WWc
234,U_20_0,A_76_0,WCc
234,A_21_0,U_75_0,WCc
234,U_22_0,U_47_0,XXX
234,U_22_0,C_53_0,WWc
234,A_23_0,A_45_0,XXX
234,A_23_0,G_46_0,WSc
234,U_25_0,A_45_0,WCc
234,C_26_0,G_44_0,WCc
234,C_27_0,G_43_0,WCc
234,U_28_0,G_42_0,GUc
234,A_29_0,U_41_0,WCc
234,A_30_0,U_40_0,WCc
234,U_31_0,U_39_0,WWc
234,A_33_0,G_37_0,SSc
234,A_33_0,G_38_0,XXX
234,A_33_0,A_66_0,WHt
234,U_34_0,A_35_0,XXX
234,U_34_0,G_37_0,SSt
234,U_34_0,A_65_0,WHt
234,A_35_0,A_64_0,HHc
234,G_37_0,C_61_0,WCc
234,G_38_0,C_60_0,WWc
234,G_38_0,A_66_0,SWt
234,G_46_0,C_53_0,XXX
234,U_49_0,A_76_0,WSc
234,U_51_0,U_74_0,SWc
234,U_51_0,U_75_0,XXX
234,A_52_0,A_73_0,SWc
234,C_54_0,G_72_0,WCc
234,A_55_0,U_71_0,WCc
234,A_56_0,U_70_0,WCc
234,G_57_0,C_69_0,WCc
234,A_58_0,U_68_0,WWc
234,G_59_0,C_67_0,WCc
234,G_59_0,U_68_0,WWc
234,C_61_0,A_65_0,SWc
235,C_13_0,G_83_0,WCc
235,G_14_0,U_82_0,GUc
235,C_15_0,G_81_0,WWc
235,U_16_0,A_80_0,WCc
235,U_17_0,A_79_0,WCc
235,C_18_0,G_78_0,WCc
235,A_19_0,U_77_0,WCc
235,U_20_0,A_76_0,WWc
235,A_21_0,U_74_0,XXX
235,A_21_0,U_75_0,WCc
235,U_22_0,C_53_0,WWc
235,A_23_0,G_46_0,WSc
235,A_23_0,C_53_0,XXX
235,U_25_0,A_45_0,WWc
235,U_25_0,C_53_0,XXX
235,C_26_0,G_44_0,WCc
235,C_27_0,G_43_0,WCc
235,U_28_0,G_42_0,GUc
235,A_29_0,U_41_0,WCc
235,A_30_0,U_40_0,WCc
235,U_31_0,U_39_0,WWc
235,A_33_0,G_37_0,SSc
235,A_33_0,A_66_0,WHt
235,U_34_0,A_35_0,SHc
235,U_34_0,G_37_0,XXX
235,U_34_0,A_65_0,WHt
235,G_37_0,C_61_0,WCc
235,G_38_0,C_60_0,WCc
235,G_38_0,A_66_0,SWc
235,U_49_0,A_76_0,XXX
235,C_50_0,U_75_0,WSc
235,U_51_0,U_74_0,SWc
235,A_52_0,A_73_0,XXX
235,C_54_0,G_72_0,WCc
235,A_55_0,U_71_0,WCc
235,A_56_0,U_70_0,WCc
235,G_57_0,C_69_0,WCc
235,A_58_0,U_68_0,WCc
235,G_59_0,C_67_0,WCc
235,C_60_0,A_66_0,XXX
235,C_61_0,A_65_0,SWc
235,A_66_0,C_67_0,XXX
236,C_13_0,G_83_0,WCc
236,G_14_0,G_81_0,XXX
236,G_14_0,U_82_0,GUc
236,C_15_0,G_81_0,WCc
236,U_16_0,A_80_0,WCc
236,U_17_0,A_79_0,WCc
236,C_18_0,G_78_0,WCc
236,A_19_0,U_77_0,WCc
236,U_20_0,A_76_0,WCc
236,A_21_0,U_75_0,WCc
236,U_22_0,C_53_0,XXX
236,A_23_0,G_46_0,WSt
236,U_25_0,A_45_0,WCc
236,C_26_0,G_44_0,WWc
236,C_27_0,G_43_0,WCc
236,U_28_0,G_42_0,GUc
236,A_29_0,U_41_0,WCc
236,A_30_0,U_40_0,WCc
236,U_31_0,U_39_0,WWc
236,A_33_0,G_37_0,SSc
236,A_33_0,A_66_0,WHt
236,U_34_0,G_37_0,SSt
236,U_34_0,A_65_0,WHt
236,G_37_0,C_61_0,WWc
236,G_38_0,C_60_0,WCc
236,G_38_0,C_61_0,XXX
236,G_38_0,A_66_0,SWt
236,G_46_0,C_53_0,XXX
236,U_47_0,U_51_0,XXX
236,U_49_0,A_76_0,XXX
236,C_50_0,U_75_0,WSc
236,U_51_0,U_74_0,SWc
236,A_52_0,A_73_0,SWc
236,C_54_0,G_72_0,WCc
236,A_55_0,U_71_0,WCc
236,A_56_0,U_70_0,WCc
236,G_57_0,C_69_0,WCc
236,A_58_0,U_68_0,WCc
236,G_59_0,C_67_0,WCc
236,C_61_0,A_65_0,SWc
236,A_66_0,C_67_0,SHc
237,C_13_0,G_83_0,WCc
237,G_14_0,U_82_0,GUc
237,C_15_0,G_81_0,WCc
237,C_15_0,U_82_0,XXX
237,U_16_0,A_80_0,WCc
237,U_17_0,A_79_0,WCc
237,C_18_0,G_78_0,WCc
237,A_19_0,U_77_0,WWc
237,U_20_0,A_76_0,WCc
237,A_21_0,U_75_0,WCc
237,U_22_0,U_47_0,XXX
237,U_22_0,C_53_0,WWc
237,U_22_0,A_73_0,SWt
237,A_23_0,G_46_0,WSt
237,A_24_0,G_72_0,HWt
237,U_25_0,A_45_0,WCc
237,C_26_0,G_44_0,WCc
237,C_27_0,G_43_0,WCc
237,U_28_0,G_42_0,GUc
237,A_29_0,U_41_0,WCc
237,A_30_0,U_40_0,WCc
237,U_31_0,U_39_0,WWc
237,A_33_0,G_37_0,SSc
237,A_33_0,G_38_0,XXX
237,A_33_0,A_66_0,WHt
237,U_34_0,A_35_0,SHc
237,U_34_0,G_37_0,SSt
237,U_34_0,A_65_0,WHt
237,G_37_0,C_61_0,WCc
237,G_38_0,C_60_0,WCc
237,G_38_0,A_66_0,SWc
237,G_46_0,C_53_0,WWc
237,U_49_0,A_76_0,WSc
237,C_50_0,U_75_0,WSc
237,U_51_0,U_74_0,SWc
237,A_52_0,A_73_0,XXX
237,C_54_0,G_72_0,WCc
237,A_55_0,U_71_0,WCc
237,A_56_0,U_70_0,WCc
237,A_56_0,U_71_0,WWc
237,G_57_0,C_69_0,WCc
237,A_58_0,U_68_0,WCc
237,G_59_0,C_67_0,WCc
237,C_61_0,A_65_0,XXX
237,A_66_0,C_67_0,XXX
238,C_13_0,G_83_0,WCc
238,G_14_0,U_82_0,GUc
238,C_15_0,G_81_0,WCc
238,U_16_0,A_80_0,WCc
238,U_17_0,A_79_0,WCc
238,U_17_0,A_80_0,XXX
238,C_18_0,G_78_0,WCc
238,A_19_0,U_77_0,WCc
238,U_20_0,A_76_0,WWc
238,A_21_0,U_75_0,WCc
238,U_22_0,U_47_0,XXX
238,U_22_0,C_53_0,WWc
238,A_23_0,A_45_0,HWc
238,A_23_0,G_46_0,WSc
238,U_25_0,A_45_0,WWc
238,C_26_0,G_44_0,WCc
238,C_27_0,G_43_0,WCc
238,U_28_0,G_42_0,GUc
238,A_29_0,U_41_0,WCc
238,A_30_0,U_40_0,WCc
238,U_31_0,U_39_0,WWc
238,G_32_0,A_66_0,XXX
238,A_33_0,G_37_0,SSc
238,A_33_0,A_66_0,WHt
238,U_34_0,A_35_0,SHc
238,U_34_0,A_65_0,WHt
238,G_37_0,C_61_0,WCc
238,G_38_0,C_60_0,WCc
238,G_38_0,C_61_0,XXX
238,G_38_0,A_66_0,SWt
238,G_46_0,C_53_0,WCc
238,U_49_0,A_76_0,WSc
238,C_50_0,U_75_0,WSc
238,U_51_0,U_74_0,SWc
238,A_52_0,A_73_0,XXX
238,C_54_0,G_72_0,WCc
238,A_55_0,U_71_0,WCc
238,A_56_0,U_70_0,WCc
238,G_57_0,C_69_0,WCc
238,A_58_0,U_68_0,WCc
238,G_59_0,C_67_0,WCc
238,C_61_0,A_65_0,XXX
239,C_13_0,G_83_0,WCc
239,G_14_0,U_82_0,GUc
239,C_15_0,G_81_0,WCc
239,C_15_0,U_82_0,XXX
239,U_16_0,A_80_0,WCc
239,U_17_0,A_79_0,WCc
239,C_18_0,G_78_0,WCc
239,A_19_0,U_77_0,WCc
239,U_20_0,A_76_0,WCc
239,A_21_0,U_75_0,WCc
239,U_22_0,U_47_0,XXX
239,U_22_0,C_53_0,XXX
239,A_23_0,G_46_0,WSt
239,U_25_0,A_45_0,WCc
239,C_26_0,G_44_0,WCc
239,C_27_0,G_43_0,WCc
239,U_28_0,G_42_0,GUc
239,A_29_0,U_41_0,WCc
239,A_30_0,U_40_0,WCc
239,U_31_0,U_39_0,WWc
239,U_31_0,U_40_0,WWc
239,A_33_0,G_37_0,SSc
239,A_33_0,G_38_0,XXX
239,A_33_0,A_65_0,WHt
239,A_33_0,A_66_0,WHt
239,U_34_0,A_35_0,SHc
239,U_34_0,G_37_0,SSt
239,U_34_0,A_65_0,WHt
239,G_37_0,C_61_0,WWc
239,G_38_0,C_60_0,WCc
239,G_38_0,C_61_0,WWc
239,G_38_0,A_66_0,SWt
239,G_46_0,C_53_0,XXX
239,U_47_0,U_51_0,XXX
239,U_49_0,A_76_0,WSc
239,C_50_0,U_75_0,WSc
239,U_51_0,U_74_0,SWc
239,U_51_0,U_75_0,XXX
239,A_52_0,A_73_0,SWc
239,C_54_0,G_72_0,WCc
239,A_55_0,U_71_0,WCc
239,A_56_0,U_70_0,WCc
239,G_57_0,C_69_0,WCc
239,A_58_0,U_68_0,WCc
239,G_59_0,C_67_0,WCc
239,C_61_0,A_65_0,XXX
240,C_13_0,G_83_0,WCc
240,G_14_0,U_82_0,WWc
240,C_15_0,G_81_0,WWc
240,U_16_0,A_80_0,WCc
240,U_17_0,A_79_0,WWc
240,C_18_0,G_78_0,WCc
240,A_19_0,U_77_0,WCc
240,U_20_0,A_76_0,WCc
240,A_21_0,U_75_0,WCc
240,U_22_0,C_53_0,XXX
240,A_23_0,G_46_0,WSc
240,U_25_0,A_45_0,WCc
240,C_26_0,G_44_0,WCc
240,C_27_0,G_43_0,WCc
240,U_28_0,G_42_0,GUc
240,A_29_0,U_41_0,WCc
240,A_30_0,U_40_0,WCc
240,U_31_0,U_39_0,WWc
240,A_33_0,G_37_0,SSc
240,A_33_0,A_66_0,WHt
240,U_34_0,A_35_0,SHc
240,U_34_0,G_37_0,SSt
240,U_34_0,A_65_0,WHt
240,G_37_0,C_61_0,WCc
240,G_38_0,C_60_0,WCc
240,G_38_0,A_66_0,SWt
240,G_46_0,C_53_0,XXX
240,U_47_0,U_51_0,XXX
240,U_49_0,A_76_0,WSc
240,C_50_0,U_75_0,WSc
240,U_51_0,U_74_0,SWc
240,A_52_0,A_73_0,XXX
240,C_54_0,G_72_0,WCc
240,A_55_0,U_71_0,WCc
240,A_56_0,U_70_0,WCc
240,G_57_0,C_69_0,WCc
240,A_58_0,U_68_0,WCc
240,G_59_0,C_67_0,WCc
240,C_60_0,A_66_0,XXX
240,C_61_0,A_65_0,SWc
241,C_13_0,G_83_0,WCc
241,G_14_0,U_82_0,GUc
241,C_15_0,G_81_0,WWc
241,U_16_0,A_80_0,WCc
241,U_17_0,A_79_0,WCc
241,C_18_0,G_78_0,WCc
241,A_19_0,U_77_0,WCc
241,U_20_0,A_76_0,WCc
241,A_21_0,U_75_0,WCc
241,U_22_0,C_53_0,WWc
241,A_23_0,G_46_0,WSc
241,U_25_0,A_45_0,WCc
241,C_26_0,G_44_0,WCc
241,C_27_0,G_43_0,WCc
241,U_28_0,G_42_0,GUc
241,A_29_0,U_41_0,WCc
241,A_30_0,U_40_0,WCc
241,U_31_0,U_39_0,WWc
241,A_33_0,G_37_0,SSc
241,A_33_0,A_66_0,WHt
241,U_34_0,A_35_0,SHc
241,U_34_0,G_37_0,SSt
241,U_34_0,A_65_0,WHt
241,A_35_0,A_64_0,HHc
241,G_37_0,C_61_0,WWc
241,G_38_0,C_60_0,WCc
241,G_38_0,C_61_0,XXX
241,G_38_0,A_66_0,SWt
241,U_51_0,U_74_0,SWc
241,A_52_0,A_73_0,XXX
241,A_52_0,U_74_0,SWc
241,C_54_0,G_72_0,WCc
241,A_55_0,U_71_0,WCc
241,A_56_0,U_70_0,WCc
241,G_57_0,C_69_0,WCc
241,A_58_0,U_68_0,WWc
241,G_59_0,C_67_0,WCc
241,C_61_0,A_65_0,XXX
242,C_13_0,G_83_0,WCc
242,G_14_0,U_82_0,GUc
242,C_15_0,G_81_0,WCc
242,C_15_0,U_82_0,XXX
242,U_16_0,A_80_0,WWc
242,U_17_0,A_79_0,WCc
242,C_18_0,G_78_0,WCc
242,A_19_0,U_77_0,WCc
242,U_20_0,A_76_0,WCc
242,A_21_0,U_75_0,WCc
242,U_22_0,C_53_0,WWc
242,U_22_0,A_73_0,SWc
242,A_23_0,G_46_0,WSc
242,U_25_0,A_45_0,WCc
242,C_26_0,G_44_0,WCc
242,C_27_0,G_43_0,WCc
242,U_28_0,G_42_0,GUc
242,A_29_0,U_41_0,WCc
242,A_30_0,U_40_0,WCc
242,U_31_0,U_39_0,WWc
242,A_33_0,G_37_0,SSc
242,A_33_0,A_66_0,WHt
242,U_34_0,A_35_0,XXX
242,U_34_0,A_65_0,WHt
242,G_37_0,C_61_0,WCc
242,G_38_0,C_60_0,WCc
242,G_38_0,A_66_0,SWt
242,G_46_0,C_53_0,WCc
242,U_51_0,U_74_0,SWc
242,U_51_0,U_75_0,XXX
242,A_52_0,A_73_0,XXX
242,C_54_0,G_72_0,WCc
242,A_55_0,U_71_0,WCc
242,A_56_0,U_70_0,WCc
242,G_57_0,C_69_0,WCc
242,A_58_0,U_68_0,WCc
242,G_59_0,C_67_0,WCc
242,C_61_0,A_65_0,SWc
243,C_13_0,G_83_0,WCc
243,G_14_0,U_82_0,GUc
243,C_15_0,G_81_0,WCc
243,U_16_0,A_80_0,WCc
243,U_17_0,A_79_0,WCc
243,C_18_0,G_78_0,WWc
243,A_19_0,U_77_0,WCc
243,U_20_0,A_76_0,WCc
243,A_21_0,U_74_0,XXX
243,A_21_0,U_75_0,WCc
243,U_22_0,C_53_0,WWc
243,A_23_0,G_46_0,WSc
243,U_25_0,A_45_0,WCc
243,C_26_0,G_44_0,WCc
243,C_27_0,G_43_0,WCc
243,U_28_0,G_42_0,GUc
243,A_29_0,U_41_0,WWc
243,A_30_0,U_40_0,WCc
243,U_31_0,U_39_0,WWc
243,A_33_0,G_37_0,SSc
243,A_33_0,G_38_0,XXX
243,A_33_0,A_66_0,WHt
243,U_34_0,A_35_0,SHc
243,U_34_0,G_37_0,SSt
243,U_34_0,A_65_0,WHt
243,G_37_0,C_61_0,WWc
243,G_38_0,C_60_0,WCc
243,G_38_0,C_61_0,WWc
243,G_38_0,A_66_0,SWt
243,C_50_0,U_75_0,WSc
243,U_51_0,U_74_0,SWc
243,A_52_0,A_73_0,SWc
243,C_54_0,A_55_0,XXX
243,C_54_0,G_72_0,WWc
243,A_55_0,U_71_0,WCc
243,A_56_0,U_70_0,WCc
243,G_57_0,C_69_0,WCc
243,A_58_0,U_68_0,WCc
243,G_59_0,C_67_0,WCc
243,C_61_0,A_65_0,XXX
243,A_64_0,A_65_0,XXX
244,C_13_0,G_83_0,WCc
244,G_14_0,U_82_0,GUc
244,C_15_0,G_81_0,WWc
244,C_15_0,U_82_0,XXX
244,U_16_0,A_80_0,WCc
244,U_17_0,A_79_0,WCc
244,C_18_0,G_78_0,WCc
244,A_19_0,U_77_0,WCc
244,U_20_0,A_76_0,WCc
244,A_21_0,U_74_0,XXX
244,A_21_0,U_75_0,WCc
244,U_22_0,C_53_0,WWc
244,A_23_0,G_46_0,WSc
244,U_25_0,A_45_0,WWc
244,C_26_0,G_44_0,WCc
244,C_27_0,G_43_0,WCc
244,U_28_0,G_42_0,GUc
244,A_29_0,U_41_0,WCc
244,A_30_0,U_40_0,WCc
244,U_31_0,U_39_0,XXX
244,A_33_0,G_37_0,SSc
244,A_33_0,G_38_0,XXX
244,A_33_0,A_66_0,WHt
244,U_34_0,A_35_0,SHc
244,U_34_0,A_65_0,WHt
244,G_37_0,C_61_0,WCc
244,G_38_0,C_60_0,WCc
244,G_38_0,A_66_0,SWt
244,U_49_0,A_76_0,XXX
244,U_51_0,U_74_0,SWc
244,U_51_0,U_75_0,XXX
244,A_52_0,A_73_0,SWc
244,C_54_0,A_55_0,XXX
244,C_54_0,G_72_0,WWc
244,A_55_0,U_71_0,WCc
244,A_56_0,U_70_0,WCc
244,G_57_0,C_69_0,WCc
244,A_58_0,U_68_0,WCc
244,G_59_0,C_67_0,WCc
244,C_61_0,A_65_0,SWc
244,U_63_0,A_64_0,XXX
245,C_13_0,G_83_0,WWc
245,G_14_0,U_82_0,GUc
245,C_15_0,G_81_0,WCc
245,U_16_0,A_80_0,WCc
245,U_17_0,A_79_0,WWc
245,C_18_0,G_78_0,WCc
245,A_19_0,U_77_0,WCc
245,U_20_0,A_76_0,WCc
245,A_21_0,U_75_0,WCc
245,U_22_0,C_53_0,WWc
245,A_23_0,G_46_0,WSt
245,A_24_0,G_72_0,HWt
245,U_25_0,A_45_0,WCc
245,C_26_0,G_44_0,WCc
245,C_27_0,G_43_0,WCc
245,U_28_0,G_42_0,GUc
245,A_29_0,U_41_0,WCc
245,A_30_0,U_40_0,WCc
245,U_31_0,U_39_0,HWc
245,U_31_0,U_40_0,WWc
245,A_33_0,G_37_0,SSc
245,A_33_0,A_66_0,WHt
245,U_34_0,G_37_0,SSt
245,U_34_0,A_65_0,WHt
245,G_37_0,C_61_0,WCc
245,G_38_0,G_59_0,XXX
245,G_38_0,C_60_0,WCc
245,G_38_0,A_66_0,SWt
245,U_49_0,A_76_0,XXX
245,U_51_0,U_74_0,SWc
245,A_52_0,A_73_0,XXX
245,C_54_0,G_72_0,WCc
245,A_55_0,U_71_0,WCc
245,A_56_0,U_70_0,WCc
245,G_57_0,C_69_0,WCc
245,A_58_0,U_68_0,WCc
245,G_59_0,C_67_0,WCc
245,C_61_0,A_65_0,SWc
245,A_66_0,C_67_0,SHc
246,C_13_0,G_83_0,WCc
246,G_14_0,U_82_0,GUc
246,C_15_0,G_81_0,WCc
246,U_16_0,A_80_0,WCc
246,U_17_0,A_79_0,WCc
246,C_18_0,G_78_0,WCc
246,A_19_0,U_77_0,XXX
246,U_20_0,A_76_0,WCc
246,A_21_0,U_74_0,XXX
246,A_21_0,U_75_0,WCc
246,U_22_0,C_53_0,WWc
246,U_22_0,A_73_0,SWt
246,A_23_0,G_46_0,WSt
246,A_24_0,G_72_0,HWt
246,U_25_0,A_45_0,WCc
246,C_26_0,G_44_0,WCc
246,C_27_0,G_43_0,WCc
246,U_28_0,G_42_0,GUc
246,A_29_0,U_41_0,WCc
246,A_30_0,U_40_0,WCc
246,U_31_0,U_39_0,WWc
246,A_33_0,G_37_0,SSc
246,A_33_0,A_66_0,WHt
246,U_34_0,A_35_0,SHc
246,U_34_0,G_37_0,SSt
246,U_34_0,A_65_0,WHt
246,G_37_0,C_61_0,WCc
246,G_38_0,C_60_0,WCc
246,G_38_0,A_66_0,SWt
246,G_46_0,C_53_0,WWc
246,U_49_0,A_76_0,WSc
246,U_51_0,U_74_0,SWc
246,A_52_0,A_73_0,XXX
246,C_54_0,G_72_0,WCc
246,A_55_0,U_71_0,WCc
246,A_56_0,U_70_0,WCc
246,G_57_0,C_69_0,WWc
246,A_58_0,U_68_0,WCc
246,G_59_0,C_67_0,WCc
246,C_61_0,A_65_0,SWc
246,A_66_0,C_67_0,XXX
247,C_13_0,G_83_0,WWc
247,G_14_0,U_82_0,GUc
247,C_15_0,G_81_0,WCc
247,C_15_0,U_82_0,XXX
247,U_16_0,A_80_0,WCc
247,U_17_0,A_79_0,WCc
247,C_18_0,G_78_0,WWc
247,A_19_0,U_77_0,WCc
247,U_20_0,A_76_0,WCc
247,U_20_0,U_77_0,XXX
247,A_21_0,U_75_0,WCc
247,U_22_0,U_47_0,HSc
247,U_22_0,C_53_0,XXX
247,A_23_0,G_46_0,WSt
247,U_25_0,A_45_0,WCc
247,C_26_0,G_44_0,WCc
247,C_27_0,G_43_0,WWc
247,U_28_0,G_42_0,GUc
247,A_29_0,U_41_0,WCc
247,A_30_0,U_40_0,WCc
247,U_31_0,U_39_0,WWc
247,U_31_0,U_40_0,WWc
247,A_33_0,G_37_0,SSc
247,A_33_0,A_66_0,WHt
247,U_34_0,G_37_0,SSt
247,U_34_0,A_65_0,WHt
247,G_37_0,C_60_0,XXX
247,G_37_0,C_61_0,WCc
247,G_38_0,C_60_0,WCc
247,G_38_0,A_66_0,SWt
247,G_46_0,C_53_0,XXX
247,U_47_0,U_51_0,SWt
247,C_50_0,U_75_0,WSc
247,U_51_0,U_74_0,SWc
247,A_52_0,A_73_0,SWc
247,C_54_0,G_72_0,WWc
247,A_55_0,U_71_0,WCc
247,A_56_0,U_70_0,WCc
247,G_57_0,C_69_0,WCc
247,A_58_0,U_68_0,WCc
247,G_59_0,C_67_0,WCc
247,C_61_0,A_65_0,SWc
248,C_13_0,G_83_0,WCc
248,G_14_0,U_82_0,GUc
248,C_15_0,G_81_0,WCc
248,U_16_0,A_80_0,WCc
248,U_17_0,A_79_0,WCc
248,C_18_0,G_78_0,WCc
248,A_19_0,U_77_0,WCc
248,U_20_0,U_75_0,XXX
248,U_20_0,A_76_0,WWc
248,A_21_0,U_75_0,WCc
248,U_22_0,C_53_0,XXX
248,A_23_0,A_45_0,XXX
248,A_23_0,G_46_0,WSt
248,U_25_0,A_45_0,WCc
248,C_26_0,G_44_0,WCc
248,C_27_0,G_43_0,WCc
248,U_28_0,G_42_0,GUc
248,A_29_0,U_41_0,WCc
248,A_30_0,U_40_0,WCc
248,U_31_0,U_39_0,WWc
248,U_31_0,U_40_0,WWc
248,A_33_0,G_37_0,SSc
248,A_33_0,A_66_0,WHt
248,U_34_0,G_37_0,SSt
248,U_34_0,A_65_0,WHt
248,G_37_0,C_61_0,WCc
248,G_38_0,C_60_0,WCc
248,G_38_0,A_66_0,SWt
248,G_46_0,C_53_0,XXX
248,U_49_0,A_76_0,WSc
248,C_50_0,U_75_0,WSc
248,U_51_0,U_74_0,SWc
248,A_52_0,A_73_0,XXX
248,C_54_0,G_72_0,WCc
248,A_55_0,U_71_0,WCc
248,A_56_0,U_70_0,WCc
248,G_57_0,C_69_0,WCc
248,A_58_0,U_68_0,WCc
248,G_59_0,C_67_0,WCc
248,C_61_0,A_65_0,SWc
249,C_13_0,G_83_0,WCc
249,G_14_0,U_82_0,GUc
249,C_15_0,G_81_0,WCc
249,U_16_0,A_80_0,WWc
249,U_17_0,A_79_0,WCc
249,C_18_0,G_78_0,WCc
249,A_19_0,U_77_0,WWc
249,U_20_0,A_76_0,WCc
249,A_21_0,U_74_0,XXX
249,A_21_0,U_75_0,WCc
249,U_22_0,C_53_0,WWc
249,A_23_0,G_46_0,WSt
249,U_25_0,A_45_0,WCc
249,C_26_0,G_44_0,WCc
249,C_27_0,G_43_0,WCc
249,U_28_0,G_42_0,GUc
249,A_29_0,U_41_0,WCc
249,A_30_0,U_40_0,WCc
249,U_31_0,U_39_0,WWc
249,A_33_0,G_37_0,SSc
249,A_33_0,A_66_0,WHt
249,U_34_0,G_37_0,SSt
249,U_34_0,A_65_0,WHt
249,G_37_0,C_61_0,WCc
249,G_38_0,C_60_0,WCc
249,G_38_0,A_66_0,SWt
249,C_50_0,U_75_0,WSc
249,U_51_0,U_74_0,SWc
249,A_52_0,A_73_0,XXX
249,C_54_0,G_72_0,WWc
249,A_55_0,U_71_0,WCc
249,A_56_0,U_70_0,WCc
249,G_57_0,C_69_0,WCc
249,A_58_0,U_68_0,WCc
249,G_59_0,C_67_0,WCc
249,C_61_0,A_65_0,SWc
249,U_62_0,U_63_0,XXX
250,C_13_0,G_83_0,WWc
250,G_14_0,U_82_0,GUc
250,C_15_0,G_81_0,WCc
250,U_16_0,A_80_0,WCc
250,U_17_0,A_79_0,WCc
250,C_18_0,G_78_0,WCc
250,A_19_0,U_77_0,WCc
250,U_20_0,A_76_0,WCc
250,A_21_0,U_75_0,WCc
250,U_22_0,C_53_0,WWc
250,A_23_0,G_46_0,WSt
250,A_23_0,C_53_0,XXX
250,U_25_0,A_45_0,WCc
250,C_26_0,G_44_0,WCc
250,C_27_0,G_43_0,WCc
250,U_28_0,G_42_0,GUc
250,A_29_0,U_41_0,WCc
250,A_30_0,U_40_0,WCc
250,U_31_0,U_39_0,WWc
250,U_31_0,U_40_0,WWc
250,A_33_0,G_37_0,SSc
250,A_33_0,G_38_0,XXX
250,A_33_0,A_66_0,WHt
250,U_34_0,G_37_0,SSt
250,U_34_0,A_65_0,WHt
250,G_37_0,C_61_0,WCc
250,G_38_0,C_60_0,WCc
250,G_38_0,A_66_0,SWt
250,G_46_0,C_53_0,WWc
250,C_50_0,U_75_0,WSc
250,U_51_0,U_74_0,SWc
250,U_51_0,U_75_0,XXX
250,A_52_0,A_73_0,XXX
250,C_54_0,G_72_0,WCc
250,A_55_0,U_71_0,WCc
250,A_56_0,U_70_0,WCc
250,G_57_0,C_69_0,WCc
250,A_58_0,U_68_0,WCc
250,G_59_0,C_67_0,WCc
250,C_61_0,A_65_0,SWc
251,C_13_0,G_14_0,XXX
251,C_13_0,G_83_0,WWc
251,G_14_0,U_82_0,GUc
251,C_15_0,G_81_0,WWc
251,U_16_0,A_80_0,WCc
251,U_17_0,A_79_0,WCc
251,C_18_0,G_78_0,WCc
251,A_19_0,A_76_0,XXX
251,A_19_0,U_77_0,WCc
251,U_20_0,A_76_0,WCc
251,A_21_0,U_75_0,WCc
251,U_22_0,U_47_0,XXX
251,U_22_0,C_53_0,WWc
251,A_23_0,G_46_0,WSt
251,A_24_0,G_72_0,HWt
251,U_25_0,A_45_0,WCc
251,C_26_0,G_44_0,WCc
251,C_27_0,G_43_0,WCc
251,U_28_0,G_42_0,GUc
251,A_29_0,U_41_0,WCc
251,A_30_0,U_40_0,WWc
251,A_30_0,U_41_0,WWc
251,U_31_0,U_39_0,WWc
251,U_31_0,U_40_0,WWc
251,A_33_0,G_37_0,SSc
251,A_33_0,A_66_0,WHt
251,U_34_0,G_37_0,SSt
251,U_34_0,A_65_0,WHt
251,G_37_0,C_61_0,WCc
251,G_38_0,C_60_0,WWc
251,G_38_0,A_66_0,SWt
251,G_46_0,C_53_0,WCc
251,U_49_0,A_76_0,WSc
251,C_50_0,U_75_0,WSc
251,U_51_0,U_74_0,SWc
251,A_52_0,A_73_0,SWc
251,C_54_0,G_72_0,WCc
251,A_55_0,U_71_0,WCc
251,A_56_0,U_70_0,WCc
251,G_57_0,C_69_0,WCc
251,A_58_0,U_68_0,WCc
251,G_59_0,C_67_0,WCc
251,C_61_0,A_65_0,SWc
252,C_13_0,G_83_0,WCc
252,G_14_0,U_82_0,GUc
252,C_15_0,G_81_0,WCc
252,U_16_0,A_80_0,WCc
252,U_17_0,A_79_0,WCc
252,C_18_0,G_78_0,WCc
252,A_19_0,U_77_0,WCc
252,U_20_0,A_76_0,WCc
252,A_21_0,U_75_0,WCc
252,U_22_0,C_53_0,WWc
252,A_23_0,G_46_0,WSc
252,A_24_0,G_72_0,HWt
252,U_25_0,A_45_0,WCc
252,U_25_0,C_53_0,XXX
252,C_26_0,G_44_0,WWc
252,C_27_0,G_43_0,WCc
252,U_28_0,G_42_0,GUc
252,A_29_0,U_41_0,WCc
252,A_30_0,U_39_0,XXX
252,A_30_0,U_40_0,WCc
252,U_31_0,U_39_0,WWc
252,U_31_0,U_40_0,WWc
252,A_33_0,G_37_0,SSc
252,A_33_0,G_38_0,XXX
252,A_33_0,A_66_0,WHt
252,U_34_0,G_37_0,SSt
252,U_34_0,A_65_0,WHt
252,G_37_0,C_61_0,WCc
252,G_38_0,C_60_0,WCc
252,G_38_0,A_66_0,SWt
252,G_46_0,C_53_0,WCc
252,U_49_0,A_76_0,XXX
252,C_50_0,U_75_0,WSc
252,U_51_0,U_74_0,SWc
252,A_52_0,A_73_0,SWc
252,C_54_0,G_72_0,WCc
252,A_55_0,U_71_0,WCc
252,A_56_0,U_70_0,WCc
252,G_57_0,C_69_0,WCc
252,A_58_0,U_68_0,WCc
252,G_59_0,C_67_0,WCc
252,C_61_0,A_65_0,SWc
253,C_13_0,G_83_0,WCc
253,G_14_0,U_82_0,GUc
253,C_15_0,G_81_0,WCc
253,U_16_0,A_80_0,WCc
253,U_17_0,A_79_0,WCc
253,C_18_0,G_78_0,WCc
253,A_19_0,U_77_0,WCc
253,U_20_0,A_76_0,WCc
253,A_21_0,U_75_0,WCc
253,U_22_0,C_53_0,WWc
253,A_23_0,G_46_0,WSt
253,A_23_0,C_53_0,XXX
253,U_25_0,A_45_0,WCc
253,C_26_0,G_44_0,WCc
253,C_27_0,G_43_0,WCc
253,U_28_0,G_42_0,GUc
253,A_29_0,U_41_0,WCc
253,A_30_0,U_40_0,WCc
253,U_31_0,U_39_0,WWc
253,A_33_0,G_37_0,SSc
253,A_33_0,A_66_0,WHt
253,U_34_0,G_37_0,SSt
253,U_34_0,A_65_0,WHt
253,G_37_0,C_60_0,XXX
253,G_37_0,C_61_0,WWc
253,G_38_0,C_60_0,WCc
253,G_38_0,A_66_0,SWt
253,C_50_0,U_75_0,SSc
253,U_51_0,U_74_0,SWc
253,A_52_0,A_73_0,SWc
253,C_54_0,G_72_0,WCc
253,A_55_0,U_71_0,WCc
253,A_56_0,U_70_0,WCc
253,G_57_0,C_69_0,WCc
253,A_58_0,U_68_0,WCc
253,G_59_0,C_67_0,WCc
253,C_61_0,A_65_0,XXX
253,A_66_0,C_67_0,XXX
254,C_13_0,G_83_0,WCc
254,G_14_0,U_82_0,GUc
254,C_15_0,G_81_0,WCc
254,U_16_0,A_80_0,WCc
254,U_17_0,A_79_0,WCc
254,C_18_0,G_78_0,WCc
254,A_19_0,U_77_0,WCc
254,U_20_0,A_76_0,WCc
254,A_21_0,U_75_0,WCc
254,U_22_0,C_53_0,WWc
254,A_23_0,G_46_0,WSc
254,U_25_0,A_45_0,WCc
254,C_26_0,G_44_0,WCc
254,C_27_0,G_43_0,WCc
254,U_28_0,G_42_0,GUc
254,A_29_0,U_41_0,WCc
254,A_30_0,U_40_0,WWc
254,U_31_0,U_39_0,WWc
254,U_31_0,U_40_0,WWc
254,A_33_0,G_37_0,SSc
254,A_33_0,G_38_0,XXX
254,A_33_0,A_66_0,WHt
254,U_34_0,A_65_0,WHt
254,G_37_0,C_61_0,WWc
254,G_38_0,C_60_0,WCc
254,G_38_0,C_61_0,XXX
254,G_38_0,A_66_0,SWt
254,G_46_0,C_53_0,WWc
254,U_49_0,A_76_0,XXX
254,C_50_0,U_75_0,WSc
254,U_51_0,U_74_0,SWc
254,A_52_0,A_73_0,SWc
254,C_54_0,G_72_0,WCc
254,A_55_0,U_71_0,WWc
254,A_56_0,U_70_0,WCc
254,G_57_0,C_69_0,WWc
254,A_58_0,U_68_0,WCc
254,G_59_0,C_67_0,WCc
254,C_61_0,A_65_0,XXX
255,C_13_0,G_83_0,WCc
255,G_14_0,U_82_0,GUc
255,C_15_0,G_81_0,WCc
255,U_16_0,A_80_0,WCc
255,U_17_0,A_79_0,WCc
255,C_18_0,G_78_0,WCc
255,A_19_0,U_77_0,WCc
255,U_20_0,A_76_0,WCc
255,A_21_0,U_75_0,WCc
255,U_22_0,U_47_0,XXX
255,U_22_0,C_53_0,XXX
255,A_23_0,G_46_0,WSt
255,U_25_0,A_45_0,WCc
255,C_26_0,G_44_0,WCc
255,C_27_0,G_43_0,WCc
255,U_28_0,G_42_0,GUc
255,A_29_0,U_41_0,WCc
255,A_30_0,U_40_0,WCc
255,U_31_0,U_39_0,WWc
255,U_31_0,U_40_0,WWc
255,A_33_0,G_37_0,SSc
255,A_33_0,G_38_0,XXX
255,A_33_0,A_66_0,WHt
255,U_34_0,G_37_0,SSt
255,U_34_0,A_65_0,WHt
255,G_37_0,C_61_0,WCc
255,G_38_0,C_60_0,WCc
255,G_38_0,A_66_0,SWt
255,G_46_0,C_53_0,XXX
255,U_49_0,A_76_0,XXX
255,C_50_0,U_75_0,WSc
255,U_51_0,U_74_0,SWc
255,A_52_0,A_73_0,SWc
255,C_54_0,G_72_0,WCc
255,A_55_0,U_71_0,XXX
255,A_56_0,U_70_0,WCc
255,G_57_0,C_69_0,WCc
255,A_58_0,U_68_0,WWc
255,G_59_0,C_67_0,WCc
255,C_61_0,A_65_0,XXX
256,C_13_0,G_14_0,XXX
256,C_13_0,G_83_0,WCc
256,G_14_0,U_82_0,WWc
256,C_15_0,G_81_0,WCc
256,U_16_0,A_80_0,WCc
256,U_17_0,A_79_0,WCc
256,C_18_0,G_78_0,WCc
256,A_19_0,U_77_0,WCc
256,U_20_0,A_76_0,WWc
256,A_21_0,U_74_0,XXX
256,A_21_0,U_75_0,WCc
256,U_22_0,C_53_0,WWc
256,U_22_0,A_73_0,SWt
256,A_23_0,A_45_0,XXX
256,A_23_0,G_46_0,WSc
256,U_25_0,A_45_0,WCc
256,C_26_0,G_44_0,WCc
256,C_27_0,G_43_0,WCc
256,U_28_0,G_42_0,GUc
256,A_29_0,U_41_0,WWc
256,A_30_0,U_40_0,WCc
256,A_30_0,U_41_0,XXX
256,U_31_0,U_39_0,WWc
256,U_31_0,U_40_0,WWc
256,A_33_0,G_38_0,XXX
256,A_33_0,A_66_0,WHt
256,U_34_0,G_37_0,SSt
256,U_34_0,A_65_0,WHt
256,G_37_0,C_61_0,WCc
256,G_38_0,G_59_0,WHc
256,G_38_0,C_60_0,WCc
256,G_38_0,A_66_0,SWt
256,C_50_0,U_75_0,WSc
256,U_51_0,U_74_0,SWc
256,A_52_0,A_73_0,XXX
256,C_54_0,G_72_0,WCc
256,A_55_0,U_71_0,WCc
256,A_56_0,U_70_0,WCc
256,G_57_0,C_69_0,WCc
256,A_58_0,U_68_0,WWc
256,G_59_0,C_67_0,WCc
256,C_61_0,A_65_0,XXX
257,C_13_0,G_83_0,WCc
257,G_14_0,U_82_0,GUc
257,C_15_0,G_81_0,WWc
257,U_16_0,A_80_0,WCc
257,U_17_0,A_79_0,WCc
257,C_18_0,G_78_0,WCc
257,A_19_0,U_77_0,WCc
257,U_20_0,A_76_0,WCc
257,A_21_0,U_74_0,XXX
257,A_21_0,U_75_0,WCc
257,U_22_0,C_53_0,WWc
257,A_23_0,G_46_0,WSc
257,U_25_0,A_45_0,WWc
257,U_25_0,C_53_0,XXX
257,C_26_0,G_44_0,WCc
257,C_27_0,G_43_0,WCc
257,U_28_0,G_42_0,GUc
257,A_29_0,U_41_0,WCc
257,A_30_0,U_40_0,WWc
257,U_31_0,U_39_0,WWc
257,U_31_0,U_40_0,WWc
257,A_33_0,G_37_0,SSc
257,A_33_0,G_38_0,XXX
257,A_33_0,A_66_0,WHt
257,U_34_0,G_37_0,SSt
257,U_34_0,A_65_0,WHt
257,G_37_0,C_60_0,WWc
257,G_37_0,C_61_0,WCc
257,G_38_0,G_59_0,XXX
257,G_38_0,C_60_0,WCc
257,G_38_0,A_66_0,SWt
257,U_41_0,G_42_0,WHc
257,G_46_0,C_53_0,WCc
257,U_47_0,U_51_0,XXX
257,U_51_0,U_74_0,SWc
257,A_52_0,A_73_0,SWc
257,C_54_0,G_72_0,WCc
257,A_55_0,U_71_0,WCc
257,A_56_0,U_70_0,WCc
257,G_57_0,C_69_0,WCc
257,A_58_0,U_68_0,WWc
257,G_59_0,C_67_0,WCc
257,C_61_0,A_65_0,SWc
257,U_82_0,G_83_0,WHc
258,C_13_0,G_83_0,WCc
258,G_14_0,U_82_0,GUc
258,C_15_0,G_81_0,WCc
258,U_16_0,A_80_0,WCc
258,U_17_0,A_79_0,WCc
258,C_18_0,G_78_0,WCc
258,A_19_0,U_77_0,WWc
258,U_20_0,A_76_0,WWc
258,U_20_0,U_77_0,XXX
258,A_21_0,U_75_0,WCc
258,U_22_0,C_53_0,WWc
258,A_23_0,A_45_0,XXX
258,A_23_0,G_46_0,WSc
258,U_25_0,A_45_0,WCc
258,U_25_0,C_53_0,XXX
258,C_26_0,G_44_0,WCc
258,C_27_0,G_43_0,WCc
258,U_28_0,G_42_0,GUc
258,A_29_0,U_41_0,WCc
258,A_30_0,U_40_0,WWc
258,U_31_0,U_39_0,XXX
258,U_31_0,U_40_0,WWc
258,A_33_0,G_37_0,SSc
258,A_33_0,A_66_0,WHt
258,U_34_0,G_37_0,SSt
258,U_34_0,A_65_0,WHt
258,A_35_0,A_64_0,XXX
258,G_37_0,C_60_0,XXX
258,G_37_0,C_61_0,WCc
258,G_38_0,C_60_0,WCc
258,G_38_0,A_66_0,SWt
258,G_46_0,C_53_0,XXX
258,U_49_0,A_76_0,WSt
258,U_51_0,U_74_0,SWc
258,A_52_0,A_73_0,XXX
258,C_54_0,G_72_0,WCc
258,A_55_0,U_71_0,WCc
258,A_56_0,U_70_0,WCc
258,G_57_0,C_69_0,WCc
258,A_58_0,U_68_0,WWc
258,G_59_0,C_67_0,WCc
258,C_60_0,A_66_0,XXX
258,C_61_0,A_65_0,XXX
258,A_66_0,C_67_0,SHc
259,C_13_0,G_83_0,WCc
259,G_14_0,U_82_0,GUc
259,C_15_0,G_81_0,WCc
259,U_16_0,A_80_0,WCc
259,U_17_0,A_79_0,WCc
259,C_18_0,G_78_0,WCc
259,A_19_0,U_77_0,WCc
259,U_20_0,A_76_0,WCc
259,A_21_0,U_51_0,XXX
259,A_21_0,U_75_0,WCc
259,U_22_0,C_53_0,WWc
259,A_23_0,G_46_0,WSt
259,U_25_0,A_45_0,WCc
259,U_25_0,C_53_0,XXX
259,C_26_0,G_44_0,WCc
259,C_27_0,G_43_0,WCc
259,U_28_0,G_42_0,GUc
259,A_29_0,U_41_0,WCc
259,A_30_0,U_39_0,XXX
259,A_30_0,U_40_0,WCc
259,U_31_0,U_39_0,WWc
259,A_33_0,A_66_0,WHt
259,U_34_0,G_37_0,SSt
259,U_34_0,A_65_0,WHt
259,A_35_0,A_64_0,HHc
259,G_37_0,C_60_0,WWc
259,G_37_0,C_61_0,WCc
259,G_37_0,A_66_0,XXX
259,G_38_0,C_60_0,WCc
259,G_38_0,A_66_0,SWt
259,G_46_0,C_53_0,XXX
259,U_51_0,U_74_0,SWc
259,A_52_0,A_73_0,SWc
259,A_52_0,U_74_0,XXX
259,C_54_0,G_72_0,WCc
259,A_55_0,U_71_0,WCc
259,A_56_0,U_70_0,WCc
259,G_57_0,C_69_0,WCc
259,A_58_0,U_68_0,WWc
259,G_59_0,C_67_0,WCc
259,C_60_0,A_66_0,XXX
259,C_61_0,A_65_0,SWc
259,C_61_0,A_66_0,XXX
259,U_62_0,A_64_0,SHc
260,C_13_0,G_83_0,WCc
260,G_14_0,U_82_0,GUc
260,C_15_0,G_81_0,WCc
260,U_16_0,A_80_0,WCc
260,U_17_0,A_79_0,WCc
260,C_18_0,G_78_0,WCc
260,A_19_0,U_77_0,WWc
260,U_20_0,A_76_0,WCc
260,A_21_0,U_75_0,WCc
260,U_22_0,C_53_0,WWc
260,A_23_0,G_46_0,WSt
260,U_25_0,A_45_0,WCc
260,C_26_0,G_44_0,WCc
260,C_27_0,G_43_0,WCc
260,U_28_0,G_42_0,GUc
260,A_29_0,U_41_0,WCc
260,A_30_0,U_40_0,WCc
260,U_31_0,U_39_0,WWc
260,A_33_0,G_37_0,SSc
260,A_33_0,G_38_0,XXX
260,A_33_0,A_66_0,WHt
260,U_34_0,A_35_0,SHc
260,U_34_0,G_37_0,SSt
260,U_34_0,A_65_0,WHt
260,A_35_0,A_64_0,HHc
260,G_37_0,C_60_0,WWc
260,G_37_0,C_61_0,WCc
260,G_37_0,A_66_0,XXX
260,G_38_0,C_60_0,WCc
260,G_38_0,A_66_0,SWt
260,G_46_0,C_53_0,WWc
260,C_50_0,U_75_0,SSc
260,A_52_0,A_73_0,XXX
260,C_54_0,G_72_0,WCc
260,A_55_0,U_70_0,XXX
260,A_55_0,U_71_0,WWc
260,A_56_0,U_70_0,WCc
260,G_57_0,C_69_0,WCc
260,A_58_0,U_68_0,WWc
260,G_59_0,C_67_0,WCc
260,C_61_0,A_65_0,SWc
260,C_61_0,A_66_0,XXX
261,C_13_0,G_83_0,WCc
261,G_14_0,U_82_0,GUc
261,C_15_0,G_81_0,WCc
261,U_16_0,A_80_0,WCc
261,U_17_0,A_79_0,WCc
261,C_18_0,G_78_0,WCc
261,A_19_0,U_77_0,WCc
261,U_20_0,A_76_0,WCc
261,U_20_0,U_77_0,XXX
261,A_21_0,U_75_0,WCc
261,U_22_0,A_52_0,XXX
261,U_22_0,C_53_0,WWc
261,A_23_0,G_46_0,WSt
261,U_25_0,A_45_0,WCc
261,C_26_0,G_44_0,WCc
261,C_27_0,G_43_0,WCc
261,U_28_0,G_42_0,GUc
261,A_29_0,U_41_0,WCc
261,A_30_0,U_40_0,WCc
261,U_31_0,U_39_0,WWc
261,A_33_0,G_37_0,SSc
261,A_33_0,G_38_0,XXX
261,A_33_0,A_66_0,WHt
261,U_34_0,G_37_0,SSt
261,U_34_0,A_65_0,WHt
261,G_37_0,C_60_0,WWc
261,G_37_0,C_61_0,WWc
261,G_38_0,G_59_0,WHt
261,G_38_0,C_60_0,WCc
261,G_38_0,A_66_0,SWt
261,G_46_0,C_53_0,WCc
261,C_50_0,U_75_0,WSc
261,U_51_0,U_74_0,XXX
261,A_52_0,A_73_0,XXX
261,A_52_0,U_74_0,XXX
261,C_54_0,G_72_0,WCc
261,A_55_0,U_71_0,WCc
261,A_56_0,U_70_0,WCc
261,G_57_0,C_69_0,WCc
261,A_58_0,U_68_0,WWc
261,G_59_0,C_67_0,WCc
261,C_60_0,A_66_0,XXX
261,C_61_0,A_65_0,SWc
262,C_13_0,G_83_0,WWc
262,G_14_0,U_82_0,GUc
262,C_15_0,G_81_0,WWc
262,U_16_0,A_80_0,WCc
262,U_17_0,A_79_0,WCc
262,C_18_0,G_78_0,WCc
262,A_19_0,U_77_0,WCc
262,U_20_0,A_76_0,WCc
262,U_20_0,U_77_0,XXX
262,A_21_0,U_51_0,XXX
262,A_21_0,U_75_0,WCc
262,U_22_0,C_53_0,WWc
262,A_23_0,G_46_0,WSt
262,U_25_0,A_45_0,WCc
262,C_26_0,G_44_0,WCc
262,C_27_0,G_43_0,WCc
262,U_28_0,G_42_0,GUc
262,A_29_0,U_41_0,WCc
262,A_30_0,U_40_0,WCc
262,U_31_0,U_39_0,WWc
262,A_33_0,G_37_0,SSc
262,A_33_0,G_38_0,XXX
262,A_33_0,A_66_0,WHt
262,U_34_0,G_37_0,SSt
262,U_34_0,A_65_0,WHt
262,G_37_0,C_60_0,XXX
262,G_37_0,C_61_0,WCc
262,G_38_0,C_60_0,WCc
262,G_38_0,A_66_0,SWt
262,G_46_0,C_53_0,WCc
262,A_52_0,U_74_0,XXX
262,C_54_0,G_72_0,WCc
262,A_55_0,U_71_0,WCc
262,A_56_0,U_70_0,WCc
262,G_57_0,C_69_0,WWc
262,A_58_0,U_68_0,WWc
262,G_59_0,C_67_0,WCc
262,C_61_0,A_65_0,XXX
263,C_13_0,G_83_0,WCc
263,G_14_0,U_82_0,WSc
263,C_15_0,G_81_0,SWc
263,U_16_0,A_80_0,WCc
263,U_17_0,A_79_0,WCc
263,C_18_0,G_78_0,WCc
263,A_19_0,U_77_0,WCc
263,U_20_0,A_76_0,WCc
263,A_21_0,U_51_0,XXX
263,A_21_0,U_74_0,XXX
263,A_21_0,U_75_0,WWc
263,U_22_0,C_53_0,WWc
263,A_23_0,G_46_0,WSc
263,U_25_0,A_45_0,WCc
263,U_25_0,C_53_0,XXX
263,C_26_0,G_44_0,WCc
263,C_27_0,G_43_0,WCc
263,U_28_0,G_42_0,GUc
263,A_29_0,U_41_0,WCc
263,A_30_0,U_40_0,WCc
263,U_31_0,U_39_0,WWc
263,A_33_0,G_38_0,XXX
263,A_33_0,A_66_0,WHt
263,U_34_0,A_35_0,SHc
263,U_34_0,G_37_0,SSt
263,U_34_0,A_65_0,WHt
263,A_35_0,A_64_0,HHc
263,G_37_0,C_60_0,WWc
263,G_37_0,C_61_0,WCc
263,G_38_0,C_60_0,WCc
263,G_38_0,A_66_0,SWt
263,G_46_0,C_53_0,WWc
263,U_49_0,A_76_0,WSc
263,U_51_0,U_74_0,SWc
263,A_52_0,A_73_0,XXX
263,C_54_0,G_72_0,WCc
263,A_55_0,U_71_0,WCc
263,A_56_0,C_69_0,XXX
263,A_56_0,U_70_0,WCc
263,G_57_0,C_69_0,WCc
263,A_58_0,U_68_0,WWc
263,G_59_0,C_67_0,WCc
263,C_61_0,A_65_0,XXX
264,C_13_0,G_83_0,WCc
264,G_14_0,U_82_0,GUc
264,C_15_0,G_81_0,WCc
264,U_16_0,A_80_0,WCc
264,U_17_0,A_79_0,WCc
264,C_18_0,G_78_0,WCc
264,A_19_0,U_77_0,WCc
264,U_20_0,A_76_0,WCc
264,A_21_0,U_75_0,WCc
264,A_23_0,G_46_0,WSt
264,A_24_0,G_72_0,XXX
264,U_25_0,A_45_0,WCc
264,C_26_0,G_44_0,WCc
264,C_27_0,G_43_0,WCc
264,U_28_0,G_42_0,GUc
264,A_29_0,U_41_0,WCc
264,A_30_0,U_40_0,WCc
264,U_31_0,U_39_0,WWc
264,A_33_0,G_37_0,SSc
264,A_33_0,G_38_0,XXX
264,A_33_0,A_66_0,WHt
264,U_34_0,G_37_0,XXX
264,U_34_0,A_65_0,WHt
264,G_37_0,C_60_0,WWc
264,G_37_0,C_61_0,WCc
264,G_38_0,G_59_0,WHc
264,G_38_0,C_60_0,WWc
264,G_38_0,A_66_0,SWt
264,G_46_0,C_53_0,WWc
264,U_49_0,A_76_0,WSt
264,A_52_0,A_73_0,SWc
264,A_52_0,U_74_0,XXX
264,C_54_0,G_72_0,WCc
264,A_55_0,U_71_0,WCc
264,A_56_0,U_70_0,WCc
264,G_57_0,C_69_0,WCc
264,A_58_0,U_68_0,WWc
264,G_59_0,C_67_0,WCc
264,C_61_0,A_65_0,XXX
264,A_66_0,C_67_0,XXX
265,C_13_0,G_83_0,WCc
265,G_14_0,U_82_0,GUc
265,C_15_0,G_81_0,WCc
265,U_16_0,A_80_0,WCc
265,U_17_0,A_79_0,WCc
265,C_18_0,G_78_0,WCc
265,A_19_0,U_77_0,WWc
265,U_20_0,A_76_0,WCc
265,A_21_0,U_75_0,WCc
265,U_22_0,C_53_0,XXX
265,A_23_0,A_45_0,XXX
265,A_23_0,G_46_0,WSt
265,U_25_0,A_45_0,WCc
265,C_26_0,G_44_0,WCc
265,C_27_0,G_43_0,WCc
265,U_28_0,G_42_0,WWc
265,A_29_0,U_41_0,WCc
265,A_30_0,U_40_0,WCc
265,U_31_0,U_39_0,WWc
265,A_33_0,G_37_0,SSc
265,A_33_0,A_66_0,WHt
265,U_34_0,G_37_0,SSt
265,U_34_0,A_65_0,WHt
265,A_35_0,A_64_0,XXX
265,G_37_0,C_60_0,WWc
265,G_37_0,C_61_0,WCc
265,G_37_0,A_66_0,XXX
265,G_38_0,G_59_0,WHc
265,G_38_0,C_60_0,WCc
265,G_38_0,A_66_0,SWt
265,G_46_0,C_53_0,XXX
265,U_49_0,A_76_0,WSc
265,A_52_0,A_73_0,SWc
265,A_52_0,U_74_0,XXX
265,C_54_0,G_72_0,WCc
265,A_55_0,U_71_0,WCc
265,A_56_0,U_70_0,WCc
265,G_57_0,C_69_0,WCc
265,A_58_0,U_68_0,WWc
265,G_59_0,C_67_0,WCc
265,C_60_0,A_66_0,XXX
265,C_61_0,A_65_0,SWc
265,U_62_0,A_64_0,SHc
266,C_13_0,G_83_0,WCc
266,G_14_0,U_82_0,GUc
266,C_15_0,G_81_0,WCc
266,U_16_0,A_80_0,WCc
266,U_17_0,A_79_0,WCc
266,C_18_0,G_78_0,WCc
266,A_19_0,U_77_0,WCc
266,U_20_0,A_76_0,WWc
266,U_20_0,U_77_0,XXX
266,A_21_0,U_51_0,XXX
266,A_21_0,U_75_0,WCc
266,A_23_0,G_46_0,WSc
266,U_25_0,A_45_0,WCc
266,C_26_0,G_44_0,WCc
266,C_27_0,G_43_0,WCc
266,U_28_0,G_42_0,GUc
266,A_29_0,U_41_0,WCc
266,A_30_0,U_40_0,WCc
266,U_31_0,U_39_0,WWc
266,A_33_0,G_37_0,SSc
266,A_33_0,A_66_0,WHt
266,U_34_0,G_37_0,SSt
266,U_34_0,A_65_0,WHt
266,A_35_0,A_64_0,HHc
266,G_37_0,C_60_0,WWc
266,G_37_0,C_61_0,WCc
266,G_38_0,G_59_0,WHt
266,G_38_0,C_60_0,WCc
266,G_38_0,A_66_0,SWt
266,G_46_0,C_53_0,XXX
266,U_49_0,A_76_0,XXX
266,A_52_0,A_73_0,SWc
266,C_54_0,G_72_0,WCc
266,A_55_0,U_71_0,WCc
266,A_56_0,U_70_0,WCc
266,G_57_0,C_69_0,WWc
266,A_58_0,U_68_0,WWc
266,G_59_0,C_67_0,WCc
266,C_61_0,A_65_0,XXX
267,C_13_0,G_83_0,WWc
267,G_14_0,U_82_0,GUc
267,C_15_0,G_81_0,WCc
267,U_16_0,A_80_0,WCc
267,U_17_0,A_79_0,WCc
267,C_18_0,G_78_0,WCc
267,A_19_0,U_77_0,WCc
267,U_20_0,A_76_0,WCc
267,A_21_0,U_75_0,WCc
267,U_22_0,A_52_0,WWc
267,U_22_0,C_53_0,XXX
267,A_23_0,G_46_0,WSc
267,U_25_0,A_45_0,WCc
267,C_26_0,G_44_0,WCc
267,C_27_0,G_43_0,WCc
267,U_28_0,G_42_0,GUc
267,A_29_0,U_41_0,WCc
267,A_30_0,U_40_0,WCc
267,U_31_0,U_39_0,WWc
267,A_33_0,G_37_0,SSc
267,A_33_0,A_66_0,WHt
267,U_34_0,A_35_0,SHc
267,U_34_0,G_37_0,SSt
267,U_34_0,A_65_0,WHt
267,A_35_0,A_64_0,HHc
267,G_37_0,C_60_0,WWc
267,G_37_0,C_61_0,WCc
267,G_38_0,G_59_0,WHc
267,G_38_0,C_60_0,WCc
267,G_38_0,C_61_0,XXX
267,G_38_0,A_66_0,SWt
267,G_46_0,C_53_0,WWc
267,C_50_0,U_75_0,WSc
267,U_51_0,U_74_0,WWc
267,A_52_0,A_73_0,XXX
267,A_52_0,U_74_0,SWc
267,C_54_0,G_72_0,WCc
267,A_55_0,U_71_0,WCc
267,A_56_0,U_70_0,WCc
267,G_57_0,C_69_0,WCc
267,A_58_0,U_68_0,WWc
267,G_59_0,C_67_0,WCc
267,C_61_0,A_65_0,XXX
267,A_66_0,C_67_0,XXX
268,C_13_0,G_83_0,WCc
268,G_14_0,U_82_0,GUc
268,C_15_0,G_81_0,WCc
268,U_16_0,A_80_0,WCc
268,U_17_0,A_79_0,WCc
268,C_18_0,G_78_0,WCc
268,A_19_0,U_77_0,WCc
268,U_20_0,A_76_0,WCc
268,U_20_0,U_77_0,XXX
268,A_21_0,U_51_0,XXX
268,A_21_0,U_75_0,WCc
268,U_22_0,U_47_0,XXX
268,U_22_0,C_53_0,WWc
268,A_23_0,G_46_0,WSc
268,U_25_0,A_45_0,WCc
268,U_25_0,C_53_0,XXX
268,C_26_0,G_44_0,WCc
268,C_27_0,G_43_0,WCc
268,U_28_0,G_42_0,GUc
268,A_29_0,U_41_0,WCc
268,A_30_0,U_40_0,WCc
268,U_31_0,U_39_0,WWc
268,A_33_0,G_37_0,SSc
268,A_33_0,A_66_0,WHt
268,U_34_0,A_35_0,SHc
268,U_34_0,G_37_0,SSt
268,U_34_0,A_65_0,WHt
268,A_35_0,A_64_0,HHc
268,G_37_0,C_61_0,WCc
268,G_38_0,C_60_0,WCc
268,G_38_0,A_66_0,SWt
268,G_46_0,C_53_0,WCc
268,U_51_0,U_74_0,WWc
268,A_52_0,A_73_0,XXX
268,A_52_0,U_74_0,SWc
268,C_54_0,G_72_0,WCc
268,A_55_0,U_71_0,WWc
268,A_56_0,U_70_0,WCc
268,G_57_0,C_69_0,WCc
268,A_58_0,U_68_0,WWc
268,G_59_0,C_67_0,WCc
268,C_61_0,A_65_0,SWc
269,C_13_0,G_83_0,WCc
269,G_14_0,U_82_0,GUc
269,C_15_0,G_81_0,WCc
269,U_16_0,A_80_0,WCc
269,U_17_0,A_79_0,WWc
269,C_18_0,G_78_0,WCc
269,A_19_0,U_77_0,WWc
269,U_20_0,A_76_0,WWc
269,A_21_0,U_49_0,XXX
269,A_21_0,U_75_0,WCc
269,U_22_0,U_47_0,XXX
269,U_22_0,C_53_0,WWc
269,A_23_0,A_45_0,XXX
269,A_23_0,G_46_0,WSt
269,U_25_0,A_45_0,WCc
269,C_26_0,G_44_0,WWc
269,C_27_0,G_43_0,WCc
269,U_28_0,G_42_0,GUc
269,A_29_0,U_41_0,WCc
269,A_30_0,U_40_0,WCc
269,U_31_0,U_39_0,WWc
269,A_33_0,G_38_0,XXX
269,A_33_0,A_66_0,WHt
269,U_34_0,A_35_0,XXX
269,U_34_0,G_37_0,SSt
269,U_34_0,A_65_0,WHt
269,A_35_0,A_64_0,HHc
269,G_37_0,C_60_0,WWc
269,G_37_0,C_61_0,WCc
269,G_38_0,C_60_0,WCc
269,G_38_0,A_66_0,SWt
269,G_46_0,C_53_0,WWc
269,C_50_0,U_75_0,XXX
269,U_51_0,U_74_0,SWc
269,A_52_0,A_73_0,SWc
269,A_52_0,U_74_0,SWc
269,C_54_0,G_72_0,WCc
269,A_55_0,U_71_0,WCc
269,A_56_0,U_70_0,WCc
269,G_57_0,C_69_0,WCc
269,A_58_0,U_68_0,WWc
269,G_59_0,C_67_0,WCc
269,C_61_0,A_65_0,SWc
270,C_13_0,G_83_0,WCc
270,G_14_0,U_82_0,GUc
270,C_15_0,G_81_0,WCc
270,U_16_0,A_80_0,WCc
270,U_17_0,A_79_0,WCc
270,C_18_0,G_78_0,WCc
270,A_19_0,U_77_0,WCc
270,U_20_0,A_76_0,WCc
270,U_20_0,U_77_0,XXX
270,A_21_0,U_75_0,WCc
270,U_22_0,C_53_0,WWc
270,A_23_0,G_46_0,WSc
270,A_23_0,C_53_0,XXX
270,U_25_0,A_45_0,WCc
270,C_26_0,G_44_0,WCc
270,C_27_0,G_43_0,WCc
270,U_28_0,G_42_0,GUc
270,A_29_0,U_41_0,WCc
270,A_30_0,U_40_0,WCc
270,U_31_0,U_39_0,WWc
270,A_33_0,G_37_0,SSc
270,A_33_0,A_66_0,WHt
270,U_34_0,G_37_0,SSt
270,U_34_0,A_65_0,WHt
270,G_37_0,C_60_0,XXX
270,G_37_0,C_61_0,WCc
270,G_38_0,G_59_0,WHt
270,G_38_0,C_60_0,WCc
270,G_38_0,A_66_0,SWt
270,G_46_0,C_53_0,WWc
270,U_49_0,U_75_0,WSc
270,C_50_0,U_75_0,SSc
270,A_52_0,A_73_0,XXX
270,C_54_0,G_72_0,WCc
270,A_55_0,U_71_0,WCc
270,A_56_0,U_70_0,WCc
270,G_57_0,C_69_0,WCc
270,A_58_0,U_68_0,WWc
270,G_59_0,C_67_0,WCc
270,C_61_0,A_65_0,SWc
270,C_61_0,A_66_0,XXX
271,C_13_0,G_83_0,WWc
271,G_14_0,U_82_0,GUc
271,C_15_0,G_81_0,WCc
271,U_16_0,A_80_0,WCc
271,U_17_0,A_79_0,WCc
271,C_18_0,G_78_0,WCc
271,A_19_0,U_77_0,WCc
271,U_20_0,A_76_0,WCc
271,A_21_0,U_75_0,WCc
271,U_22_0,U_47_0,XXX
271,U_22_0,C_53_0,WWc
271,A_23_0,G_46_0,WSt
271,A_23_0,C_53_0,XXX
271,U_25_0,A_45_0,WCc
271,C_26_0,G_44_0,WCc
271,C_27_0,G_43_0,WCc
271,U_28_0,G_42_0,GUc
271,A_29_0,U_41_0,WCc
271,A_30_0,U_40_0,WCc
271,U_31_0,U_39_0,WWc
271,G_32_0,A_66_0,XXX
271,A_33_0,G_37_0,SSc
271,A_33_0,G_38_0,XXX
271,A_33_0,A_66_0,WHt
271,U_34_0,G_37_0,SSt
271,U_34_0,A_65_0,WHt
271,G_37_0,C_60_0,WWc
271,G_37_0,C_61_0,WWc
271,G_38_0,G_59_0,WHt
271,G_38_0,C_60_0,WWc
271,G_38_0,A_66_0,SWt
271,G_46_0,C_53_0,WWc
271,U_49_0,A_76_0,XXX
271,C_50_0,U_75_0,SSc
271,A_52_0,A_73_0,XXX
271,A_52_0,U_74_0,SWc
271,C_54_0,G_72_0,WCc
271,A_55_0,U_71_0,WCc
271,A_56_0,U_70_0,WCc
271,G_57_0,C_69_0,WCc
271,A_58_0,U_68_0,WWc
271,G_59_0,C_67_0,WCc
271,C_61_0,A_65_0,XXX
272,C_13_0,G_83_0,WWc
272,G_14_0,U_82_0,GUc
272,C_15_0,G_81_0,WCc
272,U_16_0,A_80_0,WCc
272,U_17_0,A_79_0,WCc
272,C_18_0,G_78_0,WCc
272,A_19_0,U_77_0,WCc
272,U_20_0,A_76_0,WCc
272,A_21_0,U_75_0,WCc
272,U_22_0,A_52_0,XXX
272,U_22_0,C_53_0,WWc
272,A_23_0,G_46_0,WSt
272,A_23_0,C_53_0,XXX
272,U_25_0,A_45_0,WCc
272,C_26_0,G_44_0,WCc
272,C_27_0,G_43_0,WCc
272,U_28_0,G_42_0,GUc
272,A_29_0,U_41_0,WCc
272,A_30_0,U_40_0,WCc
272,U_31_0,U_39_0,WWc
272,A_33_0,G_37_0,SSc
272,A_33_0,G_38_0,XXX
272,A_33_0,A_66_0,WHt
272,U_34_0,G_37_0,SSt
272,U_34_0,A_65_0,WHt
272,A_35_0,A_64_0,HHc
272,G_37_0,C_60_0,WWc
272,G_37_0,C_61_0,WCc
272,G_38_0,C_60_0,WCc
272,G_38_0,A_66_0,SWt
272,G_46_0,C_53_0,WWc
272,C_50_0,U_75_0,WSc
272,C_54_0,G_72_0,WCc
272,A_55_0,U_71_0,WCc
272,A_56_0,C_69_0,XXX
272,A_56_0,U_70_0,WCc
272,G_57_0,C_69_0,WCc
272,A_58_0,U_68_0,WWc
272,G_59_0,C_67_0,WCc
272,C_61_0,A_65_0,SWc
273,C_13_0,G_83_0,WCc
273,G_14_0,U_82_0,GUc
273,C_15_0,G_81_0,WWc
273,U_16_0,A_80_0,WCc
273,U_17_0,A_79_0,WWc
273,C_18_0,G_78_0,WCc
273,A_19_0,U_77_0,WCc
273,U_20_0,A_76_0,WCc
273,U_20_0,U_77_0,XXX
273,A_21_0,U_75_0,WCc
273,U_22_0,C_53_0,WWc
273,A_23_0,G_46_0,WSc
273,U_25_0,A_45_0,WCc
273,C_26_0,G_44_0,WCc
273,C_27_0,G_43_0,WCc
273,U_28_0,G_42_0,GUc
273,A_29_0,U_41_0,WCc
273,A_30_0,U_40_0,WCc
273,U_31_0,U_39_0,WWc
273,A_33_0,G_37_0,SSc
273,A_33_0,A_66_0,WHt
273,U_34_0,G_37_0,XXX
273,U_34_0,A_65_0,WHt
273,A_35_0,A_64_0,HHc
273,G_37_0,C_60_0,WWc
273,G_37_0,C_61_0,WCc
273,G_38_0,G_59_0,WHt
273,G_38_0,C_60_0,WCc
273,G_38_0,A_66_0,SWt
273,G_46_0,C_53_0,WWc
273,U_49_0,A_76_0,XXX
273,C_50_0,U_75_0,WSc
273,A_52_0,A_73_0,XXX
273,A_52_0,U_74_0,XXX
273,C_54_0,G_72_0,WCc
273,A_55_0,U_71_0,WCc
273,A_56_0,U_70_0,WWc
273,G_57_0,C_69_0,WCc
273,A_58_0,U_68_0,WWc
273,G_59_0,C_67_0,WCc
273,C_60_0,A_66_0,XXX
273,C_61_0,A_65_0,SWc
274,C_13_0,G_83_0,WWc
274,G_14_0,U_82_0,GUc
274,C_15_0,G_81_0,WCc
274,U_16_0,A_80_0,WCc
274,U_17_0,A_79_0,WCc
274,C_18_0,G_78_0,WCc
274,A_19_0,U_77_0,WWc
274,U_20_0,A_76_0,WCc
274,A_21_0,U_51_0,XXX
274,A_21_0,U_75_0,WCc
274,U_22_0,C_53_0,WWc
274,A_23_0,G_46_0,WSc
274,A_23_0,C_53_0,XXX
274,U_25_0,A_45_0,WCc
274,C_26_0,G_44_0,WCc
274,C_27_0,G_43_0,WCc
274,U_28_0,G_42_0,GUc
274,A_29_0,U_41_0,WCc
274,A_30_0,U_40_0,WCc
274,U_31_0,U_39_0,WWc
274,A_33_0,G_37_0,SSc
274,A_33_0,A_65_0,WHt
274,A_33_0,A_66_0,WHt
274,U_34_0,A_35_0,XXX
274,U_34_0,G_37_0,SSt
274,U_34_0,A_65_0,WHt
274,A_35_0,A_64_0,XXX
274,G_37_0,C_60_0,WWc
274,G_37_0,C_61_0,WCc
274,G_37_0,A_66_0,XXX
274,G_38_0,G_59_0,WHc
274,G_38_0,C_60_0,WCc
274,G_38_0,A_66_0,SWt
274,C_50_0,U_75_0,WSc
274,A_52_0,A_73_0,XXX
274,C_54_0,G_72_0,WCc
274,A_55_0,U_71_0,WCc
274,A_56_0,U_70_0,WCc
274,G_57_0,C_69_0,WCc
274,A_58_0,U_68_0,WWc
274,G_59_0,C_67_0,WCc
274,C_60_0,A_66_0,XXX
274,C_61_0,A_65_0,SWc
275,C_13_0,G_83_0,WCc
275,G_14_0,U_82_0,GUc
275,C_15_0,G_81_0,WWc
275,U_16_0,A_80_0,WCc
275,U_17_0,A_79_0,WCc
275,C_18_0,G_78_0,WCc
275,A_19_0,U_77_0,WCc
275,U_20_0,A_76_0,WWc
275,A_21_0,U_75_0,WWc
275,A_21_0,A_76_0,WWc
275,U_22_0,U_47_0,HSc
275,U_22_0,C_53_0,WWc
275,A_23_0,G_46_0,WSt
275,U_25_0,A_45_0,WCc
275,U_25_0,C_53_0,HWc
275,C_26_0,G_44_0,WCc
275,C_27_0,G_43_0,WCc
275,U_28_0,G_42_0,GUc
275,A_29_0,U_41_0,WCc
275,A_30_0,U_40_0,WCc
275,U_31_0,U_39_0,WWc
275,U_31_0,U_40_0,SWc
275,A_33_0,G_37_0,SSc
275,A_33_0,G_38_0,XXX
275,A_33_0,A_66_0,WHt
275,U_34_0,A_35_0,SHc
275,U_34_0,G_37_0,SSt
275,U_34_0,A_65_0,WHt
275,G_37_0,C_60_0,WWc
275,G_37_0,C_61_0,WCc
275,G_38_0,C_60_0,WCc
275,G_38_0,A_66_0,SWt
275,G_46_0,C_53_0,WWc
275,C_50_0,U_75_0,WSc
275,A_52_0,A_73_0,XXX
275,A_52_0,U_74_0,XXX
275,C_54_0,G_72_0,WCc
275,A_55_0,U_71_0,WCc
275,A_56_0,U_70_0,WCc
275,A_56_0,U_71_0,XXX
275,G_57_0,C_69_0,WCc
275,A_58_0,U_68_0,WWc
275,G_59_0,C_67_0,WCc
275,C_61_0,A_65_0,SWc
276,C_13_0,G_83_0,WCc
276,G_14_0,G_81_0,XXX
276,G_14_0,U_82_0,GUc
276,C_15_0,G_81_0,WWc
276,U_16_0,A_80_0,WCc
276,U_17_0,A_79_0,WCc
276,C_18_0,G_78_0,WCc
276,A_19_0,U_77_0,WCc
276,U_20_0,A_76_0,WCc
276,A_21_0,U_51_0,XXX
276,A_21_0,U_75_0,WCc
276,U_22_0,A_52_0,WWc
276,U_22_0,C_53_0,WWc
276,A_23_0,G_46_0,WSt
276,A_23_0,C_53_0,XXX
276,U_25_0,A_45_0,WCc
276,C_26_0,G_44_0,WCc
276,C_27_0,G_43_0,WCc
276,U_28_0,G_42_0,GUc
276,A_29_0,U_41_0,WCc
276,A_30_0,U_40_0,WCc
276,U_31_0,U_39_0,WWc
276,A_33_0,A_66_0,WHt
276,U_34_0,G_37_0,SSt
276,U_34_0,A_65_0,WHt
276,G_37_0,C_60_0,WWc
276,G_37_0,C_61_0,WCc
276,G_38_0,C_60_0,WCc
276,G_38_0,A_66_0,SWt
276,G_46_0,C_53_0,WWc
276,C_50_0,U_75_0,SSc
276,U_51_0,U_74_0,WWc
276,A_52_0,A_73_0,XXX
276,A_52_0,U_74_0,XXX
276,C_54_0,G_72_0,WCc
276,A_55_0,U_71_0,WCc
276,A_56_0,U_70_0,WCc
276,G_57_0,C_69_0,WCc
276,A_58_0,U_68_0,WWc
276,G_59_0,C_67_0,WCc
276,C_61_0,A_65_0,SWc
277,C_13_0,G_83_0,WCc
277,G_14_0,U_82_0,GUc
277,C_15_0,A_80_0,XXX
277,C_15_0,G_81_0,WCc
277,U_16_0,A_80_0,WCc
277,U_17_0,A_79_0,WCc
277,C_18_0,G_78_0,WCc
277,A_19_0,U_77_0,WCc
277,U_20_0,A_76_0,WCc
277,A_21_0,U_49_0,XXX
277,A_21_0,U_75_0,WWc
277,U_22_0,U_47_0,HSc
277,U_22_0,A_52_0,WWc
277,U_22_0,C_53_0,WWc
277,A_23_0,G_46_0,WSt
277,A_23_0,C_53_0,XXX
277,U_25_0,A_45_0,WCc
277,U_25_0,C_53_0,HWc
277,C_26_0,G_44_0,WCc
277,C_27_0,G_43_0,WCc
277,U_28_0,G_42_0,GUc
277,A_29_0,U_41_0,WCc
277,A_30_0,U_40_0,WCc
277,U_31_0,U_39_0,WWc
277,A_33_0,G_38_0,XXX
277,A_33_0,A_66_0,WHt
277,U_34_0,A_35_0,SHc
277,U_34_0,G_37_0,SSt
277,U_34_0,A_65_0,WHt
277,G_37_0,C_60_0,WWc
277,G_37_0,C_61_0,WWc
277,G_37_0,A_66_0,XXX
277,G_38_0,G_59_0,WHt
277,G_38_0,C_60_0,WCc
277,G_38_0,A_66_0,SWt
277,G_46_0,C_53_0,WWc
277,U_47_0,U_51_0,XXX
277,U_49_0,U_75_0,WSc
277,C_50_0,U_75_0,XXX
277,U_51_0,U_75_0,XXX
277,A_52_0,A_73_0,XXX
277,A_52_0,U_74_0,XXX
277,C_54_0,G_72_0,WCc
277,A_55_0,U_71_0,WCc
277,A_56_0,U_70_0,WCc
277,G_57_0,C_69_0,WCc
277,A_58_0,U_68_0,WWc
277,G_59_0,C_67_0,WCc
277,C_60_0,A_66_0,XXX
277,C_61_0,A_65_0,SWc
278,C_13_0,G_83_0,WCc
278,G_14_0,U_82_0,GUc
278,C_15_0,G_81_0,WCc
278,U_16_0,A_80_0,WCc
278,U_17_0,A_79_0,WCc
278,C_18_0,G_78_0,WCc
278,A_19_0,U_77_0,WCc
278,U_20_0,A_76_0,WCc
278,A_21_0,U_75_0,WCc
278,U_22_0,A_52_0,WCc
278,U_22_0,C_53_0,XXX
278,A_23_0,G_46_0,WSt
278,A_23_0,C_53_0,XXX
278,U_25_0,A_45_0,WCc
278,C_26_0,G_44_0,WCc
278,C_27_0,G_43_0,WWc
278,U_28_0,G_42_0,GUc
278,A_29_0,U_41_0,WCc
278,A_30_0,U_40_0,WCc
278,U_31_0,U_39_0,WWc
278,A_33_0,A_66_0,WHt
278,U_34_0,G_37_0,SSt
278,U_34_0,A_65_0,WHt
278,G_37_0,C_60_0,WWc
278,G_37_0,C_61_0,WWc
278,G_37_0,A_66_0,XXX
278,G_38_0,G_59_0,WHc
278,G_38_0,C_60_0,WCc
278,G_38_0,A_66_0,SWt
278,G_46_0,C_53_0,WWc
278,C_50_0,U_75_0,WSc
278,U_51_0,U_74_0,SWc
278,C_54_0,G_72_0,WCc
278,A_55_0,U_71_0,WCc
278,A_56_0,U_70_0,WCc
278,G_57_0,C_69_0,WCc
278,A_58_0,U_68_0,WWc
278,G_59_0,C_67_0,WWc
278,C_60_0,A_66_0,XXX
278,C_61_0,A_65_0,SWc
279,C_13_0,G_83_0,WCc
279,G_14_0,U_82_0,GUc
279,C_15_0,G_81_0,WCc
279,U_16_0,A_80_0,WCc
279,U_17_0,A_79_0,WCc
279,C_18_0,G_78_0,WCc
279,A_19_0,U_77_0,WCc
279,U_20_0,A_76_0,WCc
279,A_21_0,U_75_0,WWc
279,U_22_0,C_53_0,XXX
279,A_23_0,G_46_0,WSc
279,A_23_0,C_53_0,XXX
279,U_25_0,A_45_0,WCc
279,U_25_0,C_53_0,HWc
279,C_26_0,G_44_0,WCc
279,C_27_0,G_43_0,WCc
279,U_28_0,G_42_0,GUc
279,A_29_0,U_41_0,WCc
279,A_30_0,U_40_0,WCc
279,U_31_0,U_39_0,WWc
279,A_33_0,G_37_0,SSc
279,A_33_0,A_66_0,WHt
279,U_34_0,G_37_0,SSt
279,U_34_0,A_65_0,WHt
279,G_37_0,C_60_0,XXX
279,G_37_0,C_61_0,WCc
279,G_38_0,C_60_0,WCc
279,G_38_0,A_66_0,SWt
279,G_46_0,C_53_0,XXX
279,C_50_0,U_75_0,WSc
279,U_51_0,U_74_0,WWc
279,A_52_0,A_73_0,XXX
279,A_52_0,U_74_0,XXX
279,C_54_0,G_72_0,WCc
279,A_55_0,U_71_0,WCc
279,A_56_0,U_70_0,WCc
279,G_57_0,C_69_0,WCc
279,A_58_0,U_68_0,WWc
279,G_59_0,A_66_0,XXX
279,G_59_0,C_67_0,WWc
279,C_61_0,A_65_0,XXX
280,C_13_0,G_83_0,WCc
280,G_14_0,U_82_0,GUc
280,C_15_0,G_81_0,WCc
280,U_16_0,A_80_0,WCc
280,U_17_0,A_79_0,WCc
280,C_18_0,G_78_0,WCc
280,A_19_0,U_77_0,WWc
280,U_20_0,A_76_0,WCc
280,A_21_0,U_75_0,WWc
280,A_23_0,G_46_0,WSt
280,A_23_0,C_53_0,XXX
280,U_25_0,A_45_0,WCc
280,C_26_0,G_44_0,WCc
280,C_27_0,G_43_0,WCc
280,U_28_0,G_42_0,GUc
280,A_29_0,U_41_0,WCc
280,A_30_0,U_40_0,WCc
280,U_31_0,U_39_0,WWc
280,A_33_0,G_37_0,SSc
280,A_33_0,A_66_0,WHt
280,U_34_0,G_37_0,SSt
280,U_34_0,A_65_0,WHt
280,G_37_0,C_61_0,WWc
280,G_38_0,C_60_0,WCc
280,G_38_0,A_66_0,SWt
280,G_46_0,C_53_0,WWc
280,U_49_0,U_75_0,WSc
280,C_50_0,U_75_0,WSc
280,A_52_0,A_73_0,SWc
280,A_52_0,U_74_0,SWc
280,C_54_0,G_72_0,WCc
280,A_55_0,U_71_0,WCc
280,A_56_0,U_70_0,WWc
280,G_57_0,C_69_0,WCc
280,A_58_0,U_68_0,WWc
280,G_59_0,C_67_0,WCc
280,C_61_0,A_65_0,SWc
281,C_13_0,G_83_0,WCc
281,G_14_0,U_82_0,GUc
281,C_15_0,G_81_0,WCc
281,U_16_0,A_80_0,WCc
281,U_17_0,A_79_0,WCc
281,C_18_0,G_78_0,WCc
281,A_19_0,U_77_0,WCc
281,U_20_0,A_76_0,WCc
281,U_20_0,U_77_0,XXX
281,A_21_0,U_75_0,WCc
281,U_22_0,A_52_0,WWc
281,U_22_0,C_53_0,WWc
281,A_23_0,G_46_0,WSt
281,A_23_0,C_53_0,XXX
281,U_25_0,A_45_0,WCc
281,U_25_0,C_53_0,HWc
281,C_26_0,G_44_0,WCc
281,C_27_0,G_43_0,WCc
281,U_28_0,G_42_0,WWc
281,A_29_0,U_41_0,WCc
281,A_30_0,U_40_0,WCc
281,U_31_0,U_39_0,WWc
281,A_33_0,A_66_0,WHt
281,U_34_0,G_37_0,SSt
281,U_34_0,A_65_0,WHt
281,A_35_0,U_62_0,XXX
281,G_37_0,C_60_0,WWc
281,G_37_0,C_61_0,WCc
281,G_38_0,G_59_0,WHc
281,G_38_0,C_60_0,WCc
281,G_38_0,A_66_0,SWt
281,G_46_0,C_53_0,WWc
281,C_50_0,U_51_0,SHc
281,A_52_0,A_73_0,XXX
281,C_54_0,G_72_0,WCc
281,A_55_0,U_71_0,WCc
281,A_56_0,U_70_0,WCc
281,G_57_0,C_69_0,WCc
281,A_58_0,U_68_0,WWc
281,G_59_0,C_67_0,WCc
281,C_61_0,A_65_0,XXX
281,A_66_0,C_67_0,XXX
282,C_13_0,G_14_0,WHc
282,C_13_0,G_83_0,WCc
282,G_14_0,G_81_0,XXX
282,G_14_0,U_82_0,GUc
282,C_15_0,G_81_0,WCc
282,U_16_0,A_80_0,WCc
282,U_17_0,A_79_0,WCc
282,C_18_0,G_78_0,WCc
282,A_19_0,U_77_0,WCc
282,U_20_0,A_76_0,WCc
282,A_21_0,U_75_0,WCc
282,U_22_0,C_53_0,WWc
282,U_22_0,A_73_0,XXX
282,A_23_0,G_46_0,WSt
282,U_25_0,A_45_0,WCc
282,C_26_0,G_44_0,WCc
282,C_27_0,G_43_0,WCc
282,U_28_0,G_42_0,GUc
282,A_29_0,U_41_0,WCc
282,A_30_0,U_40_0,WCc
282,U_31_0,U_39_0,WWc
282,U_31_0,U_40_0,WWc
282,A_33_0,G_37_0,SSc
282,A_33_0,G_38_0,XXX
282,A_33_0,A_66_0,WHt
282,U_34_0,G_37_0,SSt
282,U_34_0,A_65_0,WHt
282,A_35_0,U_62_0,XXX
282,G_37_0,C_60_0,WWc
282,G_38_0,C_60_0,WCc
282,G_38_0,C_61_0,XXX
282,G_38_0,A_66_0,SWt
282,G_46_0,C_53_0,WWc
282,C_50_0,U_75_0,XXX
282,A_52_0,A_73_0,XXX
282,A_52_0,U_74_0,XXX
282,C_54_0,G_72_0,WCc
282,A_55_0,U_71_0,WCc
282,A_56_0,U_70_0,WCc
282,G_57_0,C_69_0,WCc
282,A_58_0,U_68_0,WWc
282,G_59_0,C_67_0,WCc
282,C_60_0,A_66_0,XXX
282,C_61_0,A_65_0,XXX
283,C_13_0,G_83_0,WCc
283,G_14_0,U_82_0,GUc
283,C_15_0,G_81_0,WCc
283,U_16_0,A_80_0,WCc
283,U_17_0,A_79_0,WWc
283,C_18_0,G_78_0,WCc
283,A_19_0,U_77_0,WCc
283,U_20_0,A_76_0,WCc
283,A_21_0,U_75_0,WCc
283,U_22_0,U_47_0,XXX
283,U_22_0,C_53_0,WWc
283,A_23_0,G_46_0,WSt
283,A_23_0,C_53_0,XXX
283,U_25_0,A_45_0,WCc
283,C_26_0,G_44_0,WCc
283,C_27_0,G_43_0,WCc
283,U_28_0,G_42_0,GUc
283,A_29_0,U_41_0,WCc
283,A_30_0,U_40_0,WCc
283,U_31_0,U_39_0,WWc
283,A_33_0,G_37_0,SSc
283,A_33_0,G_38_0,XXX
283,A_33_0,A_66_0,WHt
283,U_34_0,G_37_0,SSt
283,U_34_0,A_65_0,WHt
283,A_35_0,U_62_0,XXX
283,G_37_0,C_60_0,WWc
283,G_37_0,C_61_0,WWc
283,G_37_0,A_66_0,XXX
283,G_38_0,G_59_0,WHc
283,G_38_0,C_60_0,WCc
283,G_38_0,A_66_0,SWt
283,G_46_0,C_53_0,WWc
283,C_50_0,U_75_0,WSc
283,U_51_0,U_74_0,WWc
283,A_52_0,A_73_0,XXX
283,A_52_0,U_74_0,XXX
283,C_54_0,G_72_0,WCc
283,A_55_0,U_71_0,WCc
283,A_56_0,U_70_0,WCc
283,G_57_0,C_69_0,WCc
283,A_58_0,U_68_0,WWc
283,G_59_0,C_67_0,WCc
283,C_60_0,A_66_0,XXX
283,C_61_0,A_65_0,SWc
283,U_63_0,A_64_0,SHc
284,C_13_0,G_83_0,WWc
284,G_14_0,U_82_0,WWc
284,C_15_0,G_81_0,WCc
284,U_16_0,A_80_0,WCc
284,U_17_0,A_79_0,WWc
284,C_18_0,G_78_0,WCc
284,A_19_0,U_77_0,WCc
284,U_20_0,A_76_0,WCc
284,A_21_0,U_75_0,WCc
284,U_22_0,A_52_0,WWc
284,U_22_0,C_53_0,XXX
284,A_23_0,G_46_0,WSc
284,A_23_0,C_53_0,XXX
284,U_25_0,A_45_0,WCc
284,C_26_0,G_44_0,WCc
284,C_27_0,G_43_0,WCc
284,U_28_0,G_42_0,GUc
284,A_29_0,U_41_0,WWc
284,A_30_0,U_40_0,WCc
284,U_31_0,U_39_0,WWc
284,A_33_0,G_37_0,SSc
284,A_33_0,G_38_0,XXX
284,A_33_0,A_66_0,WHt
284,U_34_0,G_37_0,SSt
284,U_34_0,A_65_0,WHt
284,A_35_0,U_62_0,XXX
284,G_37_0,C_60_0,WWc
284,G_37_0,C_61_0,WCc
284,G_38_0,G_59_0,WHc
284,G_38_0,C_60_0,WWc
284,G_38_0,A_66_0,SWt
284,G_46_0,C_53_0,WWc
284,U_49_0,U_75_0,WSc
284,C_50_0,U_75_0,XXX
284,A_52_0,A_73_0,XXX
284,C_54_0,G_72_0,WCc
284,A_55_0,U_71_0,WCc
284,A_56_0,U_70_0,WCc
284,G_57_0,C_69_0,WCc
284,A_58_0,U_68_0,WWc
284,G_59_0,C_67_0,WWc
284,C_61_0,A_65_0,SWc
284,U_63_0,A_64_0,SHc
285,C_13_0,G_83_0,WCc
285,G_14_0,U_82_0,GUc
285,C_15_0,G_81_0,WCc
285,U_16_0,A_80_0,WCc
285,U_17_0,A_79_0,WCc
285,C_18_0,G_78_0,WCc
285,A_19_0,U_77_0,WCc
285,U_20_0,A_76_0,WCc
285,A_21_0,U_75_0,WWc
285,U_22_0,U_47_0,XXX
285,U_22_0,A_52_0,WWc
285,A_23_0,G_46_0,WSt
285,A_23_0,C_53_0,XXX
285,U_25_0,A_45_0,WCc
285,C_26_0,G_44_0,WCc
285,C_27_0,G_43_0,WCc
285,U_28_0,G_42_0,GUc
285,A_29_0,U_41_0,WCc
285,A_30_0,U_40_0,WCc
285,U_31_0,U_39_0,WWc
285,A_33_0,A_66_0,WHt
285,U_34_0,G_37_0,SSt
285,U_34_0,A_65_0,WHt
285,A_35_0,U_62_0,XXX
285,G_37_0,C_61_0,WCc
285,G_38_0,C_60_0,WCc
285,G_38_0,A_66_0,SWt
285,G_46_0,C_53_0,WWc
285,C_50_0,U_75_0,SSc
285,A_52_0,A_73_0,XXX
285,C_54_0,G_72_0,WCc
285,A_55_0,U_71_0,WWc
285,A_56_0,U_70_0,WCc
285,G_57_0,C_69_0,WCc
285,A_58_0,U_68_0,WWc
285,G_59_0,C_67_0,WCc
285,C_60_0,A_66_0,XXX
285,C_61_0,A_65_0,XXX
286,C_13_0,G_83_0,WCc
286,G_14_0,U_82_0,WWc
286,C_15_0,G_81_0,WCc
286,U_16_0,A_80_0,WCc
286,U_17_0,A_79_0,WCc
286,C_18_0,G_78_0,WCc
286,A_19_0,U_77_0,WWc
286,U_20_0,A_76_0,WCc
286,A_21_0,U_75_0,WWc
286,U_22_0,G_46_0,HSc
286,U_22_0,A_52_0,WWc
286,U_22_0,C_53_0,XXX
286,A_23_0,G_46_0,WSc
286,A_23_0,C_53_0,XXX
286,U_25_0,A_45_0,WCc
286,C_26_0,G_44_0,WCc
286,C_27_0,G_43_0,WCc
286,U_28_0,G_42_0,GUc
286,A_29_0,U_41_0,WCc
286,A_30_0,U_40_0,WCc
286,U_31_0,U_39_0,WWc
286,A_33_0,G_37_0,SSc
286,A_33_0,A_66_0,WHt
286,U_34_0,A_35_0,SHc
286,U_34_0,G_37_0,SSt
286,U_34_0,A_65_0,WHt
286,G_37_0,C_60_0,WWc
286,G_37_0,C_61_0,WCc
286,G_38_0,C_60_0,WCc
286,G_38_0,A_66_0,SWt
286,G_46_0,C_53_0,WWc
286,U_49_0,U_75_0,WSc
286,C_50_0,U_75_0,XXX
286,C_54_0,G_72_0,WWc
286,A_55_0,U_71_0,WWc
286,A_56_0,U_70_0,WCc
286,A_56_0,U_71_0,WWc
286,G_57_0,C_69_0,WCc
286,A_58_0,U_68_0,WSc
286,G_59_0,C_67_0,WCc
286,C_60_0,A_66_0,XXX
286,C_61_0,A_65_0,XXX
287,C_13_0,G_83_0,WCc
287,G_14_0,U_82_0,GUc
287,C_15_0,G_81_0,WCc
287,U_16_0,A_80_0,WCc
287,U_17_0,A_79_0,WCc
287,C_18_0,G_78_0,WCc
287,A_19_0,U_77_0,WWc
287,U_20_0,A_76_0,WCc
287,A_21_0,U_75_0,WCc
287,U_22_0,G_46_0,XXX
287,U_22_0,A_52_0,WWc
287,U_22_0,C_53_0,XXX
287,A_23_0,G_46_0,WSt
287,A_23_0,C_53_0,XXX
287,U_25_0,A_45_0,WCc
287,C_26_0,G_44_0,WCc
287,C_27_0,G_43_0,WCc
287,U_28_0,G_42_0,GUc
287,A_29_0,U_41_0,WCc
287,A_30_0,U_40_0,WWc
287,U_31_0,U_39_0,WWc
287,A_33_0,G_37_0,SSc
287,A_33_0,G_38_0,XXX
287,A_33_0,A_66_0,WHt
287,U_34_0,G_37_0,SSt
287,U_34_0,A_65_0,WHt
287,G_37_0,C_60_0,WWc
287,G_37_0,C_61_0,WCc
287,G_38_0,G_59_0,WHt
287,G_38_0,C_60_0,WCc
287,G_38_0,A_66_0,SWt
287,G_46_0,C_53_0,WWc
287,U_49_0,U_75_0,WSc
287,U_51_0,U_74_0,SWc
287,A_52_0,A_73_0,SWc
287,A_52_0,U_74_0,XXX
287,C_54_0,G_72_0,WCc
287,A_55_0,U_71_0,WCc
287,A_56_0,C_69_0,XXX
287,A_56_0,U_70_0,WCc
287,G_57_0,C_69_0,WCc
287,A_58_0,U_68_0,WWc
287,G_59_0,C_67_0,WCc
287,C_60_0,A_66_0,XXX
287,C_61_0,A_65_0,SWc
288,C_13_0,G_83_0,WCc
288,G_14_0,U_82_0,GUc
288,C_15_0,G_81_0,WCc
288,U_16_0,A_80_0,WCc
288,U_17_0,A_79_0,WCc
288,C_18_0,G_78_0,WCc
288,A_19_0,U_77_0,WWc
288,U_20_0,A_76_0,WCc
288,A_21_0,U_75_0,WCc
288,U_22_0,C_53_0,WWc
288,A_23_0,G_46_0,WSt
288,A_23_0,C_53_0,XXX
288,U_25_0,A_45_0,WCc
288,C_26_0,G_44_0,WCc
288,C_27_0,G_43_0,WCc
288,U_28_0,G_42_0,GUc
288,A_29_0,U_41_0,WCc
288,A_30_0,U_40_0,WCc
288,U_31_0,U_39_0,WWc
288,A_33_0,G_37_0,SSc
288,A_33_0,A_66_0,WHt
288,U_34_0,A_35_0,SHc
288,U_34_0,G_37_0,SSt
288,U_34_0,A_65_0,WHt
288,G_37_0,C_60_0,WWc
288,G_37_0,C_61_0,WCc
288,G_37_0,A_66_0,XXX
288,G_38_0,G_59_0,WHc
288,G_38_0,C_60_0,WCc
288,G_38_0,A_66_0,SWt
288,G_46_0,C_53_0,WWc
288,U_49_0,U_75_0,WSc
288,A_52_0,U_74_0,XXX
288,C_54_0,G_72_0,WCc
288,A_55_0,U_71_0,WCc
288,A_56_0,U_70_0,WCc
288,G_57_0,C_69_0,WCc
288,A_58_0,U_68_0,WWc
288,G_59_0,C_67_0,WCc
288,C_61_0,A_65_0,SWc
289,C_13_0,G_83_0,WCc
289,G_14_0,U_82_0,GUc
289,C_15_0,A_80_0,XXX
289,C_15_0,G_81_0,WWc
289,U_16_0,A_80_0,WCc
289,U_17_0,A_79_0,WCc
289,C_18_0,G_78_0,WCc
289,A_19_0,U_77_0,WCc
289,U_20_0,A_76_0,WCc
289,A_21_0,U_75_0,WCc
289,U_22_0,A_52_0,WWc
289,U_22_0,C_53_0,WWc
289,A_23_0,G_46_0,WSc
289,A_23_0,C_53_0,XXX
289,U_25_0,A_45_0,WCc
289,C_26_0,G_44_0,WCc
289,C_27_0,G_43_0,WCc
289,U_28_0,G_42_0,GUc
289,A_29_0,U_41_0,WCc
289,A_30_0,U_40_0,WCc
289,U_31_0,U_39_0,WWc
289,A_33_0,G_38_0,XXX
289,A_33_0,A_66_0,WHt
289,U_34_0,G_37_0,SSt
289,U_34_0,A_65_0,WHt
289,G_37_0,C_60_0,WWc
289,G_37_0,C_61_0,WCc
289,G_38_0,G_59_0,WHc
289,G_38_0,C_60_0,WCc
289,G_38_0,A_66_0,SWt
289,G_46_0,C_53_0,WWc
289,C_50_0,U_75_0,WSc
289,U_51_0,U_74_0,WWc
289,A_52_0,A_73_0,SWc
289,A_52_0,U_74_0,SWc
289,C_54_0,G_72_0,WCc
289,A_55_0,U_71_0,WCc
289,A_56_0,U_70_0,WCc
289,G_57_0,C_69_0,WCc
289,A_58_0,U_68_0,WWc
289,G_59_0,C_67_0,WCc
289,C_61_0,A_65_0,SWc
290,C_13_0,G_83_0,WCc
290,G_14_0,U_82_0,GUc
290,C_15_0,G_81_0,WWc
290,U_16_0,A_80_0,WCc
290,U_17_0,A_79_0,WCc
290,C_18_0,G_78_0,WWc
290,A_19_0,U_77_0,WCc
290,U_20_0,A_76_0,WCc
290,A_21_0,U_49_0,XXX
290,A_21_0,U_75_0,WCc
290,U_22_0,A_52_0,WWc
290,U_22_0,C_53_0,WWc
290,A_23_0,G_46_0,WSc
290,U_25_0,A_45_0,WCc
290,C_26_0,G_44_0,WCc
290,C_27_0,G_43_0,WCc
290,U_28_0,G_42_0,GUc
290,A_29_0,U_41_0,WCc
290,A_30_0,U_40_0,WCc
290,U_31_0,U_39_0,WWc
290,A_33_0,G_37_0,SSc
290,A_33_0,G_38_0,XXX
290,A_33_0,A_66_0,WHt
290,U_34_0,A_35_0,XXX
290,U_34_0,G_37_0,SSt
290,U_34_0,A_65_0,WHt
290,A_35_0,A_64_0,HHc
290,G_37_0,C_60_0,XXX
290,G_37_0,C_61_0,WCc
290,G_38_0,G_59_0,WHc
290,G_38_0,C_60_0,WWc
290,G_38_0,A_66_0,SWt
290,G_46_0,C_53_0,WWc
290,U_49_0,U_75_0,WSc
290,C_50_0,U_75_0,WSc
290,A_52_0,A_73_0,XXX
290,A_52_0,U_74_0,XXX
290,C_54_0,G_72_0,WCc
290,A_55_0,U_71_0,WCc
290,A_56_0,U_70_0,WWc
290,G_57_0,C_69_0,WCc
290,A_58_0,U_68_0,WWc
290,G_59_0,C_67_0,WCc
290,C_61_0,A_65_0,SWc
290,U_62_0,U_63_0,SHc
291,C_13_0,G_83_0,WCc
291,G_14_0,U_82_0,GUc
291,C_15_0,G_81_0,WCc
291,U_16_0,A_80_0,WCc
291,U_17_0,A_79_0,WCc
291,C_18_0,G_78_0,WCc
291,A_19_0,U_77_0,WCc
291,U_20_0,A_76_0,WCc
291,A_21_0,U_75_0,WCc
291,U_22_0,A_52_0,WCc
291,U_22_0,C_53_0,XXX
291,A_23_0,G_46_0,WSc
291,U_25_0,A_45_0,WCc
291,C_26_0,G_44_0,WCc
291,C_27_0,G_43_0,WCc
291,U_28_0,G_42_0,GUc
291,A_29_0,U_41_0,WWc
291,A_30_0,U_40_0,WCc
291,U_31_0,U_39_0,WWc
291,A_33_0,A_66_0,WHt
291,U_34_0,G_37_0,SSt
291,U_34_0,A_65_0,WHt
291,A_35_0,A_64_0,XXX
291,G_37_0,C_60_0,XXX
291,G_37_0,C_61_0,WCc
291,G_37_0,A_66_0,XXX
291,G_38_0,C_60_0,WWc
291,G_38_0,A_66_0,SWt
291,G_46_0,C_53_0,WWc
291,C_50_0,U_75_0,SSc
291,U_51_0,U_74_0,SWc
291,A_52_0,A_73_0,XXX
291,C_54_0,G_72_0,WWc
291,A_55_0,U_71_0,WCc
291,A_56_0,C_69_0,XXX
291,A_56_0,U_70_0,WCc
291,G_57_0,C_69_0,WCc
291,A_58_0,U_68_0,WWc
291,G_59_0,C_67_0,WCc
291,C_60_0,A_66_0,XXX
291,C_60_0,C_67_0,SWc
291,C_61_0,A_65_0,SWc
291,U_77_0,G_78_0,XXX
292,C_13_0,G_83_0,WCc
292,G_14_0,U_82_0,GUc
292,C_15_0,G_81_0,WCc
292,U_16_0,A_80_0,WCc
292,U_17_0,A_79_0,WCc
292,C_18_0,G_78_0,WCc
292,A_19_0,U_77_0,WWc
292,U_20_0,A_76_0,WCc
292,U_20_0,U_77_0,XXX
292,A_21_0,U_75_0,WCc
292,U_22_0,U_47_0,XXX
292,U_22_0,A_52_0,WWc
292,A_23_0,G_46_0,WSt
292,A_23_0,C_53_0,XXX
292,A_24_0,G_72_0,HWt
292,U_25_0,A_45_0,WCc
292,U_25_0,C_53_0,XXX
292,C_26_0,G_44_0,WCc
292,C_27_0,G_43_0,WCc
292,U_28_0,G_42_0,GUc
292,A_29_0,U_41_0,WWc
292,A_30_0,U_40_0,WWc
292,U_31_0,U_39_0,WWc
292,A_33_0,G_37_0,SSc
292,A_33_0,A_66_0,WHt
292,U_34_0,G_37_0,XXX
292,U_34_0,A_65_0,WHt
292,G_37_0,C_60_0,WWc
292,G_37_0,C_61_0,WWc
292,G_38_0,G_59_0,WHc
292,G_38_0,C_60_0,WCc
292,G_38_0,A_66_0,SWt
292,G_46_0,C_53_0,WWc
292,C_50_0,U_75_0,SSc
292,A_52_0,A_73_0,SWc
292,A_52_0,U_74_0,XXX
292,C_54_0,G_72_0,WCc
292,A_55_0,U_71_0,WWc
292,A_56_0,U_70_0,WCc
292,G_57_0,C_69_0,WCc
292,A_58_0,U_68_0,WWc
292,G_59_0,C_67_0,WCc
292,C_60_0,A_66_0,XXX
292,C_61_0,A_65_0,SWc
293,C_13_0,G_83_0,WCc
293,G_14_0,U_82_0,GUc
293,C_15_0,G_81_0,WCc
293,C_15_0,U_82_0,XXX
293,U_16_0,A_80_0,WWc
293,U_17_0,A_79_0,WCc
293,C_18_0,G_78_0,WCc
293,A_19_0,U_77_0,WCc
293,U_20_0,A_76_0,WCc
293,A_21_0,U_75_0,WCc
293,U_22_0,U_47_0,XXX
293,U_22_0,C_53_0,WWc
293,A_23_0,G_46_0,WSt
293,A_23_0,C_53_0,XXX
293,U_25_0,A_45_0,WCc
293,U_25_0,C_53_0,XXX
293,C_26_0,G_44_0,WCc
293,C_27_0,G_43_0,WCc
293,U_28_0,G_42_0,GUc
293,A_29_0,U_41_0,WWc
293,A_30_0,U_40_0,WCc
293,U_31_0,U_39_0,WWc
293,A_33_0,G_38_0,XXX
293,A_33_0,A_66_0,WHt
293,U_34_0,G_37_0,SSt
293,U_34_0,A_65_0,WHt
293,G_37_0,C_60_0,WWc
293,G_37_0,C_61_0,WCc
293,G_38_0,G_59_0,WHc
293,G_38_0,C_60_0,WCc
293,G_38_0,A_66_0,SWt
293,G_46_0,C_53_0,WWc
293,C_50_0,U_75_0,XXX
293,A_52_0,A_73_0,XXX
293,C_54_0,G_72_0,WWc
293,A_55_0,U_71_0,WCc
293,A_56_0,U_70_0,WCc
293,G_57_0,C_69_0,WCc
293,A_58_0,U_68_0,WWc
293,G_59_0,C_67_0,WCc
293,C_60_0,A_66_0,XXX
293,C_61_0,A_65_0,SWc
294,C_13_0,U_82_0,HWc
294,C_13_0,G_83_0,WWc
294,G_14_0,U_82_0,GUc
294,C_15_0,G_81_0,WCc
294,U_16_0,A_80_0,WCc
294,U_17_0,A_79_0,WCc
294,C_18_0,G_78_0,WCc
294,A_19_0,U_77_0,WCc
294,U_20_0,A_76_0,WCc
294,A_21_0,U_75_0,WCc
294,U_22_0,A_52_0,WCc
294,A_23_0,G_46_0,WSc
294,U_25_0,A_45_0,WCc
294,U_25_0,C_53_0,XXX
294,C_26_0,G_44_0,WCc
294,C_27_0,G_43_0,WCc
294,U_28_0,G_42_0,GUc
294,A_29_0,U_41_0,WWc
294,A_30_0,U_40_0,WCc
294,U_31_0,U_39_0,WWc
294,A_33_0,G_37_0,SSc
294,A_33_0,A_66_0,WHt
294,U_34_0,G_37_0,SSt
294,U_34_0,A_65_0,WHt
294,G_37_0,C_60_0,WWc
294,G_37_0,C_61_0,WCc
294,G_38_0,C_60_0,WCc
294,G_38_0,A_66_0,SWt
294,G_46_0,C_53_0,WWc
294,A_52_0,A_73_0,SWc
294,A_52_0,U_74_0,XXX
294,C_54_0,G_72_0,WWc
294,A_55_0,U_71_0,WCc
294,A_56_0,U_70_0,WCc
294,G_57_0,C_69_0,WCc
294,A_58_0,U_68_0,WWc
294,G_59_0,C_67_0,WCc
294,C_61_0,A_65_0,SWc
294,U_63_0,A_64_0,XXX
294,A_66_0,C_67_0,XXX
295,C_13_0,G_83_0,WCc
295,G_14_0,U_82_0,GUc
295,C_15_0,G_81_0,WCc
295,C_15_0,U_82_0,XXX
295,U_16_0,A_80_0,WCc
295,U_17_0,A_79_0,WWc
295,C_18_0,G_78_0,WCc
295,A_19_0,U_77_0,WCc
295,U_20_0,A_76_0,WCc
295,A_21_0,U_75_0,WWc
295,U_22_0,U_47_0,XXX
295,U_22_0,A_52_0,WWc
295,U_22_0,C_53_0,WWc
295,A_23_0,G_46_0,WSt
295,U_25_0,A_45_0,WCc
295,U_25_0,C_53_0,XXX
295,C_26_0,G_44_0,WCc
295,C_27_0,G_43_0,WCc
295,U_28_0,A_29_0,WHc
295,U_28_0,G_42_0,GUc
295,A_29_0,U_41_0,WWc
295,A_30_0,U_40_0,WCc
295,U_31_0,U_39_0,WWc
295,A_33_0,G_38_0,XXX
295,A_33_0,A_66_0,WHt
295,U_34_0,G_37_0,SSt
295,U_34_0,A_65_0,WHt
295,G_37_0,C_60_0,WWc
295,G_37_0,C_61_0,WCc
295,G_38_0,G_59_0,WHc
295,G_38_0,C_60_0,WCc
295,G_38_0,C_61_0,XXX
295,G_38_0,A_66_0,SWt
295,G_46_0,C_53_0,WCc
295,U_49_0,A_76_0,WSc
295,C_54_0,G_72_0,WCc
295,A_55_0,U_71_0,WCc
295,A_56_0,U_70_0,WCc
295,G_57_0,C_69_0,WCc
295,A_58_0,U_68_0,WWc
295,G_59_0,C_67_0,WCc
295,C_61_0,A_65_0,XXX
296,C_13_0,G_83_0,WCc
296,G_14_0,U_82_0,GUc
296,C_15_0,G_81_0,WCc
296,U_16_0,A_80_0,WCc
296,U_17_0,A_79_0,WWc
296,C_18_0,G_78_0,WCc
296,A_19_0,U_77_0,WCc
296,U_20_0,A_76_0,WCc
296,A_21_0,U_75_0,WCc
296,U_22_0,A_52_0,WCc
296,A_23_0,G_46_0,WSt
296,U_25_0,A_45_0,WCc
296,U_25_0,C_53_0,XXX
296,C_26_0,G_44_0,WCc
296,C_27_0,G_43_0,WCc
296,U_28_0,G_42_0,GUc
296,A_29_0,U_41_0,WWc
296,A_30_0,U_40_0,WCc
296,U_31_0,U_39_0,WWc
296,A_33_0,G_37_0,SSc
296,A_33_0,G_38_0,XXX
296,A_33_0,A_66_0,WHt
296,U_34_0,G_37_0,SSt
296,U_34_0,A_65_0,WHt
296,G_37_0,C_60_0,WWc
296,G_37_0,C_61_0,WCc
296,G_38_0,G_59_0,WHc
296,G_38_0,C_60_0,WCc
296,G_38_0,A_66_0,SWt
296,G_46_0,C_53_0,WWc
296,C_50_0,U_75_0,SSc
296,U_51_0,U_74_0,SWc
296,U_51_0,U_75_0,WSc
296,A_52_0,A_73_0,XXX
296,A_52_0,U_74_0,SWc
296,C_54_0,G_72_0,WCc
296,A_55_0,U_71_0,WCc
296,A_56_0,U_70_0,WCc
296,G_57_0,C_69_0,WCc
296,A_58_0,U_68_0,WWc
296,G_59_0,C_67_0,WCc
296,C_60_0,A_66_0,XXX
296,C_61_0,A_65_0,SWc
296,U_62_0,U_63_0,XXX
297,C_13_0,G_83_0,WCc
297,G_14_0,U_82_0,GUc
297,C_15_0,G_81_0,WWc
297,U_16_0,A_80_0,WCc
297,U_17_0,A_79_0,WCc
297,C_18_0,G_78_0,WCc
297,A_19_0,U_77_0,WCc
297,U_20_0,A_76_0,WCc
297,A_21_0,U_75_0,WCc
297,U_22_0,U_47_0,HSc
297,U_22_0,A_52_0,WCc
297,A_23_0,G_46_0,WSt
297,A_23_0,C_53_0,XXX
297,U_25_0,A_45_0,WCc
297,U_25_0,C_53_0,XXX
297,C_26_0,G_44_0,WCc
297,C_27_0,G_43_0,WCc
297,U_28_0,G_42_0,GUc
297,A_29_0,U_41_0,WWc
297,A_30_0,U_40_0,WCc
297,U_31_0,U_39_0,WWc
297,A_33_0,A_66_0,WHt
297,U_34_0,G_37_0,SSt
297,U_34_0,A_65_0,WHt
297,G_37_0,C_60_0,WWc
297,G_37_0,C_61_0,WWc
297,G_38_0,G_59_0,WHc
297,G_38_0,C_60_0,WCc
297,G_38_0,C_61_0,XXX
297,G_38_0,A_66_0,SWt
297,G_46_0,C_53_0,WWc
297,U_47_0,U_51_0,XXX
297,U_51_0,U_74_0,SWc
297,A_52_0,A_73_0,SWc
297,A_52_0,U_74_0,XXX
297,C_54_0,G_72_0,WCc
297,A_55_0,U_71_0,WCc
297,A_56_0,U_70_0,WCc
297,G_57_0,C_69_0,WCc
297,A_58_0,U_68_0,WWc
297,G_59_0,C_67_0,WCc
297,C_61_0,A_65_0,XXX
297,U_62_0,U_63_0,XXX
298,C_13_0,G_83_0,WWc
298,G_14_0,U_82_0,GUc
298,C_15_0,G_81_0,WCc
298,U_16_0,A_80_0,WCc
298,U_17_0,A_79_0,WCc
298,C_18_0,G_78_0,WCc
298,A_19_0,U_77_0,WCc
298,U_20_0,A_76_0,WCc
298,A_21_0,U_75_0,WWc
298,U_22_0,A_52_0,WCc
298,A_23_0,G_46_0,WSt
298,A_23_0,A_52_0,XXX
298,U_25_0,A_45_0,WWc
298,U_25_0,C_53_0,XXX
298,C_26_0,G_44_0,WCc
298,C_27_0,G_43_0,WCc
298,U_28_0,G_42_0,GUc
298,A_29_0,U_41_0,WWc
298,A_30_0,U_40_0,WCc
298,U_31_0,U_39_0,WWc
298,A_33_0,G_37_0,SSc
298,A_33_0,A_66_0,WHt
298,U_34_0,G_37_0,SSt
298,U_34_0,A_65_0,WHt
298,G_37_0,C_61_0,WCc
298,G_38_0,C_60_0,WCc
298,G_38_0,A_66_0,SWt
298,G_46_0,C_53_0,XXX
298,U_47_0,C_53_0,XXX
298,U_51_0,U_74_0,SWc
298,A_52_0,A_73_0,SWc
298,C_54_0,G_72_0,WCc
298,A_55_0,U_71_0,WCc
298,A_56_0,U_70_0,WCc
298,G_57_0,C_69_0,WCc
298,A_58_0,U_68_0,WWc
298,G_59_0,C_67_0,WCc
298,C_60_0,A_66_0,XXX
298,C_61_0,A_65_0,SWc
299,C_13_0,G_14_0,WHc
299,C_13_0,G_83_0,WCc
299,G_14_0,U_82_0,GUc
299,C_15_0,G_81_0,WCc
299,U_16_0,A_80_0,WCc
299,U_17_0,A_79_0,WWc
299,C_18_0,G_78_0,WCc
299,A_19_0,U_77_0,WCc
299,U_20_0,A_76_0,WCc
299,A_21_0,U_75_0,WCc
299,U_22_0,A_52_0,WCc
299,A_23_0,G_46_0,WSt
299,A_24_0,G_72_0,XXX
299,U_25_0,A_45_0,WCc
299,C_26_0,G_44_0,WCc
299,C_27_0,G_43_0,WCc
299,U_28_0,G_42_0,GUc
299,A_29_0,U_41_0,WWc
299,A_30_0,U_40_0,WCc
299,U_31_0,U_39_0,WWc
299,A_33_0,G_37_0,SSc
299,A_33_0,G_38_0,XXX
299,A_33_0,A_66_0,WHt
299,U_34_0,A_35_0,SHc
299,U_34_0,G_37_0,SSt
299,U_34_0,A_65_0,WHt
299,A_35_0,U_62_0,XXX
299,G_37_0,C_61_0,WCc
299,G_38_0,C_60_0,WCc
299,G_38_0,A_66_0,SWt
299,G_46_0,C_53_0,XXX
299,U_51_0,U_74_0,SWc
299,A_52_0,A_73_0,SWc
299,C_54_0,G_72_0,WCc
299,A_55_0,U_71_0,WCc
299,A_56_0,U_70_0,WCc
299,G_57_0,C_69_0,WCc
299,A_58_0,U_68_0,WWc
299,G_59_0,C_67_0,WCc
299,C_61_0,A_65_0,SWc
299,A_66_0,C_67_0,SHc
300,C_13_0,G_83_0,WCc
300,G_14_0,U_82_0,GUc
300,C_15_0,G_81_0,WCc
300,U_16_0,A_80_0,WCc
300,U_17_0,A_79_0,WCc
300,C_18_0,G_78_0,WCc
300,A_19_0,U_77_0,WCc
300,U_20_0,A_76_0,WWc
300,A_21_0,U_48_0,XXX
300,A_21_0,U_75_0,WCc
300,U_22_0,A_52_0,WCc
300,A_23_0,G_46_0,WSt
300,U_25_0,A_45_0,WCc
300,U_25_0,C_53_0,XXX
300,C_26_0,G_44_0,WCc
300,C_27_0,G_43_0,WCc
300,U_28_0,G_42_0,GUc
300,A_29_0,U_41_0,WWc
300,A_30_0,U_40_0,WCc
300,U_31_0,U_39_0,WWc
300,A_33_0,A_66_0,WHt
300,U_34_0,G_37_0,SSt
300,U_34_0,A_65_0,WHt
300,A_35_0,U_62_0,XXX
300,G_37_0,C_61_0,WWc
300,G_38_0,G_59_0,WHc
300,G_38_0,C_60_0,WWc
300,G_38_0,A_66_0,SWt
300,G_46_0,C_53_0,XXX
300,U_48_0,A_76_0,WSc
300,U_51_0,U_74_0,SWc
300,A_52_0,A_73_0,SWc
300,A_52_0,U_74_0,XXX
300,C_54_0,G_72_0,WCc
300,A_55_0,U_71_0,WCc
300,A_56_0,U_70_0,WCc
300,G_57_0,C_69_0,WCc
300,A_58_0,U_68_0,WWc
300,G_59_0,C_67_0,WCc
300,C_60_0,A_66_0,XXX
300,C_61_0,A_65_0,XXX
301,C_13_0,G_83_0,WWc
301,G_14_0,U_82_0,GUc
301,C_15_0,G_81_0,WCc
301,U_16_0,A_80_0,WWc
301,U_17_0,A_79_0,WCc
301,C_18_0,G_78_0,WCc
301,A_19_0,U_77_0,WWc
301,U_20_0,A_76_0,WCc
301,A_21_0,U_48_0,XXX
301,A_21_0,U_75_0,WWc
301,U_22_0,U_47_0,XXX
301,U_22_0,A_52_0,WWc
301,A_23_0,G_46_0,WSt
301,A_23_0,A_52_0,XXX
301,U_25_0,A_45_0,WCc
301,U_25_0,C_53_0,XXX
301,C_26_0,G_44_0,WCc
301,C_27_0,G_43_0,WCc
301,U_28_0,G_42_0,GUc
301,A_29_0,U_41_0,WWc
301,A_30_0,U_40_0,WCc
301,U_31_0,U_39_0,WWc
301,U_31_0,U_40_0,WWc
301,A_33_0,G_38_0,XXX
301,A_33_0,A_66_0,WHt
301,U_34_0,G_37_0,SSt
301,U_34_0,A_65_0,WHt
301,G_37_0,C_60_0,XXX
301,G_37_0,C_61_0,WCc
301,G_38_0,C_60_0,WCc
301,G_38_0,A_66_0,SWt
301,G_46_0,A_52_0,WWc
301,G_46_0,C_53_0,XXX
301,U_47_0,C_53_0,XXX
301,U_48_0,U_49_0,XXX
301,C_54_0,G_72_0,WCc
301,A_55_0,U_71_0,WCc
301,A_56_0,U_70_0,WCc
301,G_57_0,C_69_0,WCc
301,A_58_0,U_68_0,WWc
301,G_59_0,C_67_0,WCc
301,C_61_0,A_65_0,SWc
302,C_13_0,U_82_0,WWc
302,C_13_0,G_83_0,WCc
302,G_14_0,U_82_0,GUc
302,C_15_0,G_81_0,WCc
302,U_16_0,A_80_0,WCc
302,U_17_0,A_79_0,WCc
302,C_18_0,G_78_0,WCc
302,A_19_0,U_77_0,WCc
302,U_20_0,A_76_0,WCc
302,A_21_0,U_48_0,XXX
302,A_21_0,U_75_0,WCc
302,U_22_0,U_47_0,XXX
302,U_22_0,A_52_0,WCc
302,A_23_0,G_46_0,WSt
302,A_23_0,A_52_0,XXX
302,U_25_0,A_45_0,WCc
302,C_26_0,G_44_0,WCc
302,C_27_0,G_43_0,WCc
302,U_28_0,G_42_0,GUc
302,A_29_0,U_41_0,WWc
302,A_30_0,U_40_0,WCc
302,U_31_0,U_39_0,WWc
302,A_33_0,G_37_0,SSc
302,A_33_0,G_38_0,XXX
302,A_33_0,A_66_0,WHt
302,U_34_0,G_37_0,SSt
302,U_34_0,A_65_0,WHt
302,G_37_0,C_61_0,WCc
302,G_38_0,G_59_0,WHc
302,G_38_0,C_60_0,WCc
302,G_38_0,A_66_0,SWt
302,G_38_0,C_67_0,XXX
302,G_46_0,C_53_0,WWc
302,U_51_0,U_74_0,SWc
302,A_52_0,A_73_0,SWc
302,C_54_0,G_72_0,WCc
302,A_55_0,U_71_0,WCc
302,A_56_0,U_70_0,WCc
302,G_57_0,C_69_0,WCc
302,A_58_0,U_68_0,WWc
302,G_59_0,C_67_0,WCc
302,C_60_0,A_66_0,XXX
302,C_61_0,A_65_0,SWc
303,C_13_0,G_83_0,WCc
303,G_14_0,U_82_0,GUc
303,C_15_0,G_81_0,WCc
303,U_16_0,A_80_0,WCc
303,U_17_0,A_79_0,WCc
303,C_18_0,G_78_0,WCc
303,A_19_0,U_77_0,WCc
303,U_20_0,A_76_0,WCc
303,A_21_0,U_48_0,XXX
303,A_21_0,U_75_0,WCc
303,U_22_0,A_52_0,WCc
303,A_23_0,G_46_0,WSc
303,A_23_0,A_52_0,XXX
303,U_25_0,A_45_0,WCc
303,U_25_0,C_53_0,XXX
303,C_26_0,G_44_0,WCc
303,C_27_0,G_43_0,WCc
303,U_28_0,G_42_0,WWc
303,A_29_0,U_41_0,WWc
303,A_30_0,U_40_0,WWc
303,U_31_0,U_39_0,WWc
303,U_31_0,U_40_0,XXX
303,A_33_0,G_37_0,SSc
303,A_33_0,A_66_0,WHt
303,U_34_0,G_37_0,SSt
303,U_34_0,A_65_0,WHt
303,G_37_0,C_60_0,WWc
303,G_37_0,C_61_0,WWc
303,G_37_0,A_66_0,XXX
303,G_38_0,G_59_0,XXX
303,G_38_0,C_60_0,WCc
303,G_38_0,A_66_0,SWt
303,G_46_0,C_53_0,WCc
303,U_47_0,C_53_0,XXX
303,U_48_0,A_76_0,WSc
303,U_51_0,U_74_0,SWc
303,A_52_0,A_73_0,SWc
303,C_54_0,G_72_0,WWc
303,A_55_0,U_71_0,WCc
303,A_56_0,U_70_0,WCc
303,G_57_0,C_69_0,WCc
303,A_58_0,U_68_0,WWc
303,G_59_0,C_67_0,WCc
303,C_61_0,A_65_0,SWc
304,C_13_0,G_83_0,WWc
304,G_14_0,U_82_0,GUc
304,C_15_0,G_81_0,WCc
304,U_16_0,A_80_0,WCc
304,U_17_0,A_79_0,WCc
304,C_18_0,G_78_0,WCc
304,A_19_0,U_77_0,WCc
304,U_20_0,A_76_0,WCc
304,A_21_0,U_75_0,WCc
304,U_22_0,A_52_0,WWc
304,A_23_0,G_46_0,WSt
304,A_23_0,A_52_0,XXX
304,U_25_0,A_45_0,WCc
304,U_25_0,C_53_0,XXX
304,C_26_0,G_44_0,WCc
304,C_27_0,G_43_0,WCc
304,U_28_0,G_42_0,GUc
304,A_29_0,U_41_0,WWc
304,A_30_0,U_40_0,WCc
304,U_31_0,U_39_0,WWc
304,A_33_0,G_38_0,XXX
304,A_33_0,A_66_0,WHt
304,U_34_0,G_37_0,SSt
304,U_34_0,A_65_0,WHt
304,G_37_0,C_60_0,WWc
304,G_37_0,C_61_0,WCc
304,G_38_0,G_59_0,XXX
304,G_38_0,C_60_0,WCc
304,G_38_0,A_66_0,SWt
304,G_46_0,C_53_0,XXX
304,U_47_0,C_53_0,XXX
304,U_51_0,U_74_0,SWc
304,A_52_0,A_73_0,SWc
304,C_54_0,G_72_0,WCc
304,A_55_0,U_71_0,WCc
304,A_56_0,U_70_0,WCc
304,A_56_0,U_71_0,WWc
304,G_57_0,C_69_0,WCc
304,A_58_0,U_68_0,WWc
304,G_59_0,C_67_0,WCc
304,C_60_0,A_66_0,XXX
304,C_61_0,A_65_0,SWc
305,C_13_0,G_83_0,WWc
305,G_14_0,U_82_0,GUc
305,C_15_0,G_81_0,WCc
305,U_16_0,A_80_0,WCc
305,U_17_0,A_79_0,WWc
305,C_18_0,G_78_0,WCc
305,A_19_0,U_77_0,WCc
305,U_20_0,A_76_0,WCc
305,A_21_0,U_75_0,WCc
305,U_22_0,A_52_0,WCc
305,A_23_0,G_46_0,WSt
305,U_25_0,A_45_0,WCc
305,U_25_0,C_53_0,XXX
305,C_26_0,G_44_0,WCc
305,C_27_0,G_43_0,WCc
305,U_28_0,G_42_0,GUc
305,A_29_0,U_41_0,WCc
305,A_30_0,U_40_0,WCc
305,U_31_0,U_39_0,WWc
305,U_31_0,U_40_0,XXX
305,A_33_0,A_66_0,WHt
305,U_34_0,G_37_0,SSt
305,U_34_0,A_65_0,WHt
305,G_37_0,C_61_0,WCc
305,G_38_0,C_60_0,WCc
305,G_38_0,A_66_0,SWt
305,G_46_0,C_53_0,WCc
305,U_48_0,U_49_0,SHc
305,U_51_0,U_74_0,SWc
305,A_52_0,A_73_0,SWc
305,C_54_0,G_72_0,WCc
305,A_55_0,U_71_0,WWc
305,A_56_0,U_70_0,WCc
305,G_57_0,C_69_0,WCc
305,A_58_0,U_68_0,WWc
305,G_59_0,C_67_0,WCc
305,C_61_0,A_65_0,SWc
306,C_13_0,G_83_0,WCc
306,G_14_0,U_82_0,GUc
306,C_15_0,A_80_0,XXX
306,C_15_0,G_81_0,WCc
306,U_16_0,A_80_0,WCc
306,U_17_0,G_78_0,XXX
306,U_17_0,A_79_0,WCc
306,C_18_0,G_78_0,WCc
306,A_19_0,U_77_0,WCc
306,U_20_0,A_76_0,WCc
306,A_21_0,U_75_0,WCc
306,U_22_0,U_47_0,HSc
306,U_22_0,A_52_0,WWc
306,A_23_0,G_46_0,WSt
306,U_25_0,A_45_0,WCc
306,U_25_0,C_53_0,XXX
306,C_26_0,G_44_0,WCc
306,C_27_0,G_43_0,WCc
306,U_28_0,G_42_0,GUc
306,A_29_0,U_41_0,WCc
306,A_30_0,U_40_0,WCc
306,U_31_0,U_39_0,WWc
306,A_33_0,G_37_0,SSc
306,A_33_0,A_66_0,WHt
306,U_34_0,G_37_0,XXX
306,U_34_0,A_65_0,WHt
306,G_37_0,C_60_0,WWc
306,G_37_0,C_61_0,WCc
306,G_38_0,G_59_0,WHt
306,G_38_0,C_60_0,WCc
306,G_38_0,C_61_0,XXX
306,G_38_0,A_66_0,SWt
306,G_46_0,C_53_0,WWc
306,U_51_0,A_52_0,WHc
306,A_52_0,A_73_0,SWc
306,C_54_0,G_72_0,WCc
306,A_55_0,U_71_0,WCc
306,A_56_0,U_70_0,WCc
306,G_57_0,C_69_0,WCc
306,A_58_0,U_68_0,WWc
306,G_59_0,C_67_0,WCc
306,C_61_0,A_65_0,XXX
306,U_62_0,U_63_0,XXX
306,A_66_0,C_67_0,XXX
307,C_13_0,G_83_0,WCc
307,G_14_0,U_82_0,XXX
307,C_15_0,G_81_0,WCc
307,U_16_0,A_80_0,WCc
307,U_17_0,A_79_0,WCc
307,C_18_0,G_78_0,WCc
307,A_19_0,U_77_0,WWc
307,U_20_0,A_76_0,WCc
307,U_20_0,U_77_0,XXX
307,A_21_0,U_75_0,WCc
307,U_22_0,U_47_0,XXX
307,U_22_0,A_52_0,WWc
307,U_22_0,C_53_0,WWc
307,A_23_0,G_46_0,WSc
307,U_25_0,A_45_0,WCc
307,C_26_0,G_44_0,WCc
307,C_27_0,G_43_0,WCc
307,U_28_0,G_42_0,GUc
307,A_29_0,U_41_0,WCc
307,A_30_0,U_40_0,WWc
307,U_31_0,U_39_0,WWc
307,U_31_0,U_40_0,SWc
307,A_33_0,G_37_0,SSc
307,A_33_0,A_66_0,WHt
307,U_34_0,A_65_0,WHt
307,G_37_0,C_60_0,WWc
307,G_37_0,C_61_0,WCc
307,G_38_0,G_59_0,WHc
307,G_38_0,C_60_0,WCc
307,G_38_0,A_66_0,SWt
307,G_46_0,C_53_0,WCc
307,U_47_0,U_51_0,XXX
307,A_52_0,A_73_0,SWc
307,A_52_0,U_74_0,SWc
307,C_54_0,G_72_0,WCc
307,A_55_0,U_71_0,WCc
307,A_56_0,U_70_0,WCc
307,G_57_0,C_69_0,WCc
307,A_58_0,U_68_0,WWc
307,G_59_0,C_67_0,WCc
307,C_60_0,A_66_0,XXX
307,C_61_0,A_65_0,SWc
307,U_82_0,G_83_0,XXX
308,C_13_0,G_83_0,WCc
308,G_14_0,U_82_0,GUc
308,C_15_0,G_81_0,WCc
308,U_16_0,A_80_0,WCc
308,U_17_0,A_79_0,WCc
308,C_18_0,G_78_0,WCc
308,A_19_0,U_77_0,WCc
308,U_20_0,A_76_0,WCc
308,U_20_0,U_77_0,XXX
308,A_21_0,U_75_0,WCc
308,U_22_0,A_52_0,WCc
308,U_22_0,U_74_0,XXX
308,A_23_0,G_46_0,WSc
308,A_24_0,G_72_0,HWt
308,U_25_0,A_45_0,WCc
308,C_26_0,G_44_0,WCc
308,C_27_0,G_43_0,WCc
308,U_28_0,G_42_0,GUc
308,A_29_0,U_41_0,WCc
308,A_30_0,U_40_0,WCc
308,U_31_0,U_39_0,WWc
308,A_33_0,G_37_0,SSc
308,A_33_0,A_66_0,WHt
308,U_34_0,G_37_0,SSt
308,U_34_0,A_65_0,WHt
308,G_37_0,C_60_0,WWc
308,G_37_0,C_61_0,WWc
308,G_37_0,A_66_0,XXX
308,G_38_0,C_60_0,WCc
308,G_38_0,C_61_0,XXX
308,G_38_0,A_66_0,SWt
308,G_38_0,C_67_0,XXX
308,G_46_0,C_53_0,WCc
308,U_49_0,C_50_0,XXX
308,A_52_0,A_73_0,SWc
308,A_52_0,U_74_0,XXX
308,C_54_0,G_72_0,WCc
308,A_55_0,U_71_0,WCc
308,A_56_0,U_70_0,WCc
308,G_57_0,C_69_0,WCc
308,A_58_0,U_68_0,WWc
308,G_59_0,C_67_0,WCc
308,C_60_0,C_67_0,XXX
308,C_61_0,A_65_0,SWc
308,C_61_0,A_66_0,XXX
309,C_13_0,G_83_0,WCc
309,G_14_0,U_82_0,GUc
309,C_15_0,G_81_0,WCc
309,U_16_0,A_80_0,WCc
309,U_17_0,A_79_0,WCc
309,C_18_0,G_78_0,WCc
309,A_19_0,U_77_0,WCc
309,U_20_0,A_76_0,WCc
309,A_21_0,U_49_0,XXX
309,A_21_0,U_75_0,WCc
309,U_22_0,A_52_0,WCc
309,A_23_0,G_46_0,WSc
309,A_24_0,G_72_0,XXX
309,U_25_0,A_45_0,WCc
309,C_26_0,G_44_0,WCc
309,C_27_0,G_43_0,WCc
309,U_28_0,G_42_0,GUc
309,A_29_0,U_41_0,WCc
309,A_30_0,U_40_0,WCc
309,U_31_0,U_39_0,WWc
309,A_33_0,G_37_0,SSc
309,A_33_0,G_38_0,XXX
309,A_33_0,A_66_0,WHt
309,U_34_0,G_37_0,SSt
309,U_34_0,A_65_0,WHt
309,G_37_0,C_61_0,WCc
309,G_38_0,C_60_0,WWc
309,G_38_0,A_66_0,SWt
309,G_46_0,A_52_0,XXX
309,G_46_0,C_53_0,WCc
309,U_49_0,U_75_0,WSc
309,A_52_0,A_73_0,SWc
309,A_52_0,U_74_0,SWc
309,C_54_0,G_72_0,WCc
309,A_55_0,U_71_0,WCc
309,A_56_0,U_70_0,WCc
309,G_57_0,C_69_0,WCc
309,A_58_0,U_68_0,WWc
309,G_59_0,C_67_0,WCc
309,C_61_0,A_65_0,XXX
310,C_13_0,G_14_0,XXX
310,C_13_0,G_83_0,WWc
310,G_14_0,U_82_0,GUc
310,C_15_0,G_81_0,WCc
310,U_16_0,A_80_0,WCc
310,U_17_0,A_79_0,WCc
310,C_18_0,G_78_0,WCc
310,A_19_0,U_77_0,WWc
310,U_20_0,A_76_0,WWc
310,U_20_0,U_77_0,XXX
310,A_21_0,U_75_0,WCc
310,U_22_0,A_52_0,WCc
310,A_23_0,G_46_0,WSc
310,U_25_0,A_45_0,WCc
310,U_25_0,C_53_0,XXX
310,C_26_0,G_44_0,WCc
310,C_26_0,A_45_0,XXX
310,C_27_0,G_43_0,WCc
310,U_28_0,G_42_0,GUc
310,A_29_0,U_41_0,WCc
310,A_30_0,U_40_0,WCc
310,U_31_0,U_39_0,WWc
310,A_33_0,G_37_0,SSc
310,A_33_0,A_66_0,WHt
310,U_34_0,G_37_0,SSt
310,U_34_0,A_65_0,WHt
310,G_37_0,C_61_0,WCc
310,G_38_0,C_60_0,WCc
310,G_38_0,A_66_0,SWt
310,G_46_0,C_53_0,WCc
310,U_51_0,U_74_0,WWc
310,U_51_0,U_75_0,XXX
310,A_52_0,A_73_0,SWc
310,C_54_0,G_72_0,WCc
310,A_55_0,U_71_0,WCc
310,A_56_0,U_70_0,WCc
310,G_57_0,C_69_0,WCc
310,A_58_0,U_68_0,WWc
310,G_59_0,C_67_0,WCc
310,C_60_0,A_66_0,XXX
310,C_61_0,A_65_0,SWc
311,C_13_0,G_83_0,WCc
311,G_14_0,U_82_0,GUc
311,C_15_0,G_81_0,WCc
311,U_16_0,A_80_0,WCc
311,U_17_0,A_79_0,WCc
311,C_18_0,G_78_0,WCc
311,A_19_0,U_77_0,WCc
311,U_20_0,A_76_0,WCc
311,A_21_0,U_75_0,WWc
311,U_22_0,U_47_0,XXX
311,U_22_0,A_52_0,WCc
311,A_23_0,G_46_0,WSt
311,U_25_0,A_45_0,WCc
311,U_25_0,C_53_0,XXX
311,C_26_0,G_44_0,WCc
311,C_27_0,G_43_0,WCc
311,U_28_0,G_42_0,GUc
311,A_29_0,U_41_0,WCc
311,A_30_0,U_40_0,WCc
311,U_31_0,U_39_0,WWc
311,A_33_0,A_66_0,WHt
311,U_34_0,G_37_0,SSt
311,U_34_0,A_65_0,WHt
311,G_37_0,C_61_0,WCc
311,G_38_0,C_60_0,WCc
311,G_38_0,A_66_0,SWt
311,G_46_0,C_53_0,WCc
311,U_47_0,U_51_0,XXX
311,U_51_0,U_74_0,WWc
311,A_52_0,A_73_0,SWc
311,C_54_0,G_72_0,WCc
311,A_55_0,U_71_0,WCc
311,A_56_0,U_70_0,WCc
311,G_57_0,C_69_0,WCc
311,A_58_0,U_68_0,WWc
311,G_59_0,C_67_0,WCc
311,C_61_0,A_65_0,SWc
312,C_13_0,G_83_0,WWc
312,G_14_0,U_82_0,GUc
312,C_15_0,G_81_0,WCc
312,U_16_0,A_80_0,WCc
312,U_17_0,A_79_0,WCc
312,C_18_0,G_78_0,WCc
312,A_19_0,U_77_0,WCc
312,U_20_0,A_76_0,WCc
312,A_21_0,U_75_0,WCc
312,U_22_0,A_52_0,WCc
312,A_23_0,G_46_0,WSt
312,A_24_0,G_72_0,HWt
312,U_25_0,A_45_0,WCc
312,U_25_0,C_53_0,XXX
312,C_26_0,G_44_0,WCc
312,C_27_0,G_43_0,WCc
312,U_28_0,G_42_0,GUc
312,A_29_0,U_41_0,WCc
312,A_30_0,U_40_0,WCc
312,U_31_0,U_39_0,WWc
312,U_31_0,U_40_0,WWc
312,A_33_0,G_37_0,SSc
312,A_33_0,G_38_0,XXX
312,A_33_0,A_66_0,WHt
312,U_34_0,G_37_0,SSc
312,U_34_0,A_65_0,WHt
312,G_37_0,C_61_0,WCc
312,G_38_0,C_60_0,WCc
312,G_38_0,A_66_0,SWt
312,G_46_0,C_53_0,WCc
312,U_49_0,U_75_0,WSc
312,U_51_0,U_74_0,WWc
312,A_52_0,A_73_0,SWc
312,C_54_0,G_72_0,WCc
312,A_55_0,U_71_0,WCc
312,A_56_0,U_70_0,WCc
312,G_57_0,C_69_0,WCc
312,A_58_0,U_68_0,XXX
312,G_59_0,C_67_0,WCc
312,G_59_0,U_68_0,WWc
312,C_61_0,A_65_0,SWc
312,U_63_0,A_64_0,SHc
312,A_66_0,C_67_0,XXX
313,C_13_0,G_83_0,WCc
313,G_14_0,U_82_0,GUc
313,C_15_0,G_81_0,WCc
313,U_16_0,A_80_0,WCc
313,U_17_0,A_79_0,WCc
313,C_18_0,G_78_0,WWc
313,A_19_0,U_77_0,WCc
313,U_20_0,A_76_0,WCc
313,A_21_0,U_49_0,XXX
313,A_21_0,U_75_0,WCc
313,U_22_0,U_47_0,XXX
313,U_22_0,A_52_0,WCc
313,U_22_0,C_53_0,XXX
313,A_23_0,G_46_0,WSc
313,A_24_0,G_72_0,HWt
313,U_25_0,A_45_0,WCc
313,C_26_0,G_44_0,WCc
313,C_27_0,G_43_0,WCc
313,U_28_0,G_42_0,GUc
313,A_29_0,U_41_0,WCc
313,A_30_0,U_40_0,WCc
313,U_31_0,U_39_0,WWc
313,A_33_0,G_37_0,SSc
313,A_33_0,G_38_0,XXX
313,A_33_0,A_66_0,WHt
313,U_34_0,G_37_0,XXX
313,U_34_0,A_65_0,WHt
313,G_37_0,C_60_0,XXX
313,G_37_0,C_61_0,WCc
313,G_37_0,A_66_0,XXX
313,G_38_0,G_59_0,WHc
313,G_38_0,C_60_0,WCc
313,G_38_0,A_66_0,SWt
313,G_46_0,C_53_0,WCc
313,U_47_0,U_49_0,SHt
313,U_51_0,U_74_0,WWc
313,U_51_0,U_75_0,XXX
313,A_52_0,A_73_0,SWc
313,C_54_0,G_72_0,WCc
313,A_55_0,U_71_0,WCc
313,A_56_0,U_70_0,WCc
313,G_57_0,C_69_0,WCc
313,A_58_0,U_68_0,WWc
313,G_59_0,C_67_0,WCc
313,C_60_0,A_66_0,XXX
313,C_61_0,A_65_0,SWc
314,C_13_0,G_83_0,WCc
314,G_14_0,U_82_0,GUc
314,C_15_0,G_81_0,WCc
314,U_16_0,A_80_0,WWc
314,U_17_0,A_79_0,WCc
314,C_18_0,G_78_0,WCc
314,A_19_0,U_77_0,WCc
314,U_20_0,A_76_0,WCc
314,A_21_0,U_75_0,WCc
314,U_22_0,A_52_0,WCc
314,A_23_0,G_46_0,WSc
314,U_25_0,A_45_0,WCc
314,U_25_0,C_53_0,XXX
314,C_26_0,G_44_0,WCc
314,C_27_0,G_43_0,WCc
314,U_28_0,G_42_0,GUc
314,A_29_0,U_41_0,WCc
314,A_30_0,U_40_0,WCc
314,U_31_0,U_39_0,WWc
314,A_33_0,G_37_0,SSc
314,A_33_0,A_66_0,WHt
314,U_34_0,G_37_0,SSt
314,U_34_0,A_65_0,WHt
314,G_37_0,C_61_0,WCc
314,G_38_0,G_59_0,WHc
314,G_38_0,C_60_0,WWc
314,G_38_0,A_66_0,SWt
314,G_46_0,C_53_0,WCc
314,U_49_0,C_50_0,SHc
314,U_49_0,U_75_0,XXX
314,U_51_0,U_74_0,WWc
314,A_52_0,A_73_0,SWc
314,A_52_0,U_74_0,SWc
314,C_54_0,G_72_0,WCc
314,A_55_0,U_71_0,WCc
314,A_56_0,U_70_0,WCc
314,A_56_0,U_71_0,XXX
314,G_57_0,C_69_0,WCc
314,A_58_0,U_68_0,WWc
314,G_59_0,C_67_0,WCc
314,C_61_0,A_65_0,SWc
314,U_63_0,A_64_0,SHc
315,C_13_0,G_83_0,WCc
315,G_14_0,U_82_0,GUc
315,C_15_0,G_81_0,WWc
315,U_16_0,A_80_0,WCc
315,U_17_0,A_79_0,WCc
315,C_18_0,G_78_0,WCc
315,A_19_0,U_77_0,WCc
315,U_20_0,A_76_0,WCc
315,A_21_0,U_49_0,XXX
315,A_21_0,U_75_0,WCc
315,U_22_0,U_47_0,XXX
315,U_22_0,A_52_0,WCc
315,U_22_0,C_53_0,XXX
315,A_23_0,G_46_0,WSc
315,U_25_0,A_45_0,WCc
315,C_26_0,G_44_0,WCc
315,C_27_0,G_43_0,WCc
315,U_28_0,G_42_0,GUc
315,A_29_0,U_41_0,WCc
315,A_30_0,U_40_0,WCc
315,U_31_0,U_39_0,WWc
315,A_33_0,G_37_0,SSc
315,A_33_0,G_38_0,XXX
315,A_33_0,A_66_0,WHt
315,U_34_0,G_37_0,SSt
315,U_34_0,A_65_0,WHt
315,G_37_0,C_61_0,WCc
315,G_38_0,C_60_0,WCc
315,G_38_0,A_66_0,SWt
315,G_46_0,C_53_0,WCc
315,U_49_0,U_75_0,WSc
315,U_51_0,U_75_0,XXX
315,A_52_0,A_73_0,SWc
315,A_52_0,U_74_0,SWc
315,C_54_0,G_72_0,WCc
315,A_55_0,U_71_0,WCc
315,A_56_0,U_70_0,WWc
315,G_57_0,C_69_0,WCc
315,A_58_0,U_68_0,WCc
315,G_59_0,C_67_0,WCc
315,C_61_0,A_65_0,SWc
315,A_66_0,C_67_0,XXX
316,C_13_0,G_83_0,WCc
316,G_14_0,U_82_0,GUc
316,C_15_0,G_81_0,WCc
316,U_16_0,A_80_0,WCc
316,U_17_0,A_79_0,WCc
316,C_18_0,G_78_0,WCc
316,A_19_0,U_77_0,WCc
316,U_20_0,A_76_0,WCc
316,A_21_0,U_49_0,XXX
316,A_21_0,U_75_0,WCc
316,U_22_0,U_47_0,HSc
316,U_22_0,A_52_0,WWc
316,U_22_0,C_53_0,WWc
316,A_23_0,G_46_0,WSc
316,A_23_0,C_53_0,XXX
316,A_24_0,G_72_0,HWt
316,U_25_0,A_45_0,WCc
316,C_26_0,G_44_0,WCc
316,C_27_0,G_43_0,WCc
316,U_28_0,G_42_0,GUc
316,A_29_0,U_41_0,WCc
316,A_30_0,U_40_0,WCc
316,U_31_0,U_39_0,WWc
316,A_33_0,G_37_0,SSc
316,A_33_0,G_38_0,XXX
316,A_33_0,A_66_0,WHt
316,U_34_0,G_37_0,SSt
316,U_34_0,A_65_0,WHt
316,G_37_0,C_61_0,WCc
316,G_38_0,C_60_0,WCc
316,G_38_0,A_66_0,SWt
316,G_46_0,C_53_0,WWc
316,U_51_0,U_74_0,WWc
316,A_52_0,A_73_0,SWc
316,A_52_0,U_74_0,SWc
316,C_54_0,G_72_0,WCc
316,A_55_0,U_71_0,WCc
316,A_56_0,U_70_0,WCc
316,G_57_0,C_69_0,WCc
316,A_58_0,U_68_0,WWc
316,G_59_0,C_67_0,WCc
316,G_59_0,U_68_0,XXX
316,C_61_0,A_65_0,XXX
317,C_13_0,G_83_0,WCc
317,G_14_0,U_82_0,GUc
317,C_15_0,G_81_0,WCc
317,U_16_0,A_79_0,XXX
317,U_16_0,A_80_0,WCc
317,U_17_0,A_79_0,WCc
317,C_18_0,G_78_0,WCc
317,A_19_0,U_77_0,WCc
317,U_20_0,A_76_0,WWc
317,A_21_0,U_49_0,XXX
317,A_21_0,U_75_0,WCc
317,U_22_0,A_52_0,WCc
317,A_23_0,G_46_0,WSt
317,U_25_0,A_45_0,WCc
317,C_26_0,G_44_0,WCc
317,C_27_0,G_43_0,WCc
317,U_28_0,G_42_0,GUc
317,A_29_0,U_41_0,WCc
317,A_30_0,U_40_0,WCc
317,U_31_0,U_39_0,WWc
317,A_33_0,G_38_0,XXX
317,A_33_0,A_66_0,WHt
317,U_34_0,G_37_0,SSt
317,U_34_0,A_65_0,WHt
317,G_37_0,C_61_0,WCc
317,G_38_0,C_60_0,WCc
317,G_38_0,A_66_0,SWt
317,G_46_0,C_53_0,WCc
317,U_49_0,C_50_0,SHc
317,U_49_0,U_75_0,WSc
317,U_51_0,U_74_0,WWc
317,A_52_0,A_73_0,SWc
317,A_52_0,U_74_0,XXX
317,C_54_0,G_72_0,WCc
317,A_55_0,U_71_0,WCc
317,A_56_0,U_70_0,WCc
317,G_57_0,C_69_0,WCc
317,A_58_0,U_68_0,WCc
317,G_59_0,C_67_0,WCc
317,C_61_0,A_65_0,SWc
318,C_13_0,G_83_0,WCc
318,G_14_0,U_82_0,GUc
318,C_15_0,G_81_0,WCc
318,U_16_0,A_80_0,WCc
318,U_17_0,A_79_0,WCc
318,C_18_0,G_78_0,WCc
318,A_19_0,U_77_0,WCc
318,U_20_0,A_76_0,WCc
318,A_21_0,U_75_0,WCc
318,U_22_0,A_52_0,WCc
318,A_23_0,G_46_0,WSt
318,U_25_0,A_45_0,WCc
318,C_26_0,G_44_0,WCc
318,C_27_0,G_43_0,WCc
318,U_28_0,G_42_0,GUc
318,A_29_0,U_41_0,WCc
318,A_30_0,U_40_0,WCc
318,U_31_0,U_39_0,WWc
318,A_33_0,G_37_0,SSc
318,A_33_0,A_66_0,WHt
318,U_34_0,A_65_0,WHt
318,G_37_0,C_61_0,WWc
318,G_37_0,A_66_0,XXX
318,G_38_0,C_60_0,WCc
318,G_38_0,A_66_0,SWt
318,G_38_0,C_67_0,SWc
318,G_46_0,C_53_0,WCc
318,U_49_0,C_50_0,XXX
318,U_51_0,U_74_0,WWc
318,A_52_0,A_73_0,SWc
318,A_52_0,U_74_0,SWc
318,C_54_0,G_72_0,WCc
318,A_55_0,U_71_0,WCc
318,A_56_0,U_70_0,WCc
318,G_57_0,C_69_0,WCc
318,A_58_0,U_68_0,WCc
318,C_61_0,A_65_0,SWc
319,C_13_0,G_83_0,WCc
319,G_14_0,U_82_0,GUc
319,C_15_0,G_81_0,WCc
319,U_16_0,A_80_0,WCc
319,U_17_0,A_79_0,WCc
319,C_18_0,G_78_0,WCc
319,A_19_0,U_77_0,WCc
319,U_20_0,A_76_0,WCc
319,A_21_0,U_75_0,WCc
319,U_22_0,A_52_0,WCc
319,A_23_0,G_46_0,WSc
319,U_25_0,A_45_0,WWc
319,U_25_0,C_53_0,XXX
319,C_26_0,G_44_0,WCc
319,C_27_0,G_43_0,WCc
319,U_28_0,G_42_0,GUc
319,A_29_0,U_41_0,WCc
319,A_30_0,U_40_0,WCc
319,U_31_0,U_39_0,WWc
319,A_33_0,G_37_0,SSc
319,A_33_0,G_38_0,XXX
319,A_33_0,A_66_0,WHt
319,U_34_0,G_37_0,SSt
319,U_34_0,A_65_0,WHt
319,G_37_0,C_61_0,WWc
319,G_38_0,C_60_0,WCc
319,G_38_0,C_61_0,XXX
319,G_38_0,A_66_0,SWt
319,G_46_0,C_53_0,WCc
319,U_49_0,C_50_0,XXX
319,U_49_0,U_75_0,XXX
319,U_51_0,U_74_0,WWc
319,A_52_0,A_73_0,SWc
319,A_52_0,U_74_0,SWc
319,C_54_0,G_72_0,WCc
319,A_55_0,U_71_0,WCc
319,A_56_0,U_70_0,WCc
319,G_57_0,C_69_0,WCc
319,A_58_0,U_68_0,WCc
319,G_59_0,C_67_0,WCc
319,C_60_0,C_67_0,XXX
319,C_61_0,A_65_0,XXX
320,C_13_0,G_83_0,WWc
320,G_14_0,U_82_0,GUc
320,C_15_0,G_81_0,WCc
320,U_16_0,A_80_0,WCc
320,U_17_0,A_79_0,WCc
320,C_18_0,G_78_0,WCc
320,A_19_0,U_77_0,WCc
320,U_20_0,A_76_0,WCc
320,U_20_0,U_77_0,XXX
320,A_21_0,U_49_0,XXX
320,A_21_0,U_75_0,WCc
320,U_22_0,U_47_0,XXX
320,U_22_0,A_52_0,WCc
320,A_23_0,G_46_0,WSt
320,A_23_0,C_53_0,XXX
320,A_24_0,G_72_0,HWt
320,U_25_0,A_45_0,WCc
320,C_26_0,G_44_0,WCc
320,C_27_0,G_43_0,WCc
320,U_28_0,G_42_0,GUc
320,A_29_0,U_41_0,WCc
320,A_30_0,U_40_0,WCc
320,U_31_0,U_39_0,WWc
320,A_33_0,G_37_0,SSc
320,A_33_0,G_38_0,XXX
320,A_33_0,A_66_0,WHt
320,U_34_0,G_37_0,SSt
320,U_34_0,A_65_0,WHt
320,G_37_0,C_61_0,WCc
320,G_38_0,C_60_0,WCc
320,G_38_0,A_66_0,SWt
320,G_46_0,C_53_0,WCc
320,U_49_0,C_50_0,XXX
320,U_49_0,U_75_0,WSc
320,U_51_0,U_75_0,XXX
320,A_52_0,A_73_0,SWc
320,A_52_0,U_74_0,SWc
320,C_54_0,G_72_0,WCc
320,A_55_0,U_71_0,WWc
320,A_56_0,U_70_0,WCc
320,G_57_0,C_69_0,WCc
320,A_58_0,U_68_0,WCc
320,G_59_0,C_67_0,WCc
320,C_61_0,A_65_0,SWc
320,A_66_0,C_67_0,XXX
321,C_13_0,G_83_0,WCc
321,G_14_0,U_82_0,GUc
321,C_15_0,G_81_0,WCc
321,U_16_0,A_80_0,WCc
321,U_17_0,A_79_0,WCc
321,C_18_0,G_78_0,WCc
321,A_19_0,U_77_0,WCc
321,U_20_0,A_76_0,WWc
321,U_20_0,U_77_0,XXX
321,A_21_0,U_75_0,WCc
321,U_22_0,U_47_0,XXX
321,U_22_0,A_52_0,WCc
321,A_23_0,G_46_0,WSt
321,U_25_0,A_45_0,WCc
321,C_26_0,G_44_0,WCc
321,C_27_0,G_43_0,WCc
321,U_28_0,G_42_0,GUc
321,A_29_0,U_41_0,WCc
321,A_30_0,U_40_0,WWc
321,U_31_0,U_39_0,WWc
321,A_33_0,G_37_0,SSc
321,A_33_0,A_66_0,WHt
321,U_34_0,G_37_0,SSt
321,U_34_0,A_65_0,WHt
321,G_37_0,C_61_0,WCc
321,G_38_0,C_60_0,WCc
321,G_38_0,A_66_0,SWt
321,G_46_0,C_53_0,WCc
321,U_47_0,A_52_0,XXX
321,U_51_0,U_74_0,WWc
321,U_51_0,U_75_0,XXX
321,A_52_0,A_73_0,SWc
321,A_52_0,U_74_0,SWc
321,C_54_0,G_72_0,WWc
321,A_55_0,U_71_0,WCc
321,A_56_0,U_70_0,WCc
321,G_57_0,C_69_0,WCc
321,A_58_0,U_68_0,WCc
321,G_59_0,C_67_0,WCc
321,C_60_0,A_66_0,XXX
321,C_61_0,A_65_0,SWc
322,C_13_0,G_83_0,WWc
322,G_14_0,U_82_0,GUc
322,C_15_0,G_81_0,WCc
322,U_16_0,A_80_0,WCc
322,U_17_0,A_79_0,WCc
322,C_18_0,G_78_0,WCc
322,A_19_0,U_77_0,WCc
322,U_20_0,A_76_0,WCc
322,A_21_0,U_75_0,WCc
322,U_22_0,U_47_0,HSc
322,U_22_0,A_52_0,WCc
322,A_23_0,G_46_0,WSt
322,U_25_0,A_45_0,WCc
322,C_26_0,G_44_0,WCc
322,C_27_0,G_43_0,WCc
322,U_28_0,G_42_0,GUc
322,A_29_0,U_41_0,WWc
322,A_30_0,U_40_0,WCc
322,U_31_0,U_39_0,WWc
322,A_33_0,G_37_0,SSc
322,A_33_0,A_66_0,WHt
322,U_34_0,G_37_0,SSt
322,U_34_0,A_65_0,WHt
322,G_37_0,C_60_0,XXX
322,G_37_0,C_61_0,WCc
322,G_38_0,C_60_0,WCc
322,G_38_0,A_66_0,SWt
322,G_46_0,C_53_0,WCc
322,U_51_0,U_74_0,WWc
322,A_52_0,A_73_0,SWc
322,A_52_0,U_74_0,XXX
322,C_54_0,G_72_0,WCc
322,A_55_0,U_71_0,WCc
322,A_56_0,U_70_0,WCc
322,G_57_0,C_69_0,WCc
322,A_58_0,U_68_0,WCc
322,G_59_0,C_67_0,WCc
322,C_60_0,A_66_0,XXX
322,C_61_0,A_65_0,SWc
323,C_13_0,G_83_0,WCc
323,G_14_0,U_82_0,WWc
323,C_15_0,G_81_0,WCc
323,U_16_0,A_80_0,WCc
323,U_17_0,A_79_0,WWc
323,C_18_0,G_78_0,WCc
323,A_19_0,U_77_0,WCc
323,U_20_0,A_76_0,WCc
323,A_21_0,U_49_0,XXX
323,A_21_0,U_75_0,WCc
323,U_22_0,U_47_0,HSc
323,U_22_0,A_52_0,WCc
323,A_23_0,G_46_0,WSt
323,U_25_0,A_45_0,WCc
323,C_26_0,G_44_0,WCc
323,C_27_0,G_43_0,WCc
323,U_28_0,G_42_0,GUc
323,A_29_0,U_41_0,WCc
323,A_30_0,U_40_0,WCc
323,U_31_0,U_39_0,WWc
323,A_33_0,A_66_0,WHt
323,U_34_0,G_37_0,SSt
323,U_34_0,A_65_0,WHt
323,G_37_0,C_61_0,WCc
323,G_38_0,C_60_0,WCc
323,G_38_0,A_66_0,SWt
323,G_46_0,C_53_0,WCc
323,U_47_0,U_49_0,SHt
323,U_49_0,C_50_0,SHc
323,U_51_0,U_74_0,WWc
323,A_52_0,A_73_0,SWc
323,A_52_0,U_74_0,SWc
323,C_54_0,G_72_0,WCc
323,A_55_0,U_71_0,WCc
323,A_56_0,U_70_0,WCc
323,G_57_0,C_69_0,WCc
323,A_58_0,U_68_0,WCc
323,G_59_0,C_67_0,WCc
323,C_61_0,A_65_0,XXX
323,A_66_0,C_67_0,XXX
324,C_13_0,G_83_0,WWc
324,G_14_0,U_82_0,GUc
324,C_15_0,G_81_0,WCc
324,U_16_0,A_80_0,WCc
324,U_17_0,A_79_0,WCc
324,C_18_0,G_78_0,WCc
324,A_19_0,U_77_0,WCc
324,U_20_0,A_76_0,WCc
324,A_21_0,U_49_0,XXX
324,A_21_0,U_75_0,WCc
324,U_22_0,U_47_0,HSc
324,U_22_0,A_52_0,WCc
324,A_23_0,G_46_0,WSt
324,U_25_0,A_45_0,WCc
324,C_26_0,G_44_0,WCc
324,C_27_0,G_43_0,WCc
324,U_28_0,G_42_0,GUc
324,A_29_0,U_41_0,WCc
324,A_30_0,U_40_0,WCc
324,U_31_0,U_39_0,WWc
324,U_31_0,U_40_0,XXX
324,A_33_0,G_38_0,XXX
324,A_33_0,A_66_0,WHt
324,U_34_0,G_37_0,SSt
324,U_34_0,A_65_0,WHt
324,G_37_0,C_60_0,WWc
324,G_37_0,C_61_0,WWc
324,G_38_0,G_59_0,WWc
324,G_38_0,C_60_0,WCc
324,G_38_0,A_66_0,SWt
324,G_46_0,C_53_0,WCc
324,U_47_0,A_52_0,XXX
324,U_49_0,C_50_0,SHc
324,U_51_0,U_75_0,XXX
324,A_52_0,A_73_0,SWc
324,A_52_0,U_74_0,SWc
324,C_54_0,G_72_0,WCc
324,A_55_0,U_71_0,WCc
324,A_56_0,U_70_0,WCc
324,G_57_0,C_69_0,WCc
324,A_58_0,U_68_0,WCc
324,G_59_0,C_67_0,WWc
324,C_60_0,A_66_0,XXX
324,C_61_0,A_65_0,XXX
325,C_13_0,G_83_0,WCc
325,G_14_0,U_82_0,GUc
325,C_15_0,G_81_0,WCc
325,U_16_0,A_80_0,WCc
325,U_17_0,A_79_0,WCc
325,C_18_0,G_78_0,WCc
325,A_19_0,U_77_0,WCc
325,U_20_0,A_76_0,WCc
325,A_21_0,U_49_0,XXX
325,A_21_0,U_75_0,WCc
325,U_22_0,A_52_0,WCc
325,A_23_0,G_46_0,WSt
325,U_25_0,A_45_0,WCc
325,C_26_0,G_44_0,WCc
325,C_27_0,G_43_0,WCc
325,U_28_0,G_42_0,GUc
325,A_29_0,U_41_0,WCc
325,A_30_0,U_40_0,WCc
325,U_31_0,U_39_0,WWc
325,A_33_0,G_37_0,SSc
325,A_33_0,A_66_0,WHt
325,U_34_0,G_37_0,SSt
325,U_34_0,A_65_0,WHt
325,G_37_0,C_61_0,WCc
325,G_38_0,G_59_0,XXX
325,G_38_0,C_60_0,WCc
325,G_38_0,A_66_0,SWt
325,G_46_0,C_53_0,WWc
325,U_47_0,U_49_0,SHt
325,U_49_0,U_75_0,XXX
325,U_51_0,U_74_0,WWc
325,A_52_0,A_73_0,SWc
325,C_54_0,A_55_0,WHc
325,C_54_0,G_72_0,WWc
325,A_55_0,U_71_0,WWc
325,A_56_0,U_70_0,WCc
325,G_57_0,C_69_0,WCc
325,A_58_0,U_68_0,WCc
325,G_59_0,C_67_0,WCc
325,C_61_0,A_65_0,SWc
326,C_13_0,G_83_0,WWc
326,G_14_0,U_82_0,GUc
326,C_15_0,G_81_0,WCc
326,U_16_0,A_80_0,WCc
326,U_17_0,A_79_0,WCc
326,C_18_0,G_78_0,WCc
326,A_19_0,U_77_0,WWc
326,U_20_0,A_76_0,WCc
326,A_21_0,U_75_0,WCc
326,U_22_0,A_52_0,WCc
326,A_23_0,G_46_0,WSt
326,U_25_0,A_45_0,WCc
326,U_25_0,C_53_0,XXX
326,C_26_0,G_44_0,WCc
326,C_27_0,G_43_0,WCc
326,U_28_0,G_42_0,GUc
326,A_29_0,U_41_0,WCc
326,A_30_0,U_40_0,WWc
326,U_31_0,U_39_0,WWc
326,A_33_0,G_37_0,SSc
326,A_33_0,A_66_0,WHt
326,U_34_0,G_37_0,SSt
326,U_34_0,A_65_0,WHt
326,G_37_0,C_60_0,XXX
326,G_37_0,C_61_0,WCc
326,G_38_0,C_60_0,WCc
326,G_38_0,A_66_0,SWt
326,G_46_0,C_53_0,WCc
326,U_47_0,U_49_0,SHt
326,U_51_0,U_74_0,WWc
326,A_52_0,A_73_0,SWc
326,C_54_0,A_55_0,WHc
326,C_54_0,G_72_0,WWc
326,A_55_0,U_71_0,WCc
326,A_56_0,U_70_0,WCc
326,G_57_0,C_69_0,WWc
326,A_58_0,U_68_0,WCc
326,A_58_0,C_69_0,XXX
326,G_59_0,C_67_0,WCc
326,C_61_0,A_65_0,SWc
327,C_13_0,G_83_0,WCc
327,G_14_0,U_82_0,GUc
327,C_15_0,G_81_0,WCc
327,C_15_0,U_82_0,XXX
327,U_16_0,A_80_0,WCc
327,U_17_0,A_79_0,WCc
327,C_18_0,G_78_0,WWc
327,A_19_0,U_77_0,WCc
327,U_20_0,A_76_0,WWc
327,A_21_0,U_75_0,WCc
327,U_22_0,U_47_0,XXX
327,U_22_0,A_52_0,WCc
327,A_23_0,G_46_0,WSc
327,A_23_0,C_53_0,XXX
327,U_25_0,A_45_0,WCc
327,U_25_0,C_53_0,HSc
327,C_26_0,G_44_0,WWc
327,C_26_0,A_45_0,XXX
327,C_27_0,G_43_0,WWc
327,U_28_0,G_42_0,GUc
327,A_29_0,U_41_0,WCc
327,A_30_0,U_40_0,WCc
327,U_31_0,U_39_0,WWc
327,A_33_0,G_37_0,SSc
327,A_33_0,G_38_0,XXX
327,A_33_0,A_66_0,WHt
327,U_34_0,G_37_0,SSt
327,U_34_0,A_65_0,WHt
327,G_37_0,C_60_0,WWc
327,G_37_0,C_61_0,WCc
327,G_37_0,A_65_0,XXX
327,G_38_0,G_59_0,XXX
327,G_38_0,C_60_0,WCc
327,G_38_0,A_66_0,SWt
327,G_46_0,C_53_0,WCc
327,U_51_0,U_74_0,WWc
327,A_52_0,A_73_0,SWc
327,A_52_0,U_74_0,SWc
327,C_54_0,A_55_0,XXX
327,A_55_0,U_71_0,WCc
327,A_56_0,U_70_0,WCc
327,G_57_0,C_69_0,WCc
327,A_58_0,U_68_0,WCc
327,G_59_0,C_67_0,WCc
327,C_61_0,A_65_0,SWc
328,C_13_0,G_83_0,WCc
328,G_14_0,U_82_0,GUc
328,C_15_0,G_81_0,WCc
328,C_15_0,U_82_0,XXX
328,U_16_0,A_80_0,WCc
328,U_17_0,A_79_0,WCc
328,C_18_0,G_78_0,WWc
328,A_19_0,U_77_0,WWc
328,U_20_0,A_76_0,WWc
328,U_20_0,U_77_0,XXX
328,A_21_0,U_49_0,XXX
328,A_21_0,U_75_0,WCc
328,U_22_0,A_52_0,WCc
328,U_22_0,C_53_0,XXX
328,A_23_0,G_46_0,WSt
328,U_25_0,A_45_0,WCc
328,U_25_0,C_53_0,XXX
328,C_26_0,G_44_0,WCc
328,C_27_0,G_43_0,WCc
328,U_28_0,G_42_0,GUc
328,A_29_0,U_41_0,WCc
328,A_30_0,U_40_0,WCc
328,U_31_0,U_39_0,WWc
328,A_33_0,G_37_0,SSc
328,A_33_0,A_66_0,WHt
328,U_34_0,A_65_0,WHt
328,G_37_0,C_61_0,WCc
328,G_37_0,A_66_0,XXX
328,G_38_0,C_60_0,WCc
328,G_38_0,C_61_0,WWc
328,G_38_0,A_66_0,SWt
328,G_46_0,C_53_0,WCc
328,U_47_0,U_51_0,XXX
328,U_49_0,U_75_0,WSc
328,U_51_0,U_74_0,WWc
328,A_52_0,A_73_0,SWc
328,C_54_0,G_72_0,WWc
328,A_55_0,U_71_0,WCc
328,A_56_0,U_70_0,WCc
328,G_57_0,C_69_0,WCc
328,A_58_0,U_68_0,WCc
328,G_59_0,C_67_0,WCc
328,C_61_0,A_65_0,SWc
329,C_13_0,G_83_0,WCc
329,G_14_0,U_82_0,GUc
329,C_15_0,G_81_0,WCc
329,U_16_0,A_80_0,WCc
329,U_17_0,A_79_0,WCc
329,C_18_0,G_78_0,WCc
329,A_19_0,U_77_0,WCc
329,U_20_0,A_76_0,WCc
329,A_21_0,U_49_0,XXX
329,A_21_0,U_75_0,WCc
329,U_22_0,A_52_0,WCc
329,A_23_0,G_46_0,WSc
329,U_25_0,A_45_0,WCc
329,C_26_0,G_44_0,WCc
329,C_27_0,G_43_0,WCc
329,U_28_0,G_42_0,GUc
329,A_29_0,U_41_0,WCc
329,A_30_0,U_40_0,WCc
329,U_31_0,U_39_0,WWc
329,A_33_0,G_37_0,SSc
329,A_33_0,A_66_0,WHt
329,U_34_0,A_65_0,WHt
329,G_37_0,C_60_0,WWc
329,G_37_0,C_61_0,WCc
329,G_38_0,C_60_0,WCc
329,G_38_0,A_66_0,SWt
329,G_46_0,C_53_0,WCc
329,U_49_0,U_75_0,WSc
329,U_51_0,U_74_0,WWc
329,A_52_0,A_73_0,SWc
329,C_54_0,G_72_0,WCc
329,A_55_0,U_71_0,WCc
329,A_56_0,U_70_0,WCc
329,G_57_0,C_69_0,WCc
329,A_58_0,U_68_0,WCc
329,G_59_0,C_67_0,WCc
329,C_60_0,A_66_0,XXX
329,C_61_0,A_65_0,SWc
329,U_63_0,A_64_0,XXX
330,C_13_0,G_83_0,WCc
330,G_14_0,U_82_0,GUc
330,C_15_0,G_81_0,WCc
330,U_16_0,A_80_0,WCc
330,U_17_0,A_79_0,WCc
330,U_17_0,A_80_0,WWc
330,C_18_0,G_78_0,WCc
330,A_19_0,U_77_0,WCc
330,U_20_0,A_76_0,WCc
330,A_21_0,U_75_0,WCc
330,U_22_0,U_47_0,XXX
330,U_22_0,A_52_0,WCc
330,U_22_0,U_74_0,XXX
330,A_23_0,G_46_0,WSt
330,U_25_0,A_45_0,WCc
330,U_25_0,C_53_0,XXX
330,C_26_0,G_44_0,WCc
330,C_27_0,G_43_0,WCc
330,U_28_0,G_42_0,GUc
330,A_29_0,U_41_0,WCc
330,A_30_0,U_40_0,WCc
330,U_31_0,U_39_0,WWc
330,A_33_0,G_37_0,SSc
330,A_33_0,G_38_0,XXX
330,A_33_0,A_66_0,WHt
330,U_34_0,G_37_0,SSt
330,U_34_0,A_65_0,WHt
330,G_37_0,C_61_0,WCc
330,G_38_0,C_60_0,WCc
330,G_38_0,A_66_0,SWt
330,G_46_0,C_53_0,WCc
330,U_49_0,U_75_0,WSc
330,U_51_0,U_74_0,WWc
330,A_52_0,A_73_0,SWc
330,C_54_0,A_55_0,XXX
330,C_54_0,G_72_0,WCc
330,A_55_0,U_71_0,WCc
330,A_56_0,U_70_0,WCc
330,G_57_0,C_69_0,WCc
330,A_58_0,U_68_0,WCc
330,G_59_0,C_67_0,WWc
330,C_61_0,A_65_0,SWc
330,U_63_0,A_64_0,SHc
331,C_13_0,G_83_0,WCc
331,G_14_0,U_82_0,GUc
331,C_15_0,G_81_0,WCc
331,U_16_0,A_80_0,WCc
331,U_17_0,A_79_0,WCc
331,C_18_0,G_78_0,WCc
331,A_19_0,U_77_0,WCc
331,U_20_0,A_76_0,WCc
331,U_20_0,U_77_0,XXX
331,A_21_0,U_75_0,WCc
331,U_22_0,A_52_0,WCc
331,A_23_0,G_46_0,WSt
331,U_25_0,A_45_0,WCc
331,C_26_0,G_44_0,WCc
331,C_27_0,G_43_0,WCc
331,U_28_0,G_42_0,GUc
331,A_29_0,U_41_0,WCc
331,A_30_0,U_40_0,WCc
331,U_31_0,U_39_0,WWc
331,G_32_0,A_66_0,XXX
331,A_33_0,G_37_0,SSc
331,A_33_0,A_66_0,WHt
331,U_34_0,G_37_0,XXX
331,U_34_0,A_65_0,WHt
331,G_37_0,C_61_0,WCc
331,G_38_0,C_60_0,WCc
331,G_38_0,A_66_0,SWt
331,G_46_0,C_53_0,WCc
331,U_47_0,U_49_0,XXX
331,U_49_0,U_75_0,WSc
331,U_51_0,U_74_0,WWc
331,A_52_0,A_73_0,SWc
331,C_54_0,G_72_0,WCc
331,A_55_0,U_71_0,WCc
331,A_56_0,U_70_0,WCc
331,G_57_0,C_69_0,WCc
331,A_58_0,U_68_0,WCc
331,G_59_0,C_67_0,WCc
331,C_61_0,A_65_0,SWc
332,C_13_0,G_83_0,WCc
332,G_14_0,U_82_0,GUc
332,C_15_0,G_81_0,WCc
332,C_15_0,U_82_0,XXX
332,U_16_0,A_80_0,WCc
332,U_17_0,A_79_0,WCc
332,C_18_0,G_78_0,WCc
332,A_19_0,U_77_0,WCc
332,U_20_0,A_76_0,WCc
332,A_21_0,U_75_0,WCc
332,U_22_0,A_52_0,WCc
332,A_23_0,A_45_0,XXX
332,A_23_0,G_46_0,WSt
332,U_25_0,A_45_0,WCc
332,U_25_0,C_53_0,XXX
332,C_26_0,G_44_0,WCc
332,C_27_0,G_43_0,WCc
332,U_28_0,G_42_0,GUc
332,A_29_0,U_41_0,WWc
332,A_30_0,U_40_0,WCc
332,U_31_0,U_39_0,WWc
332,A_33_0,G_37_0,SSc
332,A_33_0,A_66_0,WHt
332,U_34_0,G_37_0,SSt
332,U_34_0,A_65_0,WHt
332,G_37_0,C_61_0,WCc
332,G_38_0,G_59_0,WHc
332,G_38_0,C_60_0,WCc
332,G_38_0,A_66_0,SWt
332,G_46_0,C_53_0,WCc
332,U_51_0,U_74_0,WWc
332,A_52_0,A_73_0,SWc
332,C_54_0,G_72_0,WCc
332,A_55_0,U_71_0,WCc
332,A_56_0,U_70_0,WCc
332,G_57_0,C_69_0,WWc
332,A_58_0,U_68_0,WCc
332,G_59_0,C_67_0,WWc
332,C_61_0,A_65_0,SWc
333,C_13_0,G_83_0,WWc
333,G_14_0,G_81_0,XXX
333,G_14_0,U_82_0,GUc
333,C_15_0,G_81_0,WCc
333,U_16_0,A_80_0,WWc
333,U_17_0,A_79_0,WCc
333,C_18_0,G_78_0,WCc
333,A_19_0,U_77_0,WCc
333,U_20_0,A_76_0,WCc
333,A_21_0,U_49_0,XXX
333,A_21_0,U_75_0,WCc
333,U_22_0,U_47_0,HSc
333,U_22_0,A_52_0,WCc
333,A_23_0,G_46_0,WSt
333,U_25_0,A_45_0,WCc
333,C_26_0,G_44_0,WCc
333,C_27_0,G_43_0,WCc
333,U_28_0,G_42_0,GUc
333,A_29_0,U_41_0,WWc
333,A_30_0,U_40_0,WCc
333,U_31_0,U_39_0,WWc
333,U_31_0,U_40_0,WWc
333,A_33_0,G_37_0,SSc
333,A_33_0,A_66_0,WHt
333,U_34_0,G_37_0,SSt
333,U_34_0,A_65_0,WHt
333,G_37_0,C_60_0,XXX
333,G_37_0,C_61_0,WCc
333,G_38_0,C_60_0,WCc
333,G_38_0,A_66_0,SWt
333,G_46_0,C_53_0,WCc
333,U_47_0,U_51_0,XXX
333,U_49_0,C_50_0,XXX
333,U_49_0,U_75_0,XXX
333,U_51_0,U_74_0,WWc
333,A_52_0,A_73_0,SWc
333,A_52_0,U_74_0,XXX
333,C_54_0,G_72_0,WWc
333,A_55_0,U_71_0,WCc
333,A_56_0,U_70_0,WCc
333,G_57_0,C_69_0,WCc
333,A_58_0,U_68_0,WCc
333,G_59_0,C_67_0,WCc
333,C_61_0,A_65_0,SWc
334,C_13_0,G_83_0,WCc
334,G_14_0,U_82_0,GUc
334,C_15_0,G_81_0,WCc
334,U_16_0,A_80_0,WCc
334,U_17_0,A_79_0,WCc
334,C_18_0,G_78_0,WCc
334,A_19_0,U_77_0,WWc
334,U_20_0,A_76_0,WCc
334,U_20_0,U_77_0,XXX
334,A_21_0,U_75_0,WCc
334,U_22_0,A_52_0,WCc
334,U_22_0,U_74_0,XXX
334,A_23_0,G_46_0,WSt
334,U_25_0,A_45_0,WCc
334,C_26_0,G_44_0,WCc
334,C_27_0,G_43_0,WCc
334,U_28_0,G_42_0,GUc
334,A_29_0,U_41_0,WWc
334,A_30_0,U_40_0,WCc
334,U_31_0,U_39_0,WWc
334,G_32_0,A_66_0,XXX
334,A_33_0,G_37_0,SSc
334,A_33_0,G_38_0,XXX
334,A_33_0,A_66_0,WHt
334,U_34_0,G_37_0,SSt
334,U_34_0,A_65_0,WHt
334,G_37_0,C_61_0,WCc
334,G_38_0,C_60_0,WCc
334,G_38_0,A_66_0,SWt
334,G_46_0,C_53_0,WCc
334,U_47_0,U_49_0,SHt
334,U_51_0,U_74_0,WWc
334,A_52_0,A_73_0,SWc
334,A_52_0,U_74_0,XXX
334,C_54_0,G_72_0,WCc
334,A_55_0,U_71_0,WCc
334,A_56_0,U_70_0,WCc
334,G_57_0,C_69_0,WCc
334,A_58_0,U_68_0,WCc
334,G_59_0,C_67_0,WCc
334,C_61_0,A_65_0,SWc
335,C_13_0,G_83_0,WCc
335,G_14_0,U_82_0,GUc
335,C_15_0,G_81_0,WCc
335,U_16_0,A_80_0,WCc
335,U_17_0,A_79_0,WCc
335,C_18_0,G_78_0,WCc
335,A_19_0,U_77_0,WCc
335,U_20_0,A_76_0,WCc
335,A_21_0,U_75_0,WCc
335,U_22_0,U_47_0,XXX
335,U_22_0,A_52_0,WCc
335,A_23_0,G_46_0,WSt
335,U_25_0,A_45_0,WCc
335,C_26_0,G_44_0,WCc
335,C_27_0,G_43_0,WCc
335,U_28_0,G_42_0,WWc
335,A_29_0,U_41_0,WWc
335,A_30_0,U_40_0,WWc
335,U_31_0,U_39_0,WWc
335,U_31_0,U_40_0,XXX
335,G_32_0,A_66_0,XXX
335,A_33_0,G_37_0,SSc
335,A_33_0,A_66_0,WHt
335,U_34_0,G_37_0,SSt
335,U_34_0,A_65_0,WHt
335,G_37_0,C_61_0,WCc
335,G_38_0,C_60_0,WCc
335,G_38_0,A_66_0,SWt
335,G_46_0,C_53_0,WCc
335,U_51_0,U_74_0,WWc
335,U_51_0,U_75_0,XXX
335,A_52_0,A_73_0,SWc
335,A_52_0,U_74_0,SWc
335,C_54_0,G_72_0,WCc
335,A_55_0,U_71_0,WCc
335,A_56_0,U_70_0,WCc
335,G_57_0,C_69_0,WCc
335,A_58_0,U_68_0,WCc
335,G_59_0,C_67_0,WCc
335,C_61_0,A_65_0,SWc
336,C_13_0,G_83_0,WCc
336,G_14_0,U_82_0,GUc
336,C_15_0,G_81_0,WCc
336,U_16_0,A_80_0,WCc
336,U_17_0,A_79_0,WCc
336,C_18_0,G_78_0,WCc
336,A_19_0,U_77_0,WCc
336,U_20_0,A_76_0,WCc
336,U_20_0,U_77_0,XXX
336,A_21_0,U_75_0,WCc
336,U_22_0,A_52_0,WCc
336,A_23_0,G_46_0,WSc
336,U_25_0,A_45_0,WCc
336,C_26_0,G_44_0,WCc
336,C_27_0,G_43_0,WCc
336,U_28_0,G_42_0,GUc
336,A_29_0,U_41_0,WWc
336,A_30_0,U_40_0,WCc
336,U_31_0,U_39_0,WWc
336,A_33_0,G_37_0,SSc
336,A_33_0,A_66_0,WHt
336,U_34_0,G_37_0,SSt
336,U_34_0,A_65_0,WHt
336,G_37_0,C_61_0,WCc
336,G_38_0,C_60_0,WCc
336,G_38_0,A_66_0,SWt
336,G_46_0,C_53_0,WCc
336,U_49_0,U_75_0,WSc
336,U_51_0,U_74_0,WWc
336,A_52_0,A_73_0,SWc
336,A_52_0,U_74_0,XXX
336,C_54_0,G_72_0,WCc
336,A_55_0,U_71_0,WWc
336,A_56_0,U_70_0,WCc
336,G_57_0,C_69_0,WCc
336,A_58_0,U_68_0,WCc
336,G_59_0,C_67_0,WCc
336,C_61_0,A_65_0,SWc
336,U_63_0,A_64_0,SWc
336,A_66_0,C_67_0,SHc
337,C_13_0,G_83_0,WCc
337,G_14_0,U_82_0,WWc
337,C_15_0,G_81_0,WWc
337,C_15_0,U_82_0,XXX
337,U_16_0,A_80_0,WCc
337,U_17_0,A_79_0,WCc
337,C_18_0,G_78_0,WCc
337,A_19_0,U_77_0,WCc
337,U_20_0,A_76_0,WCc
337,A_21_0,U_75_0,WCc
337,U_22_0,U_47_0,HSc
337,U_22_0,A_52_0,WCc
337,A_23_0,G_46_0,WSt
337,A_24_0,G_72_0,XXX
337,U_25_0,A_45_0,WCc
337,C_26_0,G_44_0,WCc
337,C_27_0,G_43_0,WCc
337,U_28_0,G_42_0,GUc
337,A_29_0,U_41_0,WWc
337,A_30_0,U_40_0,WCc
337,U_31_0,U_39_0,WWc
337,A_33_0,G_37_0,SSc
337,A_33_0,A_66_0,WHt
337,U_34_0,G_37_0,SSt
337,U_34_0,A_65_0,WHt
337,G_37_0,C_61_0,WCc
337,G_38_0,C_60_0,WCc
337,G_38_0,A_66_0,SWt
337,G_46_0,C_53_0,WCc
337,U_47_0,U_51_0,XXX
337,U_51_0,U_74_0,WWc
337,A_52_0,A_73_0,SWc
337,C_54_0,G_72_0,WCc
337,A_55_0,U_71_0,WCc
337,A_56_0,U_70_0,WWc
337,G_57_0,C_69_0,WCc
337,G_57_0,U_70_0,WWc
337,A_58_0,U_68_0,WCc
337,G_59_0,C_67_0,WCc
337,C_61_0,A_65_0,SWc
338,C_13_0,G_83_0,WCc
338,G_14_0,U_82_0,GUc
338,C_15_0,G_81_0,WCc
338,U_16_0,A_80_0,WCc
338,U_17_0,A_79_0,WCc
338,C_18_0,G_78_0,WCc
338,A_19_0,U_77_0,WWc
338,U_20_0,A_76_0,WCc
338,A_21_0,U_75_0,WCc
338,U_22_0,A_52_0,WCc
338,A_23_0,G_46_0,WSt
338,U_25_0,A_45_0,WCc
338,U_25_0,C_53_0,XXX
338,C_26_0,G_44_0,WCc
338,C_27_0,G_43_0,WCc
338,U_28_0,G_42_0,GUc
338,A_29_0,U_41_0,HSc
338,A_30_0,U_40_0,WCc
338,U_31_0,U_39_0,WWc
338,A_33_0,G_37_0,SSc
338,A_33_0,A_66_0,WHt
338,U_34_0,G_37_0,SSt
338,U_34_0,A_65_0,WHt
338,G_37_0,C_61_0,WCc
338,G_38_0,C_60_0,WCc
338,G_38_0,C_61_0,XXX
338,G_38_0,A_66_0,SWt
338,G_46_0,C_53_0,WWc
338,U_47_0,U_51_0,XXX
338,U_49_0,U_75_0,WSc
338,U_51_0,U_74_0,WWc
338,A_52_0,A_73_0,SWc
338,A_52_0,U_74_0,XXX
338,C_54_0,G_72_0,WCc
338,A_55_0,U_71_0,WWc
338,A_56_0,U_70_0,WCc
338,A_56_0,U_71_0,XXX
338,G_57_0,C_69_0,WCc
338,A_58_0,U_68_0,WCc
338,G_59_0,C_67_0,WCc
338,C_61_0,A_65_0,SWc
339,C_13_0,G_83_0,WCc
339,G_14_0,U_82_0,GUc
339,C_15_0,G_81_0,WCc
339,U_16_0,A_80_0,WCc
339,U_17_0,A_79_0,WCc
339,C_18_0,G_78_0,WCc
339,A_19_0,U_77_0,WCc
339,U_20_0,A_76_0,WCc
339,A_21_0,U_49_0,XXX
339,A_21_0,U_75_0,WWc
339,U_22_0,A_52_0,WCc
339,A_23_0,G_46_0,WSt
339,A_24_0,G_72_0,HWt
339,U_25_0,A_45_0,WCc
339,U_25_0,C_53_0,XXX
339,C_26_0,G_44_0,WCc
339,C_27_0,G_43_0,WCc
339,U_28_0,G_42_0,GUc
339,A_29_0,U_41_0,WWc
339,A_30_0,U_40_0,WCc
339,U_31_0,U_39_0,WWc
339,A_33_0,G_37_0,SSc
339,A_33_0,A_66_0,WHt
339,U_34_0,A_65_0,WHt
339,G_37_0,C_61_0,WCc
339,G_37_0,A_66_0,XXX
339,G_38_0,G_59_0,XXX
339,G_38_0,C_60_0,WCc
339,G_38_0,C_61_0,XXX
339,G_38_0,A_66_0,XXX
339,G_46_0,C_53_0,WCc
339,U_49_0,U_75_0,WSc
339,U_51_0,U_74_0,WWc
339,A_52_0,A_73_0,SWc
339,A_52_0,U_74_0,XXX
339,C_54_0,G_72_0,WCc
339,A_55_0,U_71_0,WCc
339,A_56_0,U_70_0,WCc
339,G_57_0,C_69_0,WCc
339,A_58_0,U_68_0,WCc
339,G_59_0,C_67_0,WCc
339,C_61_0,A_65_0,SWc
340,C_13_0,G_83_0,WCc
340,G_14_0,G_81_0,XXX
340,G_14_0,U_82_0,GUc
340,C_15_0,G_81_0,WCc
340,U_16_0,A_80_0,WWc
340,U_16_0,G_81_0,WWc
340,U_17_0,A_79_0,WCc
340,C_18_0,G_78_0,WCc
340,A_19_0,U_77_0,WCc
340,U_20_0,A_76_0,WCc
340,A_21_0,U_75_0,WWc
340,U_22_0,U_47_0,XXX
340,U_22_0,A_52_0,WCc
340,A_23_0,G_46_0,WSt
340,U_25_0,A_45_0,WCc
340,C_26_0,G_44_0,WCc
340,C_27_0,G_43_0,WCc
340,U_28_0,G_42_0,GUc
340,A_29_0,U_41_0,WWc
340,A_30_0,U_40_0,WCc
340,U_31_0,U_39_0,WWc
340,A_33_0,A_66_0,WHt
340,U_34_0,G_37_0,SSt
340,U_34_0,A_65_0,WHt
340,G_37_0,C_61_0,WCc
340,G_38_0,C_60_0,WCc
340,G_38_0,A_66_0,SWt
340,G_46_0,C_53_0,WCc
340,U_49_0,C_50_0,SHc
340,U_51_0,U_74_0,WWc
340,U_51_0,U_75_0,XXX
340,A_52_0,A_73_0,SWc
340,A_52_0,U_74_0,XXX
340,C_54_0,G_72_0,WCc
340,A_55_0,U_71_0,WWc
340,A_56_0,U_70_0,WWc
340,G_57_0,C_69_0,WCc
340,A_58_0,U_68_0,WCc
340,G_59_0,C_67_0,WCc
340,C_61_0,A_65_0,SWc
340,U_63_0,A_64_0,SHc
340,A_66_0,C_67_0,XXX
341,C_13_0,G_83_0,WCc
341,G_14_0,U_82_0,GUc
341,C_15_0,G_81_0,WCc
341,U_16_0,A_80_0,WCc
341,U_17_0,A_79_0,WWc
341,U_17_0,A_80_0,WWc
341,C_18_0,G_78_0,WCc
341,A_19_0,U_77_0,WCc
341,U_20_0,A_76_0,WCc
341,A_21_0,U_75_0,WCc
341,U_22_0,U_47_0,HSc
341,U_22_0,A_52_0,WCc
341,A_23_0,G_46_0,WSc
341,U_25_0,A_45_0,WCc
341,C_26_0,G_44_0,WCc
341,C_26_0,A_45_0,WWc
341,C_27_0,G_43_0,WCc
341,U_28_0,G_42_0,GUc
341,A_29_0,U_41_0,WWc
341,A_30_0,U_40_0,WWc
341,U_31_0,U_39_0,WWc
341,U_31_0,U_40_0,WWc
341,A_33_0,G_37_0,SSc
341,A_33_0,G_38_0,XXX
341,A_33_0,A_66_0,WHt
341,U_34_0,A_65_0,WHt
341,G_37_0,C_61_0,WCc
341,G_37_0,A_65_0,XXX
341,G_38_0,C_60_0,WCc
341,G_38_0,C_61_0,XXX
341,G_38_0,A_66_0,SWt
341,G_46_0,C_53_0,WCc
341,U_51_0,U_74_0,WWc
341,A_52_0,A_73_0,SWc
341,A_52_0,U_74_0,XXX
341,C_54_0,G_72_0,WCc
341,A_55_0,U_71_0,WCc
341,A_56_0,U_70_0,WCc
341,G_57_0,C_69_0,WCc
341,A_58_0,U_68_0,WCc
341,G_59_0,C_67_0,WCc
341,C_61_0,A_65_0,XXX
341,U_62_0,U_63_0,XXX
341,A_66_0,C_67_0,XXX
342,C_13_0,G_83_0,WCc
342,G_14_0,U_82_0,GUc
342,C_15_0,G_81_0,WCc
342,U_16_0,A_80_0,WCc
342,U_17_0,A_79_0,WCc
342,C_18_0,G_78_0,WCc
342,A_19_0,A_76_0,XXX
342,A_19_0,U_77_0,WCc
342,U_20_0,A_76_0,WCc
342,A_21_0,U_75_0,WCc
342,U_22_0,A_52_0,WCc
342,A_23_0,A_45_0,XXX
342,A_23_0,G_46_0,WSc
342,A_24_0,G_72_0,HWt
342,U_25_0,A_45_0,WCc
342,U_25_0,C_53_0,XXX
342,C_26_0,G_44_0,WCc
342,C_27_0,G_43_0,WCc
342,U_28_0,G_42_0,GUc
342,A_29_0,U_41_0,WCc
342,A_30_0,U_40_0,WCc
342,U_31_0,U_39_0,WWc
342,A_33_0,G_37_0,SSc
342,A_33_0,A_65_0,WHt
342,A_33_0,A_66_0,WHt
342,U_34_0,A_65_0,WHt
342,G_37_0,C_61_0,WCc
342,G_38_0,C_60_0,WCc
342,G_38_0,A_66_0,SWt
342,G_46_0,C_53_0,WCc
342,U_47_0,A_52_0,XXX
342,U_49_0,U_75_0,WSc
342,U_51_0,U_74_0,WWc
342,A_52_0,A_73_0,SWc
342,C_54_0,G_72_0,WCc
342,A_55_0,U_71_0,WWc
342,A_56_0,U_70_0,WCc
342,G_57_0,C_69_0,WCc
342,A_58_0,U_68_0,WCc
342,G_59_0,C_67_0,WCc
342,C_61_0,A_65_0,SWc
343,C_13_0,G_83_0,WCc
343,G_14_0,U_82_0,GUc
343,C_15_0,G_81_0,WCc
343,U_16_0,A_80_0,WCc
343,U_17_0,A_79_0,WCc
343,C_18_0,G_78_0,WCc
343,A_19_0,U_77_0,WCc
343,U_20_0,A_76_0,WCc
343,A_21_0,U_75_0,WCc
343,U_22_0,A_52_0,WCc
343,A_23_0,G_46_0,WSc
343,U_25_0,A_45_0,WCc
343,U_25_0,C_53_0,HWc
343,C_26_0,G_44_0,WCc
343,C_27_0,G_43_0,WCc
343,U_28_0,G_42_0,GUc
343,A_29_0,U_41_0,WWc
343,A_30_0,U_40_0,WCc
343,A_30_0,U_41_0,XXX
343,U_31_0,U_39_0,WWc
343,G_32_0,A_66_0,XXX
343,A_33_0,G_37_0,SSc
343,A_33_0,A_66_0,WHt
343,U_34_0,A_65_0,WHt
343,G_37_0,C_61_0,WCc
343,G_38_0,C_60_0,WCc
343,G_38_0,A_66_0,SWt
343,G_46_0,C_53_0,WCc
343,U_47_0,U_51_0,XXX
343,U_51_0,U_74_0,WWc
343,A_52_0,A_73_0,SWc
343,C_54_0,G_72_0,WCc
343,A_55_0,U_71_0,WCc
343,A_56_0,U_70_0,WCc
343,G_57_0,C_69_0,WCc
343,A_58_0,U_68_0,WCc
343,G_59_0,C_67_0,WCc
343,C_61_0,A_65_0,SWc
343,A_66_0,C_67_0,SHc
344,C_13_0,G_83_0,WCc
344,G_14_0,U_82_0,WWc
344,C_15_0,G_81_0,WCc
344,U_16_0,A_80_0,WCc
344,U_17_0,A_79_0,WCc
344,C_18_0,G_78_0,WCc
344,A_19_0,U_77_0,WCc
344,U_20_0,A_76_0,WCc
344,A_21_0,U_75_0,WCc
344,U_22_0,A_52_0,WCc
344,A_23_0,G_46_0,WSc
344,U_25_0,A_45_0,WCc
344,U_25_0,C_53_0,XXX
344,C_26_0,G_44_0,WCc
344,C_27_0,G_43_0,WCc
344,U_28_0,G_42_0,GUc
344,A_29_0,U_41_0,WCc
344,A_30_0,U_40_0,WCc
344,U_31_0,U_39_0,WWc
344,U_31_0,U_40_0,WWc
344,A_33_0,G_37_0,SSc
344,A_33_0,A_66_0,WHt
344,U_34_0,G_37_0,XXX
344,U_34_0,A_65_0,WHt
344,G_37_0,C_61_0,WCc
344,G_38_0,C_60_0,WCc
344,G_38_0,A_66_0,SWt
344,G_46_0,C_53_0,WCc
344,U_47_0,U_51_0,XXX
344,U_49_0,C_50_0,SHc
344,U_51_0,U_74_0,WWc
344,A_52_0,A_73_0,SWc
344,A_52_0,U_74_0,XXX
344,C_54_0,G_72_0,WCc
344,A_55_0,U_70_0,XXX
344,A_55_0,U_71_0,WCc
344,A_56_0,U_70_0,WCc
344,G_57_0,C_69_0,WCc
344,A_58_0,U_68_0,WCc
344,G_59_0,C_67_0,WCc
344,C_61_0,A_65_0,SWc
345,C_13_0,G_83_0,WCc
345,G_14_0,U_82_0,GUc
345,C_15_0,G_81_0,WCc
345,U_16_0,A_80_0,WCc
345,U_17_0,A_79_0,WWc
345,U_17_0,A_80_0,XXX
345,C_18_0,G_78_0,WCc
345,A_19_0,U_77_0,WWc
345,U_20_0,A_76_0,WCc
345,U_20_0,U_77_0,XXX
345,A_21_0,U_49_0,XXX
345,A_21_0,U_75_0,WCc
345,U_22_0,A_52_0,WCc
345,A_23_0,G_46_0,WSc
345,U_25_0,A_45_0,WWc
345,C_26_0,G_44_0,WCc
345,C_27_0,G_43_0,WCc
345,U_28_0,G_42_0,GUc
345,A_29_0,U_41_0,WCc
345,A_30_0,U_40_0,WCc
345,U_31_0,U_39_0,WWc
345,A_33_0,G_37_0,SSc
345,A_33_0,A_66_0,WHt
345,U_34_0,A_65_0,WHt
345,G_37_0,C_61_0,WCc
345,G_37_0,A_66_0,XXX
345,G_38_0,C_60_0,WCc
345,G_38_0,A_66_0,SWt
345,G_46_0,C_53_0,WCc
345,U_49_0,C_50_0,SHc
345,U_49_0,U_75_0,WSc
345,U_51_0,U_74_0,WWc
345,A_52_0,A_73_0,SWc
345,A_52_0,U_74_0,SWc
345,C_54_0,A_55_0,XXX
345,C_54_0,G_72_0,WWc
345,A_55_0,U_71_0,WCc
345,A_56_0,U_70_0,WCc
345,G_57_0,C_69_0,WWc
345,A_58_0,U_68_0,WWc
345,A_58_0,C_69_0,SWc
345,G_59_0,C_67_0,WCc
345,C_61_0,A_65_0,SWc
346,C_13_0,G_83_0,WCc
346,G_14_0,U_82_0,GUc
346,C_15_0,G_81_0,WCc
346,U_16_0,A_80_0,WCc
346,U_17_0,A_79_0,WCc
346,C_18_0,G_78_0,WCc
346,A_19_0,U_77_0,WWc
346,U_20_0,A_76_0,WCc
346,A_21_0,U_49_0,XXX
346,A_21_0,U_75_0,WCc
346,U_22_0,U_47_0,HSc
346,U_22_0,A_52_0,WCc
346,A_23_0,G_46_0,WSc
346,A_23_0,C_53_0,XXX
346,U_25_0,A_45_0,WCc
346,U_25_0,C_53_0,XXX
346,C_26_0,G_44_0,WCc
346,C_27_0,G_43_0,WCc
346,U_28_0,G_42_0,GUc
346,A_29_0,U_41_0,WWc
346,A_30_0,U_40_0,WCc
346,U_31_0,U_39_0,WWc
346,A_33_0,G_37_0,SSc
346,A_33_0,A_66_0,WHt
346,U_34_0,G_37_0,SSt
346,U_34_0,A_65_0,WHt
346,G_37_0,C_60_0,XXX
346,G_37_0,C_61_0,WCc
346,G_37_0,A_66_0,XXX
346,G_38_0,C_60_0,WCc
346,G_38_0,A_66_0,SWt
346,G_46_0,C_53_0,WCc
346,U_49_0,U_75_0,XXX
346,U_51_0,U_74_0,WWc
346,U_51_0,U_75_0,XXX
346,A_52_0,A_73_0,SWc
346,A_52_0,U_74_0,SWc
346,C_54_0,G_72_0,WCc
346,A_55_0,U_71_0,WCc
346,A_56_0,U_70_0,WCc
346,G_57_0,C_69_0,WCc
346,A_58_0,U_68_0,WCc
346,G_59_0,C_67_0,WCc
346,C_60_0,A_66_0,XXX
346,C_61_0,A_65_0,SWc
347,C_13_0,G_83_0,WCc
347,G_14_0,U_82_0,GUc
347,C_15_0,G_81_0,WCc
347,U_16_0,A_80_0,WCc
347,U_17_0,A_79_0,WCc
347,C_18_0,G_78_0,WCc
347,A_19_0,U_77_0,WWc
347,U_20_0,A_76_0,WCc
347,U_20_0,U_77_0,XXX
347,A_21_0,U_75_0,WCc
347,U_22_0,U_47_0,XXX
347,U_22_0,A_52_0,WCc
347,A_23_0,A_45_0,XXX
347,A_23_0,G_46_0,WSc
347,U_25_0,A_45_0,WCc
347,U_25_0,C_53_0,XXX
347,C_26_0,G_44_0,WCc
347,C_27_0,G_43_0,WCc
347,U_28_0,G_42_0,GUc
347,A_29_0,U_41_0,WCc
347,A_30_0,U_40_0,WCc
347,U_31_0,U_39_0,WWc
347,A_33_0,A_66_0,WHt
347,U_34_0,G_37_0,SSt
347,U_34_0,A_65_0,WHt
347,G_37_0,C_61_0,WCc
347,G_38_0,C_60_0,WCc
347,G_38_0,A_66_0,SWt
347,G_46_0,C_53_0,WCc
347,U_47_0,U_51_0,XXX
347,U_47_0,A_52_0,XXX
347,U_49_0,U_75_0,WSc
347,U_51_0,U_74_0,WWc
347,A_52_0,A_73_0,SWc
347,C_54_0,G_72_0,WCc
347,A_55_0,U_71_0,WCc
347,A_56_0,U_70_0,WWc
347,G_57_0,C_69_0,WCc
347,A_58_0,U_68_0,WCc
347,G_59_0,C_67_0,WCc
347,C_61_0,A_65_0,SWc
348,C_13_0,G_83_0,WCc
348,G_14_0,U_82_0,GUc
348,C_15_0,G_81_0,WCc
348,U_16_0,A_80_0,WCc
348,U_17_0,A_79_0,WCc
348,C_18_0,G_78_0,WWc
348,C_18_0,A_79_0,WWc
348,A_19_0,U_77_0,WCc
348,U_20_0,A_76_0,WCc
348,U_20_0,U_77_0,XXX
348,A_21_0,U_49_0,XXX
348,A_21_0,U_75_0,WCc
348,U_22_0,U_47_0,XXX
348,U_22_0,A_52_0,WCc
348,A_23_0,G_46_0,WSc
348,U_25_0,A_45_0,WCc
348,C_26_0,G_44_0,WCc
348,C_27_0,G_43_0,WCc
348,U_28_0,G_42_0,GUc
348,A_29_0,U_41_0,WWc
348,A_30_0,U_40_0,WCc
348,A_30_0,U_41_0,WWc
348,U_31_0,U_39_0,WWc
348,A_33_0,G_37_0,SSc
348,A_33_0,G_38_0,XXX
348,A_33_0,A_66_0,WHt
348,U_34_0,G_37_0,SSt
348,U_34_0,A_65_0,WHt
348,G_37_0,C_61_0,WCc
348,G_38_0,C_60_0,WCc
348,G_38_0,A_66_0,SWt
348,G_46_0,C_53_0,WCc
348,U_51_0,U_74_0,WWc
348,A_52_0,A_73_0,SWc
348,A_52_0,U_74_0,SWc
348,C_54_0,G_72_0,WWc
348,A_55_0,U_71_0,WWc
348,A_56_0,U_70_0,WCc
348,G_57_0,C_69_0,WCc
348,A_58_0,U_68_0,WCc
348,G_59_0,C_67_0,WCc
348,C_60_0,A_66_0,XXX
348,C_61_0,A_65_0,SWc
349,C_13_0,G_83_0,WCc
349,G_14_0,U_82_0,GUc
349,C_15_0,G_81_0,WCc
349,U_16_0,A_80_0,WCc
349,U_17_0,A_79_0,WCc
349,C_18_0,G_78_0,WCc
349,A_19_0,U_77_0,WCc
349,U_20_0,A_76_0,WCc
349,A_21_0,U_75_0,WCc
349,U_22_0,A_52_0,WCc
349,A_23_0,G_46_0,WSt
349,A_23_0,C_53_0,XXX
349,U_25_0,A_45_0,WCc
349,U_25_0,C_53_0,XXX
349,C_26_0,G_44_0,WCc
349,C_27_0,G_43_0,WCc
349,U_28_0,G_42_0,GUc
349,A_29_0,U_41_0,WCc
349,A_30_0,U_40_0,WCc
349,U_31_0,U_39_0,WWc
349,A_33_0,G_37_0,SSc
349,A_33_0,G_38_0,XXX
349,A_33_0,A_66_0,WHt
349,U_34_0,G_37_0,XXX
349,U_34_0,A_65_0,WHt
349,G_37_0,C_61_0,WWc
349,G_37_0,A_65_0,XXX
349,G_38_0,C_60_0,WCc
349,G_38_0,A_66_0,SWt
349,G_46_0,C_53_0,WCc
349,U_49_0,U_75_0,WSc
349,U_51_0,U_74_0,WWc
349,U_51_0,U_75_0,XXX
349,A_52_0,A_73_0,SWc
349,C_54_0,G_72_0,WWc
349,A_55_0,U_71_0,WCc
349,A_56_0,U_70_0,WCc
349,G_57_0,C_69_0,WCc
349,A_58_0,U_68_0,WCc
349,G_59_0,C_67_0,WCc
349,C_61_0,A_65_0,SWc
349,U_82_0,G_83_0,XXX
350,C_13_0,G_83_0,WCc
350,G_14_0,U_82_0,GUc
350,C_15_0,G_81_0,WCc
350,U_16_0,A_80_0,WWc
350,U_17_0,A_79_0,WCc
350,C_18_0,G_78_0,WCc
350,A_19_0,U_77_0,WCc
350,U_20_0,A_76_0,WCc
350,A_21_0,U_75_0,WCc
350,U_22_0,A_52_0,WCc
350,A_23_0,G_46_0,WSt
350,U_25_0,A_45_0,WCc
350,U_25_0,C_53_0,XXX
350,C_26_0,G_44_0,WCc
350,C_27_0,G_43_0,WCc
350,U_28_0,G_42_0,GUc
350,A_29_0,U_41_0,WCc
350,A_30_0,U_40_0,WCc
350,U_31_0,U_39_0,WWc
350,A_33_0,G_37_0,SSc
350,A_33_0,G_38_0,XXX
350,A_33_0,A_66_0,WHt
350,U_34_0,G_37_0,SSt
350,U_34_0,A_65_0,WHt
350,G_37_0,C_60_0,WWc
350,G_37_0,C_61_0,WCc
350,G_38_0,G_59_0,WHc
350,G_38_0,C_60_0,WCc
350,G_38_0,A_66_0,SWt
350,G_46_0,C_53_0,WCc
350,U_51_0,U_74_0,WWc
350,A_52_0,A_73_0,SWc
350,A_52_0,U_74_0,XXX
350,C_54_0,G_72_0,WCc
350,A_55_0,U_71_0,WCc
350,A_56_0,U_70_0,WCc
350,G_57_0,C_69_0,WCc
350,A_58_0,U_68_0,WCc
350,G_59_0,C_67_0,WWc
350,C_60_0,A_66_0,XXX
350,C_61_0,A_65_0,SWc
351,C_13_0,G_83_0,WCc
351,G_14_0,U_82_0,GUc
351,C_15_0,G_81_0,WCc
351,U_16_0,A_80_0,WCc
351,U_17_0,A_79_0,WCc
351,C_18_0,G_78_0,WCc
351,A_19_0,U_77_0,WWc
351,U_20_0,A_76_0,WCc
351,A_21_0,U_49_0,XXX
351,A_21_0,U_75_0,WCc
351,U_22_0,U_47_0,XXX
351,U_22_0,A_52_0,WCc
351,A_23_0,A_45_0,XXX
351,A_23_0,G_46_0,WSt
351,U_25_0,A_45_0,WWc
351,U_25_0,C_53_0,XXX
351,C_26_0,G_44_0,WCc
351,C_27_0,G_43_0,WCc
351,U_28_0,G_42_0,GUc
351,A_29_0,U_41_0,WCc
351,A_30_0,U_40_0,WCc
351,U_31_0,U_39_0,WWc
351,A_33_0,G_38_0,XXX
351,A_33_0,A_66_0,WHt
351,U_34_0,G_37_0,SSt
351,U_34_0,A_65_0,WHt
351,G_37_0,C_61_0,WCc
351,G_38_0,C_60_0,WCc
351,G_38_0,A_66_0,SWt
351,G_46_0,C_53_0,WCc
351,U_51_0,U_74_0,WWc
351,U_51_0,U_75_0,XXX
351,A_52_0,A_73_0,SWc
351,C_54_0,G_72_0,WCc
351,A_55_0,U_71_0,WCc
351,A_56_0,U_70_0,WCc
351,G_57_0,C_69_0,WCc
351,A_58_0,U_68_0,WCc
351,G_59_0,C_67_0,WCc
351,C_61_0,A_65_0,SWc
351,A_66_0,C_67_0,XXX
352,C_13_0,G_83_0,WCc
352,G_14_0,U_82_0,GUc
352,C_15_0,G_81_0,WCc
352,U_16_0,A_80_0,WCc
352,U_17_0,A_79_0,WCc
352,C_18_0,G_78_0,WCc
352,C_18_0,A_79_0,XXX
352,A_19_0,U_77_0,WCc
352,U_20_0,A_76_0,WCc
352,A_21_0,U_75_0,WCc
352,U_22_0,U_47_0,XXX
352,U_22_0,A_52_0,WCc
352,A_23_0,G_46_0,WSt
352,U_25_0,A_45_0,WCc
352,C_26_0,G_44_0,WCc
352,C_27_0,G_43_0,WCc
352,U_28_0,G_42_0,GUc
352,A_29_0,U_41_0,WCc
352,A_30_0,U_40_0,WCc
352,U_31_0,G_32_0,WHc
352,U_31_0,U_39_0,WWc
352,A_33_0,G_38_0,XXX
352,A_33_0,A_66_0,WHt
352,U_34_0,G_37_0,SSt
352,U_34_0,A_65_0,WHt
352,G_37_0,C_60_0,WWc
352,G_37_0,C_61_0,WCc
352,G_38_0,C_60_0,WCc
352,G_38_0,A_66_0,SWt
352,G_46_0,C_53_0,WCc
352,U_51_0,U_74_0,WWc
352,A_52_0,A_73_0,SWc
352,A_52_0,U_74_0,SWc
352,C_54_0,G_72_0,WCc
352,A_55_0,U_71_0,WCc
352,A_56_0,U_70_0,WCc
352,G_57_0,C_69_0,WCc
352,A_58_0,U_68_0,WCc
352,G_59_0,C_67_0,WCc
352,C_60_0,A_66_0,XXX
352,C_61_0,A_65_0,SWc
353,C_13_0,G_83_0,WCc
353,G_14_0,U_82_0,GUc
353,C_15_0,G_81_0,WCc
353,U_16_0,A_80_0,WCc
353,U_17_0,A_79_0,WCc
353,C_18_0,G_78_0,WCc
353,A_19_0,U_77_0,WCc
353,U_20_0,A_76_0,WCc
353,A_21_0,U_75_0,WCc
353,U_22_0,A_52_0,WCc
353,U_22_0,C_53_0,XXX
353,A_23_0,A_45_0,XXX
353,A_23_0,G_46_0,WSt
353,A_23_0,C_53_0,XXX
353,U_25_0,A_45_0,WCc
353,C_26_0,G_44_0,WCc
353,C_27_0,G_43_0,WCc
353,U_28_0,G_42_0,GUc
353,A_29_0,U_41_0,WWc
353,A_30_0,U_40_0,WWc
353,U_31_0,U_39_0,WWc
353,A_33_0,G_37_0,SSc
353,A_33_0,G_38_0,XXX
353,A_33_0,A_66_0,WHt
353,U_34_0,G_37_0,SSt
353,U_34_0,A_65_0,WHt
353,G_37_0,C_61_0,WWc
353,G_38_0,C_60_0,WCc
353,G_38_0,A_66_0,SWt
353,G_46_0,C_53_0,WCc
353,U_51_0,U_74_0,XXX
353,A_52_0,A_73_0,SWc
353,A_52_0,U_74_0,SWc
353,C_54_0,G_72_0,WWc
353,A_55_0,U_71_0,WCc
353,A_56_0,U_70_0,WCc
353,G_57_0,C_69_0,WCc
353,A_58_0,U_68_0,WWc
353,G_59_0,C_67_0,WCc
353,C_61_0,A_65_0,SWc
354,C_13_0,G_83_0,WCc
354,G_14_0,U_82_0,GUc
354,C_15_0,G_81_0,WCc
354,U_16_0,A_80_0,WCc
354,U_17_0,A_79_0,WCc
354,C_18_0,G_78_0,WCc
354,A_19_0,U_77_0,WCc
354,U_20_0,A_76_0,WCc
354,A_21_0,U_75_0,WCc
354,U_22_0,U_47_0,XXX
354,U_22_0,A_52_0,WCc
354,A_23_0,G_46_0,WSt
354,U_25_0,A_45_0,WCc
354,U_25_0,C_53_0,XXX
354,C_26_0,G_44_0,WCc
354,C_27_0,G_43_0,WCc
354,U_28_0,G_42_0,GUc
354,A_29_0,U_41_0,WCc
354,A_30_0,U_40_0,WCc
354,U_31_0,U_39_0,WWc
354,A_33_0,G_37_0,SSc
354,A_33_0,G_38_0,XXX
354,A_33_0,A_66_0,WHt
354,U_34_0,G_37_0,SSt
354,U_34_0,A_65_0,WHt
354,G_37_0,C_60_0,WWc
354,G_37_0,C_61_0,WCc
354,G_38_0,C_60_0,WWc
354,G_38_0,A_66_0,SWt
354,G_46_0,C_53_0,WCc
354,U_49_0,C_50_0,SHc
354,U_51_0,U_74_0,WWc
354,A_52_0,A_73_0,SWc
354,A_52_0,U_74_0,SWc
354,C_54_0,G_72_0,WCc
354,A_55_0,U_71_0,WWc
354,A_56_0,U_70_0,WCc
354,G_57_0,C_69_0,WCc
354,A_58_0,U_68_0,WCc
354,G_59_0,C_67_0,WCc
354,C_61_0,A_65_0,SWc
355,C_13_0,G_83_0,WCc
355,G_14_0,G_81_0,WWc
355,G_14_0,U_82_0,GUc
355,C_15_0,G_81_0,WCc
355,U_16_0,A_80_0,WCc
355,U_17_0,A_79_0,WWc
355,C_18_0,G_78_0,WCc
355,A_19_0,U_77_0,WCc
355,U_20_0,A_76_0,WCc
355,A_21_0,U_75_0,WCc
355,U_22_0,U_47_0,XXX
355,U_22_0,A_52_0,WCc
355,U_22_0,C_53_0,XXX
355,A_23_0,G_46_0,WSt
355,A_24_0,G_72_0,HWt
355,U_25_0,A_45_0,WCc
355,U_25_0,C_53_0,XXX
355,C_26_0,G_44_0,WCc
355,C_27_0,G_43_0,WCc
355,U_28_0,G_42_0,GUc
355,A_29_0,U_41_0,WCc
355,A_30_0,U_40_0,WCc
355,U_31_0,U_39_0,WWc
355,A_33_0,G_37_0,SSc
355,A_33_0,A_66_0,WHt
355,U_34_0,A_35_0,SHc
355,U_34_0,G_37_0,XXX
355,U_34_0,A_65_0,WHt
355,G_37_0,C_60_0,WWc
355,G_37_0,C_61_0,WWc
355,G_38_0,G_59_0,WHc
355,G_38_0,C_60_0,WCc
355,G_38_0,A_66_0,SWc
355,G_46_0,C_53_0,WCc
355,U_49_0,C_50_0,XXX
355,U_49_0,U_75_0,WSc
355,U_51_0,U_74_0,WWc
355,A_52_0,A_73_0,SWc
355,C_54_0,G_72_0,WCc
355,A_55_0,U_71_0,WCc
355,A_56_0,U_70_0,WCc
355,A_56_0,U_71_0,WWc
355,G_57_0,C_69_0,WCc
355,A_58_0,U_68_0,WCc
355,G_59_0,C_67_0,WCc
355,C_60_0,A_66_0,XXX
355,C_61_0,A_65_0,SWc
355,A_66_0,C_67_0,SHc
356,C_13_0,G_83_0,WWc
356,C_15_0,G_81_0,WWc
356,U_16_0,A_80_0,WCc
356,U_17_0,A_79_0,WCc
356,C_18_0,G_78_0,WCc
356,A_19_0,U_77_0,WCc
356,U_20_0,A_76_0,WCc
356,A_21_0,U_75_0,WCc
356,U_22_0,U_47_0,XXX
356,U_22_0,A_52_0,WCc
356,A_23_0,G_46_0,WSt
356,U_25_0,A_45_0,WCc
356,U_25_0,C_53_0,XXX
356,C_26_0,G_44_0,WCc
356,C_27_0,G_43_0,WCc
356,U_28_0,G_42_0,GUc
356,A_29_0,U_41_0,WCc
356,A_30_0,U_40_0,WCc
356,U_31_0,U_39_0,WWc
356,A_33_0,G_37_0,SSc
356,A_33_0,G_38_0,XXX
356,A_33_0,A_66_0,WHt
356,U_34_0,A_35_0,SHc
356,U_34_0,G_37_0,SSt
356,U_34_0,A_65_0,WHt
356,G_37_0,C_61_0,WCc
356,G_37_0,A_66_0,XXX
356,G_38_0,C_60_0,WCc
356,G_38_0,C_61_0,WWc
356,G_38_0,A_66_0,SWt
356,G_46_0,C_53_0,WCc
356,U_51_0,U_74_0,WWc
356,A_52_0,A_73_0,SWc
356,C_54_0,U_71_0,XXX
356,C_54_0,G_72_0,WCc
356,A_55_0,U_71_0,WCc
356,A_56_0,U_70_0,WCc
356,G_57_0,C_69_0,WWc
356,A_58_0,U_68_0,WCc
356,A_58_0,C_69_0,XXX
356,G_59_0,C_67_0,WCc
356,C_60_0,A_66_0,XXX
356,C_61_0,A_65_0,SWc
357,C_13_0,G_83_0,WCc
357,G_14_0,U_82_0,GUc
357,C_15_0,G_81_0,WCc
357,U_16_0,A_80_0,WCc
357,U_17_0,A_79_0,WCc
357,C_18_0,G_78_0,WCc
357,A_19_0,U_77_0,WCc
357,U_20_0,A_76_0,WCc
357,A_21_0,U_75_0,WCc
357,U_22_0,A_52_0,WCc
357,A_23_0,G_46_0,WSc
357,A_24_0,G_72_0,HWt
357,U_25_0,A_45_0,WCc
357,C_26_0,G_44_0,WCc
357,C_27_0,G_43_0,WCc
357,U_28_0,G_42_0,GUc
357,A_29_0,U_41_0,WCc
357,A_30_0,U_40_0,WCc
357,U_31_0,U_39_0,WWc
357,U_31_0,U_40_0,XXX
357,A_33_0,G_37_0,SSc
357,A_33_0,A_66_0,WHt
357,U_34_0,G_37_0,SSt
357,U_34_0,A_65_0,WHt
357,G_37_0,C_61_0,WCc
357,G_38_0,C_60_0,WCc
357,G_38_0,A_66_0,SWc
357,G_46_0,C_53_0,WCc
357,U_49_0,C_50_0,SHc
357,U_51_0,U_74_0,WWc
357,A_52_0,A_73_0,SWc
357,A_52_0,U_74_0,SWc
357,C_54_0,G_72_0,WCc
357,A_55_0,U_71_0,WCc
357,A_56_0,U_70_0,WCc
357,G_57_0,C_69_0,WCc
357,A_58_0,U_68_0,WWc
357,G_59_0,C_67_0,WCc
357,C_60_0,A_66_0,XXX
357,C_61_0,A_65_0,SWc
358,C_13_0,G_83_0,WCc
358,G_14_0,U_82_0,GUc
358,C_15_0,G_81_0,WCc
358,U_16_0,A_79_0,XXX
358,U_16_0,A_80_0,WCc
358,U_17_0,A_79_0,WWc
358,C_18_0,G_78_0,WCc
358,A_19_0,U_77_0,WCc
358,U_20_0,A_76_0,WCc
358,A_21_0,U_75_0,WCc
358,U_22_0,U_47_0,HSc
358,U_22_0,A_52_0,WCc
358,A_23_0,G_46_0,WSc
358,U_25_0,A_45_0,WCc
358,C_26_0,G_44_0,WCc
358,C_27_0,G_43_0,WCc
358,U_28_0,G_42_0,GUc
358,A_29_0,U_41_0,WCc
358,A_30_0,U_40_0,WCc
358,U_31_0,U_39_0,WWc
358,A_33_0,G_37_0,SSc
358,A_33_0,G_38_0,XXX
358,A_33_0,A_66_0,WHt
358,U_34_0,G_37_0,SSt
358,U_34_0,A_65_0,WHt
358,G_37_0,C_60_0,WWc
358,G_37_0,C_61_0,WCc
358,G_37_0,A_66_0,XXX
358,G_38_0,C_60_0,WCc
358,G_38_0,A_66_0,SWc
358,G_46_0,C_53_0,WCc
358,U_49_0,C_50_0,SHc
358,U_51_0,U_74_0,WWc
358,A_52_0,A_73_0,SWc
358,A_52_0,U_74_0,SWc
358,C_54_0,G_72_0,WCc
358,A_55_0,U_71_0,WCc
358,A_56_0,U_70_0,WCc
358,G_57_0,C_69_0,WCc
358,A_58_0,U_68_0,WCc
358,G_59_0,C_67_0,WCc
358,C_60_0,A_66_0,XXX
358,C_61_0,A_65_0,SWc
359,C_13_0,G_83_0,WCc
359,G_14_0,U_82_0,GUc
359,C_15_0,G_81_0,WWc
359,U_16_0,A_80_0,WCc
359,U_17_0,A_79_0,WWc
359,C_18_0,G_78_0,WCc
359,A_19_0,U_77_0,WCc
359,U_20_0,A_76_0,WWc
359,A_21_0,U_75_0,WWc
359,U_22_0,U_47_0,XXX
359,U_22_0,C_53_0,WWc
359,A_23_0,A_45_0,XXX
359,A_23_0,G_46_0,WSc
359,A_23_0,C_53_0,XXX
359,U_25_0,A_45_0,WCc
359,C_26_0,G_44_0,WCc
359,C_27_0,G_43_0,WCc
359,U_28_0,G_42_0,GUc
359,A_29_0,U_41_0,WCc
359,A_30_0,U_40_0,WCc
359,U_31_0,U_39_0,WWc
359,A_33_0,G_38_0,XXX
359,A_33_0,A_66_0,WHt
359,U_34_0,G_37_0,SSt
359,U_34_0,A_65_0,WHt
359,A_35_0,A_64_0,HHc
359,G_37_0,C_60_0,WWc
359,G_37_0,C_61_0,WWc
359,G_38_0,G_59_0,XXX
359,G_38_0,C_60_0,WCc
359,G_38_0,A_66_0,SWt
359,G_46_0,C_53_0,WWc
359,U_51_0,U_74_0,WWc
359,A_52_0,A_73_0,SWc
359,A_52_0,U_74_0,SWc
359,C_54_0,G_72_0,WCc
359,A_55_0,U_71_0,WCc
359,A_56_0,U_70_0,WCc
359,G_57_0,C_69_0,WCc
359,A_58_0,U_68_0,WCc
359,G_59_0,C_67_0,WCc
359,C_61_0,A_65_0,SWc
360,G_14_0,U_82_0,GUc
360,C_15_0,G_81_0,WCc
360,U_16_0,A_80_0,WWc
360,U_17_0,A_79_0,WCc
360,C_18_0,G_78_0,WCc
360,A_19_0,U_77_0,WCc
360,U_20_0,A_76_0,WCc
360,A_21_0,U_75_0,WCc
360,U_22_0,A_52_0,WWc
360,A_23_0,G_46_0,WSc
360,A_23_0,C_53_0,XXX
360,U_25_0,A_45_0,WCc
360,C_26_0,G_44_0,WCc
360,C_27_0,G_43_0,WCc
360,U_28_0,G_42_0,GUc
360,A_29_0,U_41_0,WCc
360,A_30_0,U_40_0,WWc
360,U_31_0,U_39_0,WWc
360,A_33_0,G_37_0,SSc
360,A_33_0,A_66_0,WHt
360,U_34_0,A_35_0,SHc
360,U_34_0,G_37_0,SSt
360,U_34_0,A_65_0,WHt
360,G_37_0,C_61_0,WCc
360,G_38_0,C_60_0,WCc
360,G_38_0,C_61_0,WWc
360,G_38_0,A_66_0,SWt
360,G_46_0,C_53_0,WCc
360,U_47_0,A_52_0,WWc
360,U_51_0,U_74_0,WWc
360,A_52_0,A_73_0,SWc
360,A_52_0,U_74_0,SWc
360,C_54_0,G_72_0,WCc
360,A_55_0,U_70_0,XXX
360,A_55_0,U_71_0,WCc
360,A_56_0,U_70_0,WWc
360,G_57_0,C_69_0,WCc
360,A_58_0,U_68_0,WCc
360,G_59_0,C_67_0,WCc
360,C_61_0,A_65_0,SWc
360,A_66_0,C_67_0,XXX
361,C_13_0,G_83_0,WCc
361,G_14_0,U_82_0,GUc
361,C_15_0,G_81_0,WCc
361,U_16_0,A_80_0,WCc
361,U_17_0,A_79_0,WCc
361,C_18_0,G_78_0,WCc
361,A_19_0,U_77_0,WCc
361,U_20_0,A_76_0,WCc
361,A_21_0,U_75_0,WCc
361,U_22_0,A_52_0,WCc
361,A_23_0,G_46_0,WSt
361,U_25_0,A_45_0,WCc
361,U_25_0,C_53_0,XXX
361,C_26_0,G_44_0,WCc
361,C_27_0,G_43_0,WCc
361,U_28_0,G_42_0,GUc
361,A_29_0,U_41_0,WCc
361,A_30_0,U_40_0,WCc
361,U_31_0,U_39_0,WWc
361,A_33_0,G_37_0,SSc
361,A_33_0,G_38_0,XXX
361,A_33_0,A_66_0,WHt
361,U_34_0,A_35_0,SHc
361,U_34_0,G_37_0,SSt
361,U_34_0,A_65_0,WHt
361,G_37_0,C_61_0,WCc
361,G_38_0,C_60_0,WCc
361,G_38_0,C_61_0,WWc
361,G_38_0,A_66_0,SWt
361,G_46_0,C_53_0,WCc
361,U_47_0,C_50_0,WHt
361,U_47_0,U_51_0,XXX
361,U_51_0,U_74_0,WSc
361,U_51_0,U_75_0,XXX
361,A_52_0,A_73_0,SWc
361,C_54_0,G_72_0,WCc
361,A_55_0,U_71_0,WCc
361,A_56_0,U_70_0,WCc
361,G_57_0,C_69_0,WCc
361,A_58_0,U_68_0,WCc
361,G_59_0,C_67_0,WCc
361,C_61_0,A_65_0,SWc
362,C_13_0,G_83_0,WCc
362,G_14_0,U_82_0,GUc
362,C_15_0,G_81_0,WCc
362,U_16_0,A_80_0,WCc
362,U_17_0,A_79_0,WCc
362,C_18_0,G_78_0,WWc
362,C_18_0,A_79_0,WSc
362,A_19_0,U_77_0,WCc
362,U_20_0,A_76_0,WCc
362,U_20_0,U_77_0,XXX
362,A_21_0,U_75_0,WCc
362,U_22_0,A_52_0,WCc
362,A_23_0,G_46_0,WSc
362,U_25_0,A_45_0,WCc
362,U_25_0,C_53_0,XXX
362,C_26_0,G_44_0,WCc
362,C_27_0,G_43_0,WCc
362,U_28_0,G_42_0,GUc
362,A_29_0,U_41_0,WCc
362,A_30_0,U_40_0,WCc
362,U_31_0,U_39_0,WWc
362,A_33_0,G_37_0,SSc
362,A_33_0,G_38_0,XXX
362,A_33_0,A_66_0,WHt
362,U_34_0,G_37_0,SSc
362,U_34_0,A_65_0,WHt
362,A_35_0,A_64_0,HHc
362,G_37_0,C_61_0,WCc
362,G_37_0,A_65_0,XXX
362,G_38_0,C_60_0,WCc
362,G_38_0,A_66_0,SWt
362,G_46_0,C_53_0,WCc
362,U_47_0,U_51_0,XXX
362,U_47_0,A_52_0,XXX
362,U_51_0,U_74_0,WWc
362,A_52_0,A_73_0,SWc
362,A_52_0,U_74_0,SWc
362,C_54_0,G_72_0,WCc
362,A_55_0,U_71_0,WWc
362,A_56_0,U_70_0,WCc
362,G_57_0,C_69_0,WCc
362,A_58_0,U_68_0,WCc
362,G_59_0,C_67_0,WCc
362,C_61_0,A_65_0,SWc
363,C_13_0,G_83_0,WCc
363,G_14_0,U_82_0,GUc
363,C_15_0,G_81_0,WCc
363,U_16_0,A_80_0,WCc
363,U_17_0,A_79_0,WCc
363,C_18_0,G_78_0,WCc
363,A_19_0,U_77_0,WCc
363,U_20_0,A_76_0,WCc
363,A_21_0,U_75_0,WWc
363,U_22_0,U_47_0,XXX
363,U_22_0,A_52_0,WCc
363,A_23_0,G_46_0,WSt
363,U_25_0,A_45_0,WCc
363,U_25_0,C_53_0,XXX
363,C_26_0,G_44_0,WCc
363,C_27_0,G_43_0,WCc
363,U_28_0,G_42_0,GUc
363,A_29_0,U_41_0,WCc
363,A_30_0,U_40_0,WCc
363,U_31_0,U_39_0,WWc
363,A_33_0,G_37_0,SSc
363,A_33_0,G_38_0,XXX
363,A_33_0,A_66_0,WHt
363,U_34_0,A_35_0,SHc
363,U_34_0,G_37_0,SSt
363,U_34_0,A_65_0,WHt
363,G_37_0,C_60_0,WWc
363,G_37_0,C_61_0,WWc
363,G_38_0,G_59_0,XXX
363,G_38_0,C_60_0,WCc
363,G_38_0,A_66_0,SWt
363,G_46_0,C_53_0,WCc
363,U_47_0,C_50_0,XXX
363,U_51_0,U_74_0,WWc
363,U_51_0,U_75_0,XXX
363,A_52_0,A_73_0,SWc
363,A_52_0,U_74_0,SWc
363,C_54_0,G_72_0,WCc
363,A_55_0,U_71_0,WCc
363,A_56_0,U_70_0,WCc
363,G_57_0,C_69_0,WCc
363,A_58_0,U_68_0,WCc
363,G_59_0,C_67_0,WCc
363,C_60_0,A_66_0,XXX
363,C_61_0,A_65_0,XXX
364,C_13_0,G_83_0,WCc
364,G_14_0,U_82_0,GUc
364,C_15_0,G_81_0,WCc
364,U_16_0,A_80_0,WCc
364,U_17_0,A_79_0,WCc
364,C_18_0,G_78_0,WCc
364,A_19_0,U_77_0,WCc
364,U_20_0,A_76_0,WCc
364,A_21_0,U_75_0,WWc
364,U_22_0,A_52_0,WCc
364,A_23_0,G_46_0,WSc
364,U_25_0,A_45_0,WCc
364,U_25_0,C_53_0,XXX
364,C_26_0,G_44_0,WCc
364,C_27_0,G_43_0,WCc
364,U_28_0,G_42_0,GUc
364,A_29_0,U_41_0,WCc
364,A_30_0,U_40_0,WCc
364,U_31_0,U_39_0,WWc
364,A_33_0,G_37_0,SSc
364,A_33_0,A_66_0,WHt
364,U_34_0,A_35_0,SHc
364,U_34_0,G_37_0,SSt
364,U_34_0,A_65_0,WHt
364,G_37_0,C_61_0,WCc
364,G_38_0,C_60_0,WCc
364,G_38_0,C_61_0,XXX
364,G_38_0,A_66_0,SWt
364,G_46_0,A_52_0,XXX
364,G_46_0,C_53_0,WCc
364,U_47_0,C_50_0,XXX
364,U_51_0,U_75_0,XXX
364,A_52_0,A_73_0,SWc
364,A_52_0,U_74_0,XXX
364,C_54_0,G_72_0,WCc
364,A_55_0,U_71_0,XXX
364,A_56_0,U_70_0,WCc
364,G_57_0,C_69_0,WWc
364,A_58_0,U_68_0,WCc
364,A_58_0,C_69_0,WWc
364,G_59_0,C_67_0,WCc
364,C_61_0,A_65_0,SWc
364,U_63_0,A_64_0,XXX
365,C_13_0,G_83_0,WCc
365,G_14_0,U_82_0,GUc
365,C_15_0,G_81_0,WCc
365,U_16_0,A_80_0,WCc
365,U_17_0,A_79_0,WCc
365,C_18_0,G_78_0,WCc
365,A_19_0,U_77_0,WCc
365,U_20_0,A_76_0,WCc
365,A_21_0,U_75_0,WCc
365,U_22_0,U_47_0,HSc
365,U_22_0,A_52_0,WCc
365,A_23_0,G_46_0,WSc
365,U_25_0,A_45_0,WCc
365,C_26_0,G_44_0,WCc
365,C_27_0,G_43_0,WCc
365,U_28_0,A_29_0,WHc
365,U_28_0,G_42_0,GUc
365,A_29_0,U_41_0,WCc
365,A_30_0,U_40_0,WCc
365,U_31_0,U_39_0,WWc
365,A_33_0,G_37_0,SSc
365,A_33_0,A_66_0,WHt
365,U_34_0,A_35_0,SHc
365,U_34_0,G_37_0,SSc
365,U_34_0,A_65_0,WHt
365,G_37_0,A_66_0,XXX
365,G_38_0,C_60_0,WCc
365,G_38_0,C_61_0,XXX
365,G_38_0,A_66_0,SWt
365,G_46_0,C_53_0,WCc
365,U_47_0,C_50_0,WHt
365,U_47_0,U_51_0,XXX
365,U_47_0,A_52_0,XXX
365,U_51_0,U_74_0,WWc
365,U_51_0,U_75_0,XXX
365,A_52_0,A_73_0,SWc
365,A_52_0,U_74_0,SWc
365,C_54_0,G_72_0,WCc
365,A_55_0,U_71_0,WCc
365,A_56_0,U_70_0,WWc
365,G_57_0,C_69_0,WCc
365,A_58_0,U_68_0,WCc
365,G_59_0,C_67_0,WCc
365,C_60_0,C_67_0,XXX
365,C_61_0,A_65_0,SWc
365,C_61_0,A_66_0,XXX
366,C_13_0,G_83_0,WCc
366,G_14_0,U_82_0,GUc
366,C_15_0,G_81_0,WCc
366,U_16_0,A_80_0,WCc
366,U_17_0,A_79_0,WWc
366,C_18_0,G_78_0,WCc
366,A_19_0,U_77_0,WCc
366,U_20_0,A_76_0,WCc
366,A_21_0,U_75_0,WCc
366,U_22_0,U_47_0,HSc
366,U_22_0,A_52_0,WCc
366,U_22_0,U_74_0,XXX
366,A_23_0,G_46_0,WSt
366,U_25_0,A_45_0,WCc
366,U_25_0,C_53_0,XXX
366,C_26_0,G_44_0,WCc
366,C_27_0,G_43_0,WCc
366,U_28_0,G_42_0,GUc
366,A_29_0,U_41_0,WWc
366,A_30_0,U_40_0,WCc
366,U_31_0,U_39_0,WWc
366,A_33_0,G_37_0,SSc
366,A_33_0,A_66_0,WHt
366,U_34_0,G_37_0,SSt
366,U_34_0,A_65_0,WHt
366,G_37_0,C_61_0,WWc
366,G_37_0,A_66_0,XXX
366,G_38_0,C_60_0,WCc
366,G_38_0,A_66_0,SWt
366,G_46_0,C_53_0,WCc
366,U_47_0,C_50_0,WHt
366,U_51_0,U_74_0,WWc
366,U_51_0,U_75_0,XXX
366,A_52_0,A_73_0,SWc
366,C_54_0,G_72_0,WCc
366,A_55_0,U_71_0,WWc
366,A_56_0,U_70_0,WCc
366,G_57_0,C_69_0,WCc
366,A_58_0,U_68_0,WWc
366,G_59_0,C_67_0,WCc
366,C_61_0,A_65_0,SWc
367,C_13_0,G_83_0,WCc
367,G_14_0,U_82_0,GUc
367,C_15_0,G_81_0,WCc
367,U_16_0,A_80_0,WCc
367,U_17_0,A_79_0,WWc
367,C_18_0,G_78_0,WCc
367,A_19_0,U_77_0,WCc
367,U_20_0,A_76_0,WCc
367,A_21_0,U_75_0,WCc
367,U_22_0,U_47_0,HSc
367,U_22_0,A_52_0,WCc
367,A_23_0,G_46_0,WSt
367,A_24_0,G_72_0,XXX
367,U_25_0,A_45_0,WCc
367,C_26_0,G_44_0,WCc
367,C_27_0,G_43_0,WCc
367,U_28_0,G_42_0,GUc
367,A_29_0,U_41_0,WCc
367,A_30_0,U_40_0,WCc
367,U_31_0,U_39_0,WWc
367,A_33_0,G_37_0,SSc
367,A_33_0,A_66_0,WHt
367,U_34_0,A_65_0,WHt
367,G_37_0,C_60_0,WWc
367,G_37_0,C_61_0,WWc
367,G_37_0,A_66_0,XXX
367,G_38_0,C_60_0,WCc
367,G_38_0,A_66_0,SWt
367,G_46_0,A_52_0,WWc
367,G_46_0,C_53_0,WCc
367,U_47_0,C_50_0,XXX
367,U_47_0,U_51_0,XXX
367,U_51_0,U_74_0,WWc
367,A_52_0,A_73_0,SWc
367,C_54_0,G_72_0,WCc
367,A_55_0,U_71_0,WWc
367,A_56_0,U_70_0,WCc
367,G_57_0,C_69_0,WCc
367,A_58_0,U_68_0,WCc
367,G_59_0,C_67_0,WCc
367,C_60_0,A_66_0,XXX
367,C_61_0,A_65_0,XXX
368,C_13_0,G_83_0,WCc
368,G_14_0,U_82_0,GUc
368,C_15_0,G_81_0,WCc
368,U_16_0,A_80_0,WCc
368,U_17_0,A_79_0,WCc
368,C_18_0,G_78_0,WCc
368,A_19_0,U_77_0,WWc
368,U_20_0,A_76_0,WCc
368,U_20_0,U_77_0,XXX
368,A_21_0,U_75_0,WCc
368,U_22_0,A_52_0,WCc
368,A_23_0,G_46_0,WSc
368,A_24_0,G_72_0,HWt
368,U_25_0,A_45_0,WCc
368,U_25_0,C_53_0,XXX
368,C_26_0,G_44_0,WCc
368,C_27_0,G_43_0,WCc
368,U_28_0,G_42_0,GUc
368,A_29_0,U_41_0,WCc
368,A_30_0,U_40_0,WWc
368,U_31_0,U_39_0,WWc
368,A_33_0,A_66_0,XXX
368,U_34_0,G_37_0,SSt
368,U_34_0,A_65_0,WHt
368,G_37_0,C_61_0,WCc
368,G_38_0,C_60_0,WCc
368,G_38_0,A_66_0,SWt
368,G_46_0,C_53_0,WCc
368,U_47_0,U_51_0,XXX
368,U_51_0,U_74_0,WWc
368,A_52_0,A_73_0,SWc
368,C_54_0,G_72_0,WCc
368,A_55_0,U_71_0,WCc
368,A_56_0,U_70_0,WCc
368,G_57_0,C_69_0,WCc
368,A_58_0,U_68_0,WWc
368,A_58_0,C_69_0,WWc
368,G_59_0,C_67_0,WCc
368,C_61_0,A_65_0,SWc
369,C_13_0,G_83_0,WCc
369,G_14_0,U_82_0,GUc
369,C_15_0,G_81_0,WCc
369,U_16_0,A_80_0,WCc
369,U_17_0,A_79_0,WCc
369,C_18_0,G_78_0,WCc
369,A_19_0,A_76_0,XXX
369,A_19_0,U_77_0,WCc
369,U_20_0,A_76_0,WCc
369,A_21_0,U_75_0,WCc
369,U_22_0,A_52_0,WCc
369,A_23_0,G_46_0,WSc
369,U_25_0,A_45_0,WCc
369,C_26_0,G_44_0,WCc
369,C_27_0,G_43_0,WCc
369,U_28_0,G_42_0,GUc
369,A_29_0,U_41_0,WCc
369,A_30_0,U_40_0,WCc
369,U_31_0,U_39_0,WWc
369,A_33_0,G_38_0,XXX
369,A_33_0,A_66_0,WHt
369,U_34_0,G_37_0,SSt
369,U_34_0,A_65_0,WHt
369,G_37_0,C_61_0,WCc
369,G_37_0,A_66_0,XXX
369,G_38_0,C_60_0,WCc
369,G_38_0,A_66_0,SWt
369,G_46_0,C_53_0,WCc
369,U_47_0,U_51_0,XXX
369,U_51_0,U_74_0,WWc
369,A_52_0,A_73_0,SWc
369,A_52_0,U_74_0,XXX
369,C_54_0,G_72_0,WCc
369,A_55_0,U_71_0,WCc
369,A_56_0,U_70_0,WCc
369,G_57_0,C_69_0,WCc
369,A_58_0,U_68_0,WCc
369,G_59_0,C_67_0,WCc
369,C_60_0,C_67_0,XXX
369,C_61_0,A_65_0,SWc
370,C_13_0,G_83_0,WWc
370,G_14_0,U_82_0,GUc
370,C_15_0,G_81_0,WCc
370,U_16_0,A_80_0,WCc
370,U_17_0,A_79_0,WCc
370,C_18_0,G_78_0,WCc
370,A_19_0,U_77_0,WCc
370,U_20_0,A_76_0,WCc
370,A_21_0,U_49_0,XXX
370,A_21_0,U_75_0,WCc
370,U_22_0,U_47_0,HSc
370,U_22_0,A_52_0,WCc
370,A_23_0,G_46_0,WSc
370,A_23_0,A_52_0,XXX
370,A_24_0,G_72_0,HWt
370,U_25_0,A_45_0,WCc
370,C_26_0,G_44_0,WCc
370,C_27_0,G_43_0,WCc
370,U_28_0,G_42_0,GUc
370,A_29_0,U_41_0,WCc
370,A_30_0,U_40_0,WCc
370,U_31_0,U_39_0,WWc
370,A_33_0,G_37_0,SSc
370,A_33_0,A_66_0,WHt
370,U_34_0,G_37_0,SSt
370,U_34_0,A_65_0,WHt
370,G_37_0,C_61_0,WCc
370,G_38_0,C_60_0,WCc
370,G_38_0,A_66_0,SWt
370,G_46_0,C_53_0,WCc
370,U_47_0,A_52_0,WWc
370,U_51_0,U_74_0,WWc
370,A_52_0,A_73_0,SWc
370,A_52_0,U_74_0,XXX
370,C_54_0,A_55_0,XXX
370,C_54_0,G_72_0,WWc
370,A_55_0,U_71_0,WCc
370,A_56_0,U_70_0,WCc
370,G_57_0,C_69_0,WCc
370,A_58_0,U_68_0,WCc
370,G_59_0,C_67_0,WCc
370,C_61_0,A_65_0,SWc
370,U_62_0,U_63_0,SHc
371,C_13_0,G_83_0,WCc
371,G_14_0,U_82_0,GUc
371,C_15_0,G_81_0,WCc
371,U_16_0,A_80_0,WCc
371,U_17_0,A_79_0,WCc
371,C_18_0,G_78_0,WCc
371,A_19_0,U_77_0,WCc
371,U_20_0,A_76_0,WWc
371,A_21_0,U_75_0,WCc
371,U_22_0,U_47_0,HSc
371,U_22_0,A_52_0,WCc
371,U_22_0,C_53_0,XXX
371,A_23_0,G_46_0,WSc
371,U_25_0,A_45_0,WCc
371,C_26_0,G_44_0,WCc
371,C_27_0,G_43_0,WCc
371,U_28_0,G_42_0,WWc
371,A_29_0,U_41_0,WCc
371,A_30_0,U_40_0,WCc
371,U_31_0,U_39_0,WWc
371,A_33_0,G_37_0,SSc
371,A_33_0,G_38_0,XXX
371,A_33_0,A_66_0,WHt
371,U_34_0,G_37_0,SSt
371,U_34_0,A_65_0,WHt
371,G_37_0,C_61_0,WCc
371,G_38_0,C_60_0,WCc
371,G_38_0,A_66_0,SWt
371,G_46_0,C_53_0,WCc
371,U_49_0,U_75_0,XXX
371,U_51_0,U_74_0,WWc
371,A_52_0,A_73_0,SWc
371,C_54_0,A_55_0,WHc
371,C_54_0,G_72_0,WCc
371,A_55_0,U_71_0,WCc
371,A_56_0,U_70_0,WCc
371,G_57_0,C_69_0,WCc
371,A_58_0,U_68_0,WCc
371,G_59_0,C_67_0,WCc
371,C_61_0,A_65_0,SWc
372,C_13_0,G_83_0,WCc
372,G_14_0,U_82_0,GUc
372,C_15_0,G_81_0,WCc
372,U_16_0,A_80_0,WCc
372,U_17_0,A_79_0,WWc
372,C_18_0,G_78_0,WCc
372,A_19_0,U_77_0,WCc
372,U_20_0,A_76_0,WCc
372,A_21_0,U_75_0,WCc
372,U_22_0,A_52_0,WCc
372,A_23_0,A_45_0,XXX
372,A_23_0,G_46_0,WSc
372,A_24_0,G_72_0,HWt
372,U_25_0,A_45_0,WCc
372,C_26_0,G_44_0,WCc
372,C_27_0,G_43_0,WCc
372,U_28_0,G_42_0,WWc
372,A_29_0,U_41_0,WCc
372,A_30_0,U_40_0,WCc
372,U_31_0,U_39_0,WWc
372,A_33_0,G_37_0,SSc
372,A_33_0,A_66_0,WHt
372,U_34_0,G_37_0,SSt
372,U_34_0,A_65_0,WHt
372,G_37_0,C_61_0,WCc
372,G_38_0,C_60_0,WCc
372,G_38_0,A_66_0,SWt
372,G_46_0,C_53_0,WCc
372,U_51_0,U_74_0,WWc
372,U_51_0,U_75_0,XXX
372,A_52_0,A_73_0,SWc
372,A_52_0,U_74_0,SWc
372,C_54_0,G_72_0,WWc
372,A_55_0,U_71_0,WCc
372,A_56_0,U_70_0,WCc
372,G_57_0,C_69_0,WCc
372,A_58_0,U_68_0,WCc
372,G_59_0,C_67_0,WCc
372,C_60_0,A_66_0,XXX
372,C_61_0,A_65_0,SWc
372,A_66_0,C_67_0,XXX
373,C_13_0,G_83_0,WCc
373,G_14_0,G_81_0,XXX
373,G_14_0,U_82_0,GUc
373,C_15_0,G_81_0,WWc
373,U_16_0,A_80_0,WCc
373,U_17_0,A_79_0,WCc
373,C_18_0,G_78_0,WCc
373,A_19_0,U_77_0,WCc
373,U_20_0,A_76_0,WCc
373,A_21_0,U_75_0,WCc
373,U_22_0,A_52_0,WCc
373,A_23_0,G_46_0,WSc
373,A_24_0,G_72_0,HWt
373,U_25_0,A_45_0,WWc
373,U_25_0,C_53_0,XXX
373,C_26_0,G_44_0,WWc
373,C_26_0,A_45_0,WWc
373,C_27_0,G_43_0,WCc
373,U_28_0,G_42_0,GUc
373,A_29_0,U_41_0,WCc
373,A_30_0,U_40_0,WCc
373,U_31_0,U_39_0,WWc
373,A_33_0,G_37_0,SSc
373,A_33_0,A_66_0,WHt
373,U_34_0,G_37_0,SSt
373,U_34_0,A_65_0,WHt
373,G_37_0,C_61_0,WCc
373,G_38_0,C_60_0,WCc
373,G_38_0,A_66_0,SWt
373,G_46_0,C_53_0,WCc
373,U_47_0,U_51_0,XXX
373,U_51_0,U_74_0,WWc
373,A_52_0,A_73_0,SWc
373,A_52_0,U_74_0,XXX
373,C_54_0,G_72_0,WWc
373,A_55_0,U_71_0,WCc
373,A_56_0,U_70_0,WWc
373,G_57_0,C_69_0,WCc
373,A_58_0,U_68_0,WCc
373,G_59_0,C_67_0,WCc
373,A_66_0,C_67_0,XXX
374,C_13_0,G_83_0,WCc
374,G_14_0,U_82_0,GUc
374,C_15_0,G_81_0,WCc
374,U_16_0,A_80_0,WCc
374,U_17_0,A_79_0,WCc
374,C_18_0,G_78_0,WCc
374,A_19_0,U_77_0,WCc
374,U_20_0,A_76_0,WCc
374,A_21_0,U_75_0,WCc
374,U_22_0,A_52_0,WCc
374,A_23_0,A_45_0,XXX
374,A_23_0,G_46_0,WSc
374,U_25_0,A_45_0,WCc
374,U_25_0,C_53_0,HSc
374,C_26_0,G_44_0,WCc
374,C_27_0,G_43_0,WCc
374,U_28_0,G_42_0,GUc
374,A_29_0,U_41_0,WWc
374,A_30_0,U_40_0,WCc
374,U_31_0,U_39_0,WWc
374,A_33_0,G_37_0,SSc
374,A_33_0,G_38_0,XXX
374,A_33_0,A_66_0,WHt
374,U_34_0,G_37_0,SSt
374,U_34_0,A_65_0,WHt
374,G_37_0,C_60_0,WWc
374,G_37_0,C_61_0,WCc
374,G_38_0,C_60_0,WCc
374,G_38_0,A_66_0,SWc
374,G_46_0,A_52_0,WWc
374,G_46_0,C_53_0,WCc
374,U_47_0,U_51_0,XXX
374,U_51_0,U_74_0,WWc
374,A_52_0,A_73_0,SWc
374,A_52_0,U_74_0,SWc
374,C_54_0,G_72_0,WCc
374,A_55_0,U_71_0,WCc
374,A_56_0,U_70_0,WCc
374,G_57_0,C_69_0,WCc
374,A_58_0,U_68_0,WCc
374,G_59_0,C_67_0,WCc
374,C_60_0,A_66_0,XXX
374,C_61_0,A_65_0,SWc
374,U_62_0,U_63_0,XXX
375,C_13_0,G_83_0,WCc
375,G_14_0,U_82_0,GUc
375,C_15_0,G_81_0,WCc
375,U_16_0,A_80_0,WCc
375,U_17_0,A_79_0,WCc
375,C_18_0,G_78_0,WCc
375,A_19_0,U_77_0,WCc
375,U_20_0,A_76_0,WCc
375,U_20_0,U_77_0,XXX
375,A_21_0,U_75_0,WCc
375,U_22_0,U_47_0,XXX
375,U_22_0,A_52_0,WCc
375,A_23_0,G_46_0,WSt
375,A_23_0,A_52_0,XXX
375,U_25_0,A_45_0,WCc
375,U_25_0,C_53_0,XXX
375,C_26_0,G_44_0,WCc
375,C_27_0,G_43_0,WCc
375,U_28_0,G_42_0,GUc
375,A_29_0,U_41_0,WCc
375,A_30_0,U_40_0,WCc
375,U_31_0,U_39_0,WWc
375,A_33_0,G_37_0,SSc
375,A_33_0,G_38_0,XXX
375,A_33_0,A_66_0,WHt
375,U_34_0,G_37_0,SSt
375,U_34_0,A_65_0,WHt
375,U_34_0,A_66_0,XXX
375,G_37_0,C_61_0,WCc
375,G_37_0,A_66_0,XXX
375,G_38_0,C_60_0,WCc
375,G_38_0,C_61_0,XXX
375,G_38_0,A_66_0,SWt
375,G_46_0,C_53_0,WCc
375,U_47_0,U_51_0,XXX
375,U_51_0,U_74_0,WWc
375,A_52_0,A_73_0,SWc
375,C_54_0,G_72_0,WCc
375,A_55_0,U_71_0,WCc
375,A_56_0,U_70_0,WCc
375,G_57_0,C_69_0,WCc
375,A_58_0,U_68_0,WCc
375,G_59_0,C_67_0,WCc
375,C_60_0,A_66_0,XXX
375,C_61_0,A_65_0,SWc
375,U_62_0,U_63_0,XXX
376,C_13_0,G_83_0,WCc
376,G_14_0,U_82_0,GUc
376,C_15_0,G_81_0,WCc
376,U_16_0,A_80_0,WCc
376,U_17_0,A_79_0,WCc
376,C_18_0,G_78_0,WCc
376,A_19_0,U_77_0,WCc
376,U_20_0,A_76_0,WCc
376,U_20_0,U_77_0,XXX
376,A_21_0,U_75_0,WCc
376,U_22_0,A_52_0,WCc
376,A_23_0,G_46_0,WSc
376,A_23_0,A_52_0,XXX
376,U_25_0,A_45_0,WCc
376,U_25_0,C_53_0,XXX
376,C_26_0,G_44_0,WCc
376,C_27_0,G_43_0,WCc
376,U_28_0,G_42_0,GUc
376,A_29_0,U_41_0,WCc
376,A_30_0,U_40_0,WCc
376,U_31_0,U_39_0,WWc
376,G_32_0,A_66_0,XXX
376,A_33_0,A_66_0,WHt
376,U_34_0,G_37_0,SSt
376,U_34_0,A_65_0,WHt
376,G_37_0,C_61_0,WCc
376,G_38_0,C_60_0,WCc
376,G_38_0,A_66_0,SWt
376,G_46_0,C_53_0,WCc
376,U_47_0,U_51_0,XXX
376,U_51_0,U_74_0,WWc
376,A_52_0,A_73_0,SWc
376,C_54_0,G_72_0,WCc
376,A_55_0,U_71_0,WCc
376,A_56_0,U_70_0,WCc
376,G_57_0,C_69_0,WCc
376,A_58_0,U_68_0,WWc
376,G_59_0,C_67_0,WCc
376,C_61_0,A_65_0,SWc
377,C_13_0,G_83_0,WCc
377,G_14_0,U_82_0,GUc
377,C_15_0,G_81_0,WCc
377,U_16_0,A_80_0,WCc
377,U_17_0,A_79_0,WCc
377,C_18_0,G_78_0,WWc
377,C_18_0,A_79_0,WWc
377,A_19_0,U_77_0,WCc
377,U_20_0,A_76_0,WCc
377,A_21_0,U_75_0,WWc
377,U_22_0,A_52_0,WCc
377,A_23_0,A_45_0,XXX
377,A_23_0,G_46_0,WSc
377,U_25_0,A_45_0,WCc
377,C_26_0,G_44_0,WCc
377,C_27_0,G_43_0,WCc
377,U_28_0,G_42_0,GUc
377,A_29_0,U_41_0,WCc
377,A_30_0,U_40_0,WCc
377,U_31_0,U_39_0,WWc
377,A_33_0,G_37_0,SSc
377,A_33_0,A_66_0,WHt
377,U_34_0,A_35_0,SHc
377,U_34_0,G_37_0,XXX
377,U_34_0,A_65_0,WHt
377,A_35_0,A_65_0,XXX
377,G_37_0,C_61_0,WCc
377,G_38_0,C_60_0,WCc
377,G_38_0,A_66_0,SWt
377,G_46_0,C_53_0,WCc
377,U_47_0,U_51_0,XXX
377,U_51_0,U_74_0,WWc
377,A_52_0,A_73_0,SWc
377,A_52_0,U_74_0,XXX
377,C_54_0,G_72_0,WCc
377,A_55_0,U_71_0,WCc
377,A_56_0,U_70_0,WCc
377,G_57_0,C_69_0,WCc
377,A_58_0,U_68_0,WWc
377,G_59_0,C_67_0,WCc
377,C_60_0,A_66_0,XXX
377,C_61_0,A_65_0,SWc
378,C_13_0,G_83_0,WCc
378,G_14_0,U_82_0,GUc
378,C_15_0,G_81_0,WCc
378,U_16_0,A_80_0,WCc
378,U_17_0,A_79_0,WCc
378,C_18_0,G_78_0,WCc
378,A_19_0,U_77_0,WCc
378,U_20_0,A_76_0,WCc
378,U_20_0,U_77_0,XXX
378,A_21_0,U_75_0,WWc
378,U_22_0,A_52_0,WCc
378,A_23_0,G_46_0,WSt
378,U_25_0,A_45_0,WCc
378,C_26_0,G_44_0,WCc
378,C_27_0,G_43_0,WCc
378,U_28_0,G_42_0,GUc
378,A_29_0,U_41_0,WCc
378,A_30_0,U_40_0,WCc
378,U_31_0,U_39_0,WWc
378,A_33_0,G_37_0,SSc
378,A_33_0,A_66_0,WHt
378,U_34_0,G_37_0,SSt
378,U_34_0,A_65_0,WHt
378,G_37_0,C_61_0,WCc
378,G_38_0,C_60_0,WWc
378,G_38_0,A_66_0,SWt
378,G_46_0,C_53_0,WCc
378,U_47_0,U_51_0,XXX
378,U_51_0,U_74_0,WWc
378,A_52_0,A_73_0,SWc
378,A_52_0,U_74_0,XXX
378,C_54_0,G_72_0,WCc
378,A_55_0,U_71_0,WCc
378,A_56_0,U_70_0,WWc
378,G_57_0,C_69_0,WCc
378,A_58_0,U_68_0,WCc
378,G_59_0,C_67_0,WCc
378,C_61_0,A_65_0,XXX
379,C_13_0,G_83_0,WCc
379,G_14_0,U_82_0,GUc
379,C_15_0,G_81_0,WCc
379,U_16_0,A_80_0,WCc
379,U_17_0,A_79_0,WCc
379,C_18_0,G_78_0,WCc
379,A_19_0,U_77_0,WCc
379,U_20_0,A_76_0,WCc
379,A_21_0,U_75_0,WCc
379,U_22_0,A_52_0,WCc
379,A_23_0,G_46_0,WSt
379,U_25_0,A_45_0,WCc
379,C_26_0,G_44_0,WCc
379,C_27_0,G_43_0,WCc
379,U_28_0,G_42_0,GUc
379,A_29_0,U_41_0,WCc
379,A_30_0,U_40_0,WCc
379,U_31_0,U_39_0,WWc
379,A_33_0,G_38_0,XXX
379,A_33_0,A_66_0,WHt
379,U_34_0,A_35_0,SHc
379,U_34_0,G_37_0,SSt
379,U_34_0,A_65_0,WHt
379,G_37_0,C_61_0,WCc
379,G_38_0,C_60_0,WCc
379,G_38_0,A_66_0,SWt
379,G_46_0,C_53_0,WCc
379,U_47_0,U_51_0,XXX
379,U_51_0,U_74_0,WWc
379,A_52_0,A_73_0,SWc
379,A_52_0,U_74_0,SWc
379,C_54_0,G_72_0,WCc
379,A_55_0,U_71_0,WCc
379,A_56_0,U_70_0,WCc
379,G_57_0,C_69_0,WCc
379,A_58_0,U_68_0,WCc
379,G_59_0,C_67_0,WCc
379,C_61_0,A_65_0,SWc
379,A_66_0,C_67_0,XXX
380,C_13_0,G_83_0,WCc
380,G_14_0,U_82_0,GUc
380,C_15_0,G_81_0,WCc
380,U_16_0,A_80_0,WCc
380,U_17_0,A_79_0,WCc
380,C_18_0,G_78_0,WCc
380,A_19_0,U_77_0,WWc
380,U_20_0,A_76_0,WCc
380,A_21_0,U_75_0,WCc
380,U_22_0,A_52_0,WCc
380,A_23_0,G_46_0,WSt
380,A_24_0,G_72_0,XXX
380,U_25_0,A_45_0,WCc
380,C_26_0,G_44_0,WCc
380,C_27_0,G_43_0,WCc
380,U_28_0,G_42_0,GUc
380,A_29_0,U_41_0,WCc
380,A_30_0,U_40_0,WCc
380,U_31_0,U_39_0,WWc
380,A_33_0,G_37_0,SSc
380,A_33_0,G_38_0,XXX
380,A_33_0,A_66_0,WHt
380,U_34_0,A_35_0,SHc
380,U_34_0,G_37_0,SSc
380,U_34_0,A_65_0,WHt
380,G_37_0,C_61_0,WWc
380,G_38_0,C_60_0,WCc
380,G_38_0,C_61_0,XXX
380,G_38_0,A_66_0,SWt
380,G_46_0,C_53_0,WCc
380,U_47_0,U_51_0,XXX
380,U_51_0,U_74_0,WWc
380,A_52_0,A_73_0,SWc
380,C_54_0,G_72_0,WCc
380,A_55_0,U_71_0,WCc
380,A_56_0,U_70_0,WWc
380,G_57_0,C_69_0,WCc
380,A_58_0,U_68_0,WCc
380,G_59_0,C_67_0,WCc
380,C_61_0,A_65_0,SWc
381,C_13_0,G_83_0,WCc
381,G_14_0,U_82_0,WWc
381,C_15_0,G_81_0,WWc
381,U_16_0,A_80_0,WCc
381,U_17_0,A_79_0,WCc
381,C_18_0,G_78_0,WCc
381,A_19_0,U_77_0,WCc
381,U_20_0,A_76_0,WWc
381,A_21_0,U_75_0,WCc
381,U_22_0,U_47_0,XXX
381,U_22_0,A_52_0,WCc
381,A_23_0,G_46_0,WSc
381,U_25_0,A_45_0,WCc
381,C_26_0,G_44_0,WCc
381,C_27_0,G_43_0,WCc
381,U_28_0,G_42_0,GUc
381,A_29_0,U_41_0,WCc
381,A_30_0,U_40_0,WCc
381,U_31_0,U_39_0,WWc
381,U_31_0,U_40_0,WWc
381,A_33_0,G_37_0,SSc
381,A_33_0,A_66_0,WHt
381,U_34_0,A_35_0,SHc
381,U_34_0,A_65_0,WHt
381,G_37_0,C_60_0,WWc
381,G_37_0,C_61_0,WWc
381,G_38_0,G_59_0,WHc
381,G_38_0,C_60_0,WCc
381,G_38_0,C_61_0,XXX
381,G_38_0,A_66_0,SWt
381,G_46_0,C_53_0,WCc
381,U_49_0,C_50_0,SHc
381,A_52_0,A_73_0,SWc
381,A_52_0,U_74_0,SWc
381,C_54_0,G_72_0,WWc
381,A_55_0,U_71_0,WCc
381,A_56_0,U_70_0,WCc
381,G_57_0,C_69_0,WCc
381,A_58_0,U_68_0,WCc
381,G_59_0,C_67_0,WCc
381,C_61_0,A_65_0,XXX
382,C_13_0,G_83_0,WCc
382,G_14_0,U_82_0,GUc
382,C_15_0,G_81_0,WCc
382,U_16_0,A_80_0,WCc
382,U_17_0,A_79_0,WCc
382,C_18_0,G_78_0,WCc
382,A_19_0,U_77_0,WCc
382,U_20_0,A_76_0,WCc
382,A_21_0,U_75_0,WCc
382,U_22_0,A_52_0,WCc
382,A_23_0,G_46_0,WSc
382,A_23_0,C_53_0,XXX
382,U_25_0,A_45_0,WCc
382,C_26_0,G_44_0,WCc
382,C_27_0,G_43_0,WCc
382,U_28_0,G_42_0,GUc
382,A_29_0,U_41_0,WCc
382,A_30_0,U_40_0,WCc
382,U_31_0,U_39_0,WWc
382,A_33_0,G_37_0,SSc
382,A_33_0,G_38_0,XXX
382,A_33_0,A_66_0,WHt
382,U_34_0,G_37_0,SSt
382,U_34_0,A_65_0,WHt
382,G_37_0,C_60_0,WWc
382,G_37_0,C_61_0,WCc
382,G_37_0,A_65_0,XXX
382,G_38_0,C_60_0,WCc
382,G_38_0,A_66_0,SWt
382,G_46_0,C_53_0,WCc
382,U_51_0,U_74_0,WSc
382,U_51_0,U_75_0,XXX
382,A_52_0,A_73_0,SWc
382,C_54_0,G_72_0,WCc
382,A_55_0,U_71_0,WCc
382,A_56_0,U_70_0,WWc
382,G_57_0,C_69_0,WCc
382,G_57_0,U_70_0,WWc
382,A_58_0,U_68_0,WCc
382,G_59_0,C_67_0,WWc
382,C_60_0,A_66_0,XXX
382,C_61_0,A_65_0,SWc
383,C_13_0,G_83_0,WCc
383,G_14_0,U_82_0,WSc
383,C_15_0,G_81_0,WWc
383,U_16_0,A_80_0,WCc
383,U_17_0,A_79_0,WWc
383,C_18_0,G_78_0,WCc
383,A_19_0,U_77_0,WCc
383,U_20_0,A_76_0,WCc
383,A_21_0,U_48_0,XXX
383,A_21_0,U_49_0,XXX
383,A_21_0,U_75_0,WCc
383,U_22_0,A_52_0,XXX
383,A_23_0,G_46_0,WSt
383,U_25_0,A_45_0,WCc
383,C_26_0,G_44_0,WCc
383,C_27_0,G_43_0,WCc
383,U_28_0,G_42_0,GUc
383,A_29_0,U_41_0,WCc
383,A_30_0,U_40_0,WCc
383,U_31_0,U_39_0,WWc
383,A_33_0,G_37_0,SSc
383,A_33_0,A_66_0,WHt
383,U_34_0,A_35_0,SHc
383,U_34_0,G_37_0,SSt
383,U_34_0,A_65_0,WHt
383,G_37_0,C_61_0,WCc
383,G_38_0,C_60_0,WCc
383,G_38_0,A_66_0,SWt
383,G_46_0,C_53_0,WCc
383,U_47_0,U_49_0,SHt
383,U_48_0,A_76_0,WSc
383,U_49_0,U_75_0,WSc
383,U_51_0,U_74_0,WWc
383,A_52_0,A_73_0,SWc
383,C_54_0,G_72_0,WCc
383,A_55_0,U_71_0,WCc
383,A_56_0,U_70_0,WCc
383,G_57_0,C_69_0,WCc
383,A_58_0,U_68_0,WCc
383,G_59_0,C_67_0,WCc
383,C_61_0,A_65_0,XXX
384,C_13_0,G_83_0,WCc
384,G_14_0,U_82_0,GUc
384,C_15_0,G_81_0,WWc
384,U_16_0,A_80_0,WCc
384,U_17_0,A_79_0,WCc
384,C_18_0,G_78_0,WCc
384,A_19_0,U_77_0,WCc
384,U_20_0,A_76_0,WCc
384,A_21_0,U_75_0,WCc
384,U_22_0,A_52_0,WCc
384,A_23_0,G_46_0,WSt
384,A_24_0,G_72_0,HWt
384,U_25_0,A_45_0,WCc
384,C_26_0,G_44_0,WCc
384,C_27_0,G_43_0,WCc
384,U_28_0,G_42_0,GUc
384,A_29_0,U_41_0,WCc
384,A_30_0,U_40_0,WCc
384,U_31_0,U_39_0,WWc
384,A_33_0,G_37_0,SSc
384,A_33_0,A_66_0,WHt
384,U_34_0,G_37_0,SSt
384,U_34_0,A_65_0,WHt
384,G_37_0,C_61_0,WCc
384,G_38_0,C_60_0,WCc
384,G_38_0,A_66_0,SWt
384,G_46_0,C_53_0,WCc
384,A_52_0,A_73_0,SWc
384,A_52_0,U_74_0,XXX
384,C_54_0,G_72_0,WCc
384,A_55_0,U_71_0,WWc
384,A_56_0,U_70_0,WCc
384,G_57_0,C_69_0,WCc
384,A_58_0,U_68_0,WCc
384,G_59_0,C_67_0,WCc
384,C_61_0,A_65_0,SWc
385,C_13_0,G_83_0,WCc
385,G_14_0,U_82_0,GUc
385,C_15_0,G_81_0,WCc
385,U_16_0,A_80_0,WCc
385,U_17_0,A_79_0,WCc
385,C_18_0,G_78_0,WCc
385,A_19_0,U_77_0,WCc
385,U_20_0,A_76_0,WCc
385,A_21_0,U_49_0,XXX
385,A_21_0,U_75_0,WCc
385,U_22_0,A_52_0,WCc
385,A_23_0,G_46_0,WSc
385,A_24_0,G_72_0,HWt
385,U_25_0,A_45_0,WCc
385,U_25_0,C_53_0,HSc
385,C_26_0,G_44_0,WCc
385,C_27_0,G_43_0,WCc
385,U_28_0,G_42_0,GUc
385,A_29_0,U_41_0,WCc
385,A_30_0,U_40_0,WWc
385,U_31_0,U_39_0,WWc
385,U_31_0,U_40_0,XXX
385,A_33_0,G_37_0,SSc
385,A_33_0,A_66_0,WHt
385,U_34_0,A_35_0,SHc
385,U_34_0,G_37_0,SSt
385,U_34_0,A_65_0,WHt
385,G_37_0,C_61_0,WCc
385,G_38_0,C_60_0,WCc
385,G_38_0,A_66_0,SWt
385,G_46_0,C_53_0,WCc
385,U_47_0,U_49_0,SHt
385,U_48_0,A_76_0,HSc
385,U_51_0,U_74_0,WWc
385,A_52_0,A_73_0,SWc
385,A_52_0,U_74_0,SWc
385,C_54_0,G_72_0,WWc
385,A_55_0,U_71_0,WCc
385,A_56_0,U_70_0,WCc
385,G_57_0,C_69_0,WCc
385,A_58_0,U_68_0,WCc
385,G_59_0,C_67_0,WCc
385,C_61_0,A_65_0,XXX
386,C_13_0,G_83_0,WCc
386,G_14_0,U_82_0,GUc
386,C_15_0,G_81_0,WCc
386,U_16_0,A_80_0,WCc
386,U_17_0,A_79_0,WCc
386,C_18_0,G_78_0,WCc
386,A_19_0,U_77_0,WCc
386,U_20_0,A_76_0,WWc
386,A_21_0,U_48_0,XXX
386,A_21_0,U_75_0,WCc
386,U_22_0,U_47_0,XXX
386,U_22_0,A_52_0,WCc
386,A_23_0,G_46_0,WSc
386,U_25_0,A_45_0,WCc
386,U_25_0,C_53_0,XXX
386,C_26_0,G_44_0,WCc
386,C_27_0,G_43_0,WCc
386,U_28_0,G_42_0,GUc
386,A_29_0,U_41_0,WCc
386,A_30_0,U_40_0,WCc
386,U_31_0,U_39_0,WWc
386,A_33_0,G_37_0,SSc
386,A_33_0,A_66_0,WHt
386,U_34_0,G_37_0,SSt
386,U_34_0,A_65_0,WHt
386,G_37_0,C_61_0,WWc
386,G_38_0,C_60_0,WCc
386,G_38_0,A_66_0,SWt
386,G_46_0,C_53_0,WCc
386,U_47_0,U_49_0,XXX
386,U_48_0,A_76_0,WSc
386,U_49_0,C_50_0,XXX
386,U_49_0,U_75_0,XXX
386,U_51_0,U_74_0,WWc
386,U_51_0,U_75_0,XXX
386,A_52_0,A_73_0,SWc
386,C_54_0,G_72_0,WCc
386,A_55_0,U_71_0,WCc
386,A_56_0,U_70_0,WCc
386,G_57_0,C_69_0,WCc
386,A_58_0,U_68_0,WWc
386,G_59_0,C_67_0,WCc
386,C_61_0,A_65_0,XXX
386,A_66_0,C_67_0,XXX
387,C_13_0,G_83_0,WCc
387,G_14_0,U_82_0,GUc
387,C_15_0,G_81_0,WCc
387,C_15_0,U_82_0,XXX
387,U_16_0,A_80_0,WCc
387,U_17_0,A_79_0,WCc
387,C_18_0,G_78_0,WCc
387,A_19_0,U_77_0,WCc
387,U_20_0,A_76_0,WCc
387,A_21_0,U_48_0,SHc
387,A_21_0,U_49_0,XXX
387,A_21_0,U_75_0,WCc
387,U_22_0,A_52_0,WCc
387,U_22_0,U_74_0,XXX
387,A_23_0,G_46_0,WSc
387,U_25_0,A_45_0,WCc
387,U_25_0,C_53_0,XXX
387,C_26_0,G_44_0,WCc
387,C_27_0,G_43_0,WCc
387,U_28_0,G_42_0,GUc
387,A_29_0,U_41_0,WCc
387,A_30_0,U_40_0,WCc
387,U_31_0,U_39_0,WWc
387,A_33_0,G_37_0,SSc
387,A_33_0,A_65_0,XXX
387,A_33_0,A_66_0,WHt
387,U_34_0,G_37_0,SSt
387,U_34_0,A_65_0,WHt
387,G_37_0,C_61_0,WCc
387,G_38_0,C_60_0,WWc
387,G_38_0,A_66_0,SWt
387,G_46_0,C_53_0,WCc
387,U_47_0,U_49_0,SHt
387,U_48_0,A_76_0,WSc
387,U_49_0,U_75_0,XXX
387,U_51_0,U_74_0,WWc
387,A_52_0,A_73_0,SWc
387,C_54_0,A_55_0,XXX
387,C_54_0,G_72_0,WWc
387,A_55_0,U_71_0,WCc
387,A_56_0,U_70_0,WCc
387,G_57_0,C_69_0,WWc
387,A_58_0,C_67_0,XXX
387,A_58_0,U_68_0,WCc
387,A_58_0,C_69_0,WWc
387,G_59_0,C_67_0,WCc
387,C_61_0,A_65_0,SWc
387,A_66_0,C_67_0,XXX
388,C_13_0,G_83_0,WCc
388,G_14_0,U_82_0,GUc
388,C_15_0,G_81_0,WCc
388,C_15_0,U_82_0,XXX
388,U_16_0,A_80_0,WCc
388,U_17_0,A_79_0,WCc
388,C_18_0,G_78_0,WCc
388,A_19_0,U_77_0,WCc
388,U_20_0,A_76_0,WCc
388,A_21_0,U_48_0,XXX
388,A_21_0,U_49_0,XXX
388,A_21_0,U_75_0,WCc
388,U_22_0,A_52_0,WCc
388,A_23_0,G_46_0,WSt
388,U_25_0,A_45_0,WCc
388,C_26_0,G_44_0,WCc
388,C_27_0,G_43_0,WCc
388,U_28_0,G_42_0,GUc
388,A_29_0,U_41_0,WWc
388,A_30_0,U_40_0,WWc
388,U_31_0,U_39_0,WWc
388,U_31_0,U_40_0,XXX
388,A_33_0,G_37_0,SSc
388,A_33_0,A_66_0,WHc
388,U_34_0,A_35_0,SHc
388,U_34_0,G_37_0,SSt
388,U_34_0,A_65_0,WHt
388,A_35_0,A_64_0,HHc
388,G_37_0,C_61_0,WCc
388,G_38_0,C_60_0,WCc
388,G_38_0,A_66_0,XXX
388,G_46_0,A_52_0,XXX
388,G_46_0,C_53_0,WCc
388,U_47_0,U_49_0,SHt
388,U_48_0,A_76_0,XXX
388,U_51_0,U_74_0,WWc
388,U_51_0,U_75_0,XXX
388,A_52_0,A_73_0,SWc
388,A_52_0,U_74_0,SWc
388,C_54_0,G_72_0,WCc
388,A_55_0,U_71_0,WCc
388,A_56_0,U_70_0,WCc
388,G_57_0,C_69_0,WCc
388,A_58_0,C_67_0,XXX
388,A_58_0,U_68_0,WWc
388,G_59_0,A_66_0,XXX
388,G_59_0,C_67_0,WCc
388,C_61_0,A_65_0,XXX
388,A_66_0,C_67_0,XXX
389,C_13_0,G_83_0,WWc
389,G_14_0,U_82_0,GUc
389,C_15_0,G_81_0,WCc
389,U_16_0,A_80_0,WWc
389,U_17_0,A_79_0,WCc
389,C_18_0,G_78_0,WWc
389,A_19_0,U_77_0,WCc
389,U_20_0,A_76_0,WCc
389,A_21_0,U_49_0,SHc
389,A_21_0,U_75_0,WCc
389,U_22_0,U_47_0,XXX
389,U_22_0,A_52_0,WCc
389,A_23_0,G_46_0,WSc
389,U_25_0,A_45_0,WCc
389,C_26_0,G_44_0,WCc
389,C_27_0,G_43_0,WCc
389,U_28_0,G_42_0,GUc
389,A_29_0,U_41_0,WCc
389,A_30_0,U_40_0,WWc
389,U_31_0,U_39_0,WWc
389,U_31_0,U_40_0,XXX
389,A_33_0,G_37_0,SSc
389,A_33_0,A_66_0,WHt
389,U_34_0,G_37_0,SSt
389,U_34_0,A_65_0,WHt
389,A_35_0,A_64_0,HHc
389,G_37_0,C_61_0,WCc
389,G_38_0,C_60_0,WCc
389,G_38_0,A_66_0,SWt
389,G_46_0,C_53_0,WCc
389,U_47_0,C_50_0,XXX
389,A_52_0,A_73_0,SWc
389,A_52_0,U_74_0,SWc
389,C_54_0,G_72_0,WCc
389,A_55_0,U_71_0,WWc
389,A_56_0,U_70_0,WCc
389,G_57_0,C_69_0,WCc
389,A_58_0,U_68_0,WCc
389,G_59_0,C_67_0,WCc
389,C_61_0,A_65_0,SWc
389,A_66_0,C_67_0,SHc
390,C_13_0,G_83_0,WCc
390,G_14_0,U_82_0,GUc
390,C_15_0,G_81_0,WCc
390,U_16_0,A_80_0,WCc
390,U_17_0,A_79_0,WCc
390,C_18_0,G_78_0,WCc
390,A_19_0,U_77_0,WCc
390,U_20_0,A_76_0,WCc
390,A_21_0,U_47_0,XXX
390,A_21_0,U_75_0,WWc
390,U_22_0,U_47_0,XXX
390,U_22_0,A_52_0,WCc
390,A_23_0,G_46_0,WSc
390,U_25_0,A_45_0,WCc
390,C_26_0,G_44_0,WCc
390,C_27_0,G_43_0,WCc
390,U_28_0,G_42_0,GUc
390,A_29_0,U_41_0,WCc
390,A_30_0,U_40_0,WCc
390,U_31_0,U_39_0,WWc
390,A_33_0,G_37_0,SSc
390,A_33_0,A_66_0,WHc
390,U_34_0,G_37_0,SSt
390,U_34_0,A_65_0,WHt
390,G_37_0,C_60_0,XXX
390,G_37_0,C_61_0,WCc
390,G_38_0,C_60_0,WCc
390,G_38_0,A_66_0,SWt
390,G_46_0,C_53_0,WCc
390,U_47_0,U_51_0,XXX
390,U_51_0,U_74_0,WWc
390,A_52_0,A_73_0,SWc
390,A_52_0,U_74_0,SWc
390,C_54_0,G_72_0,WWc
390,A_55_0,U_71_0,WCc
390,A_56_0,U_70_0,WCc
390,G_57_0,C_69_0,WCc
390,A_58_0,U_68_0,WCc
390,G_59_0,C_67_0,WCc
390,C_61_0,A_65_0,SWc
390,A_66_0,C_67_0,XXX
390,U_82_0,G_83_0,WHc
391,C_13_0,G_83_0,WCc
391,G_14_0,G_81_0,XXX
391,G_14_0,U_82_0,GUc
391,C_15_0,G_81_0,WCc
391,U_16_0,A_80_0,WCc
391,U_17_0,A_79_0,WCc
391,C_18_0,G_78_0,WCc
391,A_19_0,U_77_0,WCc
391,U_20_0,A_76_0,WCc
391,A_21_0,U_75_0,WWc
391,U_22_0,U_47_0,HSc
391,U_22_0,A_52_0,WWc
391,U_22_0,C_53_0,WWc
391,A_23_0,G_46_0,WSt
391,A_23_0,C_53_0,XXX
391,U_25_0,A_45_0,WCc
391,C_26_0,G_44_0,WCc
391,C_27_0,G_43_0,WCc
391,U_28_0,G_42_0,GUc
391,A_29_0,U_41_0,WWc
391,A_30_0,U_40_0,WWc
391,A_30_0,U_41_0,WWc
391,U_31_0,U_39_0,WWc
391,U_31_0,U_40_0,XXX
391,A_33_0,G_38_0,XXX
391,A_33_0,A_66_0,WHc
391,U_34_0,G_37_0,SSc
391,U_34_0,A_65_0,WHt
391,A_35_0,U_62_0,XXX
391,G_37_0,C_60_0,WWc
391,G_37_0,C_61_0,WCc
391,G_38_0,C_60_0,WCc
391,G_38_0,A_66_0,SWt
391,G_46_0,C_53_0,WWc
391,U_47_0,U_49_0,SHt
391,U_47_0,C_50_0,WHt
391,C_50_0,U_75_0,WSc
391,U_51_0,U_74_0,WWc
391,A_52_0,A_73_0,SWc
391,A_52_0,U_74_0,SWc
391,C_54_0,G_72_0,WCc
391,A_55_0,U_71_0,WCc
391,A_56_0,U_70_0,WCc
391,G_57_0,C_69_0,WCc
391,A_58_0,U_68_0,WCc
391,G_59_0,C_67_0,WCc
391,C_61_0,A_65_0,SWc
391,A_66_0,C_67_0,SHc
392,C_13_0,G_83_0,WCc
392,G_14_0,U_82_0,GUc
392,C_15_0,G_81_0,WCc
392,C_15_0,U_82_0,XXX
392,U_16_0,A_80_0,WCc
392,U_17_0,A_79_0,WWc
392,C_18_0,G_78_0,WCc
392,A_19_0,U_77_0,WCc
392,U_20_0,A_76_0,WCc
392,A_21_0,U_75_0,WCc
392,U_22_0,A_52_0,WCc
392,A_23_0,G_46_0,WSc
392,U_25_0,A_45_0,WCc
392,C_26_0,G_44_0,WCc
392,C_27_0,G_43_0,WCc
392,U_28_0,G_42_0,GUc
392,A_29_0,U_41_0,WWc
392,A_30_0,U_40_0,WCc
392,U_31_0,U_39_0,WWc
392,A_33_0,G_37_0,SSc
392,A_33_0,G_38_0,XXX
392,A_33_0,A_66_0,WHc
392,U_34_0,G_37_0,SSt
392,U_34_0,A_65_0,WHt
392,G_37_0,C_61_0,WCc
392,G_38_0,C_60_0,WCc
392,G_38_0,A_66_0,SWt
392,A_45_0,C_53_0,WWc
392,G_46_0,C_53_0,WCc
392,U_47_0,U_49_0,SHt
392,U_47_0,C_50_0,WHt
392,U_51_0,U_74_0,WWc
392,A_52_0,A_73_0,SWc
392,A_52_0,U_74_0,XXX
392,C_54_0,G_72_0,WWc
392,A_55_0,U_71_0,WWc
392,A_56_0,U_70_0,WCc
392,G_57_0,C_69_0,WCc
392,A_58_0,U_68_0,WCc
392,G_59_0,C_67_0,WCc
392,C_61_0,A_65_0,SWc
392,A_66_0,C_67_0,SHc
393,C_13_0,G_83_0,WWc
393,G_14_0,U_82_0,GUc
393,C_15_0,G_81_0,WCc
393,U_16_0,A_80_0,WCc
393,U_17_0,A_79_0,WCc
393,C_18_0,G_78_0,WCc
393,A_19_0,U_77_0,WCc
393,U_20_0,A_76_0,WCc
393,A_21_0,U_75_0,WCc
393,U_22_0,U_47_0,XXX
393,U_22_0,A_52_0,WCc
393,A_23_0,G_46_0,WSc
393,U_25_0,A_45_0,WWc
393,C_26_0,G_44_0,WCc
393,C_27_0,G_43_0,WCc
393,U_28_0,G_42_0,GUc
393,A_29_0,U_41_0,WWc
393,A_30_0,U_40_0,WCc
393,A_30_0,U_41_0,WWc
393,U_31_0,U_39_0,WWc
393,A_33_0,G_37_0,SSc
393,A_33_0,A_66_0,WHc
393,U_34_0,G_37_0,SSt
393,U_34_0,A_65_0,WHt
393,G_37_0,C_61_0,WCc
393,G_38_0,C_60_0,WCc
393,G_38_0,A_66_0,SWt
393,G_46_0,C_53_0,WCc
393,C_50_0,U_75_0,WSc
393,U_51_0,U_75_0,XXX
393,A_52_0,A_73_0,SWc
393,A_52_0,U_74_0,SWc
393,C_54_0,A_55_0,XXX
393,C_54_0,G_72_0,WWc
393,A_55_0,U_70_0,XXX
393,A_55_0,U_71_0,WWc
393,A_56_0,U_70_0,WCc
393,G_57_0,C_69_0,WCc
393,A_58_0,U_68_0,WCc
393,G_59_0,C_67_0,WCc
393,C_61_0,A_65_0,SWc
393,A_66_0,C_67_0,XXX
394,C_13_0,G_83_0,WCc
394,G_14_0,U_82_0,GUc
394,C_15_0,G_81_0,WCc
394,U_16_0,A_80_0,WCc
394,U_17_0,A_79_0,WCc
394,C_18_0,G_78_0,WCc
394,A_19_0,U_77_0,WCc
394,U_20_0,A_76_0,WCc
394,A_21_0,U_75_0,WCc
394,U_22_0,U_47_0,HSc
394,U_22_0,A_52_0,WCc
394,A_23_0,G_46_0,WSc
394,U_25_0,A_45_0,WWc
394,C_26_0,G_44_0,WCc
394,C_27_0,G_43_0,WCc
394,U_28_0,G_42_0,GUc
394,A_29_0,U_41_0,WCc
394,A_30_0,U_40_0,WCc
394,U_31_0,U_39_0,WWc
394,A_33_0,G_37_0,SSc
394,A_33_0,G_38_0,XXX
394,A_33_0,A_66_0,WHt
394,U_34_0,A_35_0,SHc
394,U_34_0,G_37_0,SSt
394,U_34_0,A_65_0,WHt
394,G_37_0,C_61_0,WCc
394,G_38_0,C_60_0,WCc
394,G_38_0,A_66_0,SWt
394,G_46_0,C_53_0,WCc
394,U_47_0,C_50_0,XXX
394,U_48_0,A_76_0,WSc
394,U_51_0,U_74_0,WWc
394,A_52_0,A_73_0,SWc
394,A_52_0,U_74_0,SWc
394,C_54_0,G_72_0,WCc
394,A_55_0,U_71_0,WCc
394,A_56_0,U_70_0,WCc
394,G_57_0,C_69_0,WCc
394,A_58_0,U_68_0,WCc
394,G_59_0,C_67_0,WCc
394,C_61_0,A_65_0,XXX
395,C_13_0,G_83_0,WCc
395,G_14_0,U_82_0,GUc
395,C_15_0,G_81_0,WCc
395,U_16_0,A_80_0,WCc
395,U_17_0,A_79_0,WCc
395,C_18_0,G_78_0,WCc
395,A_19_0,U_77_0,WCc
395,U_20_0,A_76_0,WCc
395,A_21_0,U_75_0,WCc
395,U_22_0,A_52_0,WCc
395,U_22_0,U_74_0,XXX
395,A_23_0,G_46_0,WSc
395,U_25_0,A_45_0,WWc
395,C_26_0,G_44_0,WWc
395,C_26_0,A_45_0,WSc
395,C_27_0,G_43_0,WCc
395,U_28_0,G_42_0,GUc
395,A_29_0,U_41_0,WCc
395,A_30_0,U_40_0,WWc
395,U_31_0,U_39_0,WWc
395,A_33_0,G_38_0,XXX
395,A_33_0,A_66_0,WHt
395,U_34_0,G_37_0,SSt
395,U_34_0,A_65_0,WHt
395,G_37_0,C_61_0,WCc
395,G_38_0,G_59_0,XXX
395,G_38_0,C_60_0,WWc
395,G_38_0,A_66_0,SWt
395,G_46_0,C_53_0,WWc
395,U_47_0,C_50_0,XXX
395,U_48_0,A_76_0,WSc
395,U_49_0,A_76_0,XXX
395,U_51_0,U_74_0,WWc
395,A_52_0,A_73_0,SWc
395,A_52_0,U_74_0,SWc
395,A_55_0,U_71_0,WCc
395,A_56_0,U_70_0,WCc
395,G_57_0,C_69_0,WCc
395,A_58_0,U_68_0,WCc
395,G_59_0,C_67_0,WCc
395,C_61_0,A_65_0,SWc
396,C_13_0,G_83_0,WWc
396,G_14_0,U_82_0,GUc
396,C_15_0,G_81_0,WCc
396,U_16_0,A_80_0,WCc
396,U_17_0,A_79_0,WCc
396,C_18_0,G_78_0,WCc
396,A_19_0,U_77_0,WCc
396,U_20_0,A_76_0,WCc
396,A_21_0,U_49_0,XXX
396,A_21_0,U_75_0,WCc
396,U_22_0,U_47_0,HSc
396,U_22_0,A_52_0,WCc
396,A_23_0,G_46_0,WSc
396,U_25_0,A_45_0,WCc
396,C_26_0,G_44_0,WCc
396,C_27_0,G_43_0,WCc
396,U_28_0,G_42_0,GUc
396,A_29_0,U_41_0,WCc
396,A_30_0,U_40_0,WCc
396,U_31_0,U_39_0,WWc
396,G_32_0,A_66_0,XXX
396,A_33_0,A_66_0,WHt
396,U_34_0,G_37_0,SSt
396,U_34_0,A_65_0,WHt
396,A_35_0,A_64_0,XXX
396,G_37_0,C_61_0,WCc
396,G_38_0,C_60_0,WCc
396,G_38_0,A_66_0,SWt
396,G_46_0,C_53_0,WCc
396,U_47_0,C_50_0,XXX
396,U_48_0,A_76_0,WSc
396,U_51_0,U_74_0,WWc
396,A_52_0,A_73_0,SWc
396,A_52_0,U_74_0,SWc
396,C_54_0,G_72_0,WWc
396,A_55_0,U_71_0,WCc
396,A_56_0,U_70_0,WCc
396,G_57_0,C_69_0,WCc
396,A_58_0,U_68_0,WCc
396,G_59_0,C_67_0,WWc
396,C_61_0,A_65_0,SWc
396,A_66_0,C_67_0,XXX
397,C_13_0,G_83_0,WCc
397,G_14_0,U_82_0,WWc
397,C_15_0,G_81_0,WCc
397,U_16_0,A_80_0,WCc
397,U_17_0,A_79_0,WCc
397,C_18_0,G_78_0,WCc
397,A_19_0,U_77_0,WCc
397,U_20_0,A_76_0,WCc
397,A_21_0,U_75_0,WCc
397,U_22_0,U_47_0,HWc
397,U_22_0,A_52_0,WCc
397,A_23_0,G_46_0,WSc
397,U_25_0,A_45_0,WCc
397,C_26_0,G_44_0,WCc
397,C_27_0,G_43_0,WCc
397,U_28_0,G_42_0,GUc
397,A_29_0,U_41_0,WCc
397,A_30_0,U_40_0,WCc
397,A_30_0,U_41_0,XXX
397,U_31_0,U_39_0,WWc
397,A_33_0,G_37_0,SSc
397,A_33_0,A_66_0,WHt
397,U_34_0,A_35_0,SHc
397,U_34_0,G_37_0,SSt
397,U_34_0,A_65_0,WHt
397,G_37_0,C_61_0,WCc
397,G_38_0,C_60_0,WCc
397,G_38_0,A_66_0,SWt
397,G_46_0,C_53_0,WCc
397,U_48_0,A_76_0,WSc
397,U_49_0,A_76_0,WSc
397,C_50_0,U_75_0,WSc
397,U_51_0,U_74_0,WWc
397,A_52_0,A_73_0,SWc
397,A_52_0,U_74_0,XXX
397,C_54_0,G_72_0,WWc
397,A_55_0,U_71_0,WCc
397,A_56_0,U_70_0,WCc
397,G_57_0,C_69_0,WCc
397,A_58_0,U_68_0,WCc
397,G_59_0,C_67_0,WCc
397,C_61_0,A_65_0,SWc
398,C_13_0,G_83_0,WCc
398,G_14_0,U_82_0,GUc
398,C_15_0,G_81_0,WCc
398,U_16_0,A_80_0,WCc
398,U_17_0,A_79_0,WCc
398,C_18_0,G_78_0,WCc
398,A_19_0,U_77_0,WCc
398,U_20_0,A_76_0,WCc
398,A_21_0,U_49_0,XXX
398,A_21_0,U_75_0,WCc
398,U_22_0,U_47_0,HSc
398,U_22_0,A_52_0,WCc
398,A_23_0,G_46_0,WSc
398,U_25_0,A_45_0,WCc
398,U_25_0,C_53_0,XXX
398,C_26_0,G_44_0,WCc
398,C_27_0,G_43_0,WCc
398,U_28_0,G_42_0,GUc
398,A_29_0,U_41_0,WCc
398,A_30_0,U_40_0,WCc
398,U_31_0,G_32_0,XXX
398,U_31_0,U_39_0,WWc
398,A_33_0,G_37_0,SSc
398,A_33_0,A_66_0,WHt
398,U_34_0,A_35_0,XXX
398,U_34_0,G_37_0,SSt
398,U_34_0,A_65_0,WHt
398,G_37_0,C_60_0,XXX
398,G_37_0,C_61_0,WCc
398,G_37_0,A_66_0,XXX
398,G_38_0,C_60_0,WCc
398,G_38_0,A_66_0,SWt
398,G_46_0,C_53_0,WCc
398,C_50_0,U_75_0,WSc
398,U_51_0,U_74_0,WWc
398,A_52_0,A_73_0,SWc
398,A_52_0,U_74_0,XXX
398,C_54_0,G_72_0,WCc
398,A_55_0,U_71_0,WCc
398,A_56_0,U_70_0,WCc
398,G_57_0,C_69_0,WCc
398,A_58_0,U_68_0,WWc
398,G_59_0,C_67_0,WWc
398,G_59_0,U_68_0,WWc
398,C_61_0,A_65_0,SWc
398,C_61_0,A_66_0,XXX
399,C_13_0,G_83_0,WCc
399,G_14_0,U_82_0,GUc
399,C_15_0,G_81_0,WCc
399,U_16_0,A_80_0,WCc
399,U_17_0,A_79_0,WCc
399,C_18_0,G_78_0,WCc
399,A_19_0,U_77_0,WCc
399,U_20_0,A_76_0,WCc
399,A_21_0,U_49_0,XXX
399,A_21_0,U_75_0,WCc
399,U_22_0,U_47_0,HSc
399,U_22_0,A_52_0,WCc
399,U_22_0,C_53_0,XXX
399,A_23_0,G_46_0,WSt
399,U_25_0,A_45_0,WCc
399,U_25_0,C_53_0,XXX
399,C_26_0,G_44_0,WCc
399,C_27_0,G_43_0,WCc
399,U_28_0,G_42_0,GUc
399,A_29_0,U_41_0,WCc
399,A_30_0,U_40_0,WCc
399,U_31_0,U_39_0,WWc
399,A_33_0,G_37_0,SSc
399,A_33_0,A_66_0,WHt
399,U_34_0,A_35_0,SHc
399,U_34_0,G_37_0,XXX
399,U_34_0,A_65_0,WHt
399,G_37_0,C_61_0,WCc
399,G_37_0,A_66_0,XXX
399,G_38_0,C_60_0,WCc
399,G_38_0,A_66_0,SWt
399,G_46_0,C_53_0,WCc
399,U_47_0,U_49_0,XXX
399,U_48_0,A_76_0,WSc
399,U_49_0,A_76_0,WSc
399,U_51_0,U_74_0,WWc
399,U_51_0,U_75_0,XXX
399,A_52_0,A_73_0,SWc
399,A_52_0,U_74_0,SWc
399,C_54_0,G_72_0,WCc
399,A_55_0,U_71_0,WCc
399,A_56_0,U_70_0,WWc
399,G_57_0,C_69_0,WCc
399,A_58_0,U_68_0,WWc
399,G_59_0,C_67_0,WCc
399,C_61_0,A_65_0,SWc
400,C_13_0,G_83_0,WCc
400,G_14_0,U_82_0,GUc
400,C_15_0,G_81_0,WCc
400,C_15_0,U_82_0,XXX
400,U_16_0,A_80_0,WWc
400,U_17_0,A_79_0,WCc
400,C_18_0,G_78_0,WCc
400,A_19_0,U_77_0,WCc
400,U_20_0,A_76_0,WCc
400,A_21_0,U_75_0,WCc
400,U_22_0,U_47_0,HSc
400,U_22_0,A_52_0,WCc
400,A_23_0,G_46_0,WSc
400,A_23_0,C_53_0,XXX
400,U_25_0,A_45_0,WCc
400,C_26_0,G_44_0,WCc
400,C_27_0,G_43_0,WCc
400,U_28_0,G_42_0,GUc
400,A_29_0,U_41_0,WCc
400,A_30_0,U_40_0,WWc
400,U_31_0,U_39_0,WWc
400,A_33_0,G_38_0,XXX
400,A_33_0,A_66_0,WHt
400,U_34_0,G_37_0,SSt
400,U_34_0,A_65_0,WHt
400,G_37_0,C_61_0,WCc
400,G_38_0,C_60_0,WWc
400,G_38_0,A_66_0,SWt
400,G_46_0,C_53_0,WCc
400,U_47_0,C_50_0,XXX
400,U_48_0,A_76_0,WSc
400,A_52_0,A_73_0,SWc
400,A_52_0,U_74_0,SWc
400,C_54_0,G_72_0,WCc
400,A_55_0,U_71_0,WWc
400,A_56_0,U_70_0,WCc
400,G_57_0,C_69_0,WCc
400,A_58_0,U_68_0,WCc
400,G_59_0,C_67_0,WCc
400,C_61_0,A_65_0,SWc
401,C_13_0,G_83_0,WCc
401,G_14_0,U_82_0,GUc
401,C_15_0,G_81_0,WCc
401,U_16_0,A_80_0,WCc
401,U_17_0,A_79_0,WWc
401,C_18_0,G_78_0,WCc
401,A_19_0,U_77_0,WCc
401,U_20_0,A_76_0,WCc
401,A_21_0,U_75_0,WCc
401,U_22_0,U_47_0,HSc
401,U_22_0,A_52_0,WCc
401,A_23_0,G_46_0,WSt
401,U_25_0,A_45_0,WCc
401,U_25_0,C_53_0,XXX
401,C_26_0,G_44_0,WCc
401,C_27_0,G_43_0,WCc
401,U_28_0,G_42_0,GUc
401,A_29_0,U_41_0,WCc
401,A_30_0,U_40_0,WCc
401,U_31_0,U_39_0,WWc
401,A_33_0,G_37_0,SSc
401,A_33_0,A_65_0,WHt
401,A_33_0,A_66_0,WHt
401,U_34_0,G_37_0,SSt
401,U_34_0,A_65_0,WHt
401,G_37_0,C_61_0,WCc
401,G_38_0,C_60_0,WCc
401,G_38_0,A_66_0,SWt
401,G_46_0,A_52_0,XXX
401,G_46_0,C_53_0,WCc
401,U_47_0,C_50_0,XXX
401,U_48_0,A_76_0,WSc
401,U_49_0,A_76_0,WSc
401,U_51_0,U_74_0,WWc
401,A_52_0,A_73_0,SWc
401,A_52_0,U_74_0,SWc
401,C_54_0,G_72_0,WCc
401,A_55_0,U_71_0,WCc
401,A_56_0,U_70_0,WCc
401,G_57_0,C_69_0,WCc
401,A_58_0,U_68_0,WCc
401,G_59_0,C_67_0,WCc
401,C_61_0,A_65_0,SWc
402,C_13_0,G_83_0,WCc
402,G_14_0,U_82_0,GUc
402,C_15_0,G_81_0,WCc
402,U_16_0,A_80_0,WCc
402,U_17_0,A_79_0,WCc
402,C_18_0,G_78_0,WCc
402,A_19_0,U_77_0,WCc
402,U_20_0,A_76_0,WWc
402,U_20_0,U_77_0,XXX
402,A_21_0,U_75_0,WCc
402,U_22_0,U_47_0,XXX
402,U_22_0,A_52_0,WCc
402,A_23_0,G_46_0,WSc
402,U_25_0,A_45_0,WCc
402,C_26_0,G_44_0,WCc
402,C_27_0,G_43_0,WCc
402,U_28_0,G_42_0,WWc
402,A_29_0,U_41_0,WCc
402,A_30_0,U_40_0,WCc
402,U_31_0,U_39_0,WWc
402,A_33_0,G_37_0,SSc
402,A_33_0,A_66_0,WHt
402,U_34_0,G_37_0,SSt
402,U_34_0,A_65_0,WHt
402,G_37_0,C_60_0,XXX
402,G_37_0,C_61_0,WCc
402,G_38_0,C_60_0,WCc
402,G_38_0,A_66_0,SWt
402,G_46_0,C_53_0,WWc
402,U_47_0,C_50_0,XXX
402,U_48_0,A_76_0,HSc
402,U_49_0,A_76_0,WSc
402,U_51_0,U_74_0,WWc
402,A_52_0,A_73_0,SHc
402,A_52_0,U_74_0,SWc
402,C_54_0,G_72_0,WWc
402,A_55_0,U_71_0,WCc
402,A_55_0,G_72_0,WWc
402,A_56_0,U_70_0,WCc
402,G_57_0,C_69_0,WCc
402,A_58_0,U_68_0,WCc
402,G_59_0,C_67_0,WCc
402,C_60_0,A_66_0,XXX
402,C_61_0,A_65_0,SWc
403,C_13_0,G_83_0,WWc
403,G_14_0,U_82_0,GUc
403,C_15_0,G_81_0,WCc
403,U_16_0,A_80_0,WCc
403,U_17_0,A_79_0,WCc
403,C_18_0,G_78_0,WCc
403,A_19_0,U_77_0,WCc
403,U_20_0,A_76_0,WCc
403,A_21_0,U_49_0,XXX
403,A_21_0,U_75_0,WCc
403,U_22_0,U_47_0,XXX
403,U_22_0,A_52_0,WCc
403,A_23_0,G_46_0,WSc
403,U_25_0,A_45_0,WCc
403,C_26_0,G_44_0,WCc
403,C_27_0,G_43_0,WCc
403,U_28_0,G_42_0,GUc
403,A_29_0,U_41_0,WCc
403,A_30_0,U_40_0,WCc
403,U_31_0,U_39_0,WWc
403,A_33_0,G_37_0,SSc
403,A_33_0,G_38_0,XXX
403,A_33_0,A_66_0,WHt
403,U_34_0,G_37_0,SSt
403,U_34_0,A_65_0,WHt
403,G_37_0,C_60_0,WWc
403,G_37_0,C_61_0,WCc
403,G_38_0,G_59_0,WHc
403,G_38_0,C_60_0,WCc
403,G_38_0,A_66_0,SWt
403,G_46_0,A_52_0,WWc
403,G_46_0,C_53_0,WCc
403,U_47_0,C_50_0,XXX
403,C_50_0,U_75_0,WSc
403,U_51_0,U_74_0,WWc
403,A_52_0,A_73_0,SWc
403,A_52_0,U_74_0,XXX
403,C_54_0,A_55_0,XXX
403,C_54_0,G_72_0,WWc
403,A_55_0,U_71_0,WCc
403,A_56_0,U_70_0,WCc
403,G_57_0,C_69_0,WCc
403,A_58_0,U_68_0,WCc
403,G_59_0,C_67_0,WCc
403,C_60_0,A_66_0,XXX
403,C_61_0,A_65_0,SWc
404,C_13_0,G_83_0,WCc
404,G_14_0,U_82_0,GUc
404,C_15_0,G_81_0,WCc
404,U_16_0,A_80_0,WCc
404,U_17_0,A_79_0,WCc
404,C_18_0,G_78_0,WCc
404,A_19_0,U_77_0,WCc
404,U_20_0,A_76_0,WCc
404,U_20_0,U_77_0,XXX
404,A_21_0,U_49_0,XXX
404,A_21_0,U_75_0,WWc
404,U_22_0,U_47_0,XXX
404,U_22_0,A_52_0,WCc
404,A_23_0,G_46_0,WSt
404,A_24_0,G_72_0,XXX
404,U_25_0,A_45_0,WCc
404,C_26_0,G_44_0,WCc
404,C_27_0,G_43_0,WCc
404,U_28_0,G_42_0,GUc
404,A_29_0,U_41_0,WWc
404,A_30_0,U_40_0,WCc
404,U_31_0,U_39_0,WWc
404,A_33_0,G_37_0,SSc
404,A_33_0,A_65_0,WHt
404,A_33_0,A_66_0,WHt
404,U_34_0,G_37_0,SSt
404,U_34_0,A_65_0,WHt
404,G_37_0,C_61_0,WCc
404,G_38_0,C_60_0,WCc
404,G_38_0,A_66_0,SWt
404,G_46_0,C_53_0,WCc
404,U_47_0,U_49_0,SHt
404,U_48_0,A_76_0,HSc
404,U_51_0,U_74_0,WWc
404,A_52_0,A_73_0,SWc
404,A_52_0,U_74_0,XXX
404,A_55_0,U_71_0,WCc
404,A_56_0,U_70_0,WCc
404,G_57_0,C_69_0,WCc
404,A_58_0,U_68_0,WCc
404,G_59_0,C_67_0,WCc
404,C_61_0,A_65_0,SWc
404,A_66_0,C_67_0,XXX
405,C_13_0,G_83_0,WCc
405,G_14_0,U_82_0,GUc
405,C_15_0,G_81_0,WCc
405,U_16_0,A_80_0,WCc
405,U_17_0,A_79_0,WCc
405,C_18_0,G_78_0,WCc
405,A_19_0,U_77_0,WCc
405,U_20_0,A_76_0,WCc
405,A_21_0,U_49_0,XXX
405,A_21_0,U_75_0,WCc
405,U_22_0,U_47_0,XXX
405,U_22_0,A_52_0,WCc
405,A_23_0,G_46_0,WSt
405,U_25_0,A_45_0,WCc
405,C_26_0,G_44_0,WCc
405,C_27_0,G_43_0,WCc
405,U_28_0,G_42_0,GUc
405,A_29_0,U_41_0,WCc
405,A_30_0,U_40_0,WWc
405,U_31_0,U_39_0,WWc
405,A_33_0,G_37_0,SSc
405,A_33_0,G_38_0,XXX
405,A_33_0,A_66_0,WHt
405,U_34_0,G_37_0,SSt
405,U_34_0,A_64_0,WWt
405,U_34_0,A_65_0,WHt
405,G_37_0,C_61_0,WWc
405,G_38_0,C_60_0,WCc
405,G_38_0,A_66_0,SWt
405,G_46_0,C_53_0,WCc
405,U_47_0,U_49_0,SHt
405,U_51_0,U_74_0,WWc
405,A_52_0,A_73_0,SWc
405,C_54_0,G_72_0,WWc
405,A_55_0,U_71_0,WCc
405,A_56_0,U_70_0,WCc
405,G_57_0,C_69_0,WCc
405,A_58_0,U_68_0,WCc
405,G_59_0,C_67_0,WCc
405,C_61_0,A_65_0,SWc
406,C_13_0,G_83_0,WCc
406,G_14_0,U_82_0,GUc
406,C_15_0,G_81_0,WCc
406,U_16_0,A_80_0,WCc
406,U_17_0,A_79_0,WCc
406,C_18_0,G_78_0,WCc
406,A_19_0,U_77_0,WCc
406,U_20_0,A_76_0,WCc
406,A_21_0,U_49_0,XXX
406,A_21_0,U_75_0,WCc
406,U_22_0,U_47_0,HSc
406,U_22_0,A_52_0,WCc
406,A_23_0,G_46_0,WSc
406,U_25_0,A_45_0,WWc
406,C_26_0,G_44_0,WCc
406,C_27_0,G_43_0,WCc
406,U_28_0,G_42_0,GUc
406,A_29_0,U_41_0,WCc
406,A_30_0,U_40_0,WCc
406,U_31_0,U_39_0,WWc
406,U_31_0,U_40_0,WWc
406,A_33_0,G_37_0,SSc
406,A_33_0,A_66_0,WHt
406,U_34_0,G_37_0,SSt
406,U_34_0,A_65_0,WHt
406,G_37_0,C_61_0,WCc
406,G_38_0,G_59_0,XXX
406,G_38_0,C_60_0,WWc
406,G_38_0,A_66_0,SWt
406,G_38_0,C_67_0,XXX
406,G_46_0,C_53_0,WCc
406,U_47_0,U_49_0,SSt
406,U_47_0,C_50_0,XXX
406,U_49_0,A_76_0,WSc
406,C_50_0,U_75_0,WSc
406,U_51_0,U_74_0,WWc
406,A_52_0,A_73_0,SWc
406,A_52_0,U_74_0,XXX
406,C_54_0,G_72_0,WCc
406,A_55_0,U_71_0,WCc
406,A_56_0,U_70_0,WCc
406,G_57_0,C_69_0,WCc
406,A_58_0,U_68_0,WCc
406,G_59_0,C_67_0,WCc
406,C_61_0,A_65_0,XXX
406,U_62_0,U_63_0,XXX
407,C_13_0,G_83_0,WCc
407,G_14_0,U_82_0,GUc
407,C_15_0,G_81_0,WCc
407,U_16_0,A_80_0,WCc
407,U_17_0,A_79_0,WCc
407,C_18_0,G_78_0,WCc
407,A_19_0,U_77_0,WCc
407,U_20_0,A_76_0,WCc
407,A_21_0,U_49_0,XXX
407,A_21_0,U_75_0,WCc
407,U_22_0,A_52_0,WCc
407,A_23_0,G_46_0,WSc
407,A_24_0,C_53_0,XXX
407,A_24_0,G_72_0,HWt
407,U_25_0,A_45_0,WCc
407,U_25_0,C_53_0,XXX
407,C_26_0,G_44_0,WCc
407,C_27_0,G_43_0,WCc
407,U_28_0,G_42_0,GUc
407,A_29_0,U_41_0,WCc
407,A_30_0,U_40_0,WCc
407,U_31_0,U_39_0,WWc
407,A_33_0,G_37_0,SSc
407,A_33_0,A_66_0,WHt
407,U_34_0,G_37_0,SSt
407,U_34_0,A_65_0,WHt
407,G_37_0,C_61_0,WCc
407,G_38_0,C_60_0,WWc
407,G_38_0,A_66_0,SWt
407,G_46_0,C_53_0,WCc
407,U_47_0,U_49_0,SHt
407,U_47_0,C_50_0,XXX
407,U_48_0,A_76_0,XXX
407,U_51_0,U_74_0,WWc
407,A_52_0,A_73_0,SWc
407,A_52_0,U_74_0,XXX
407,C_54_0,G_72_0,WCc
407,A_55_0,U_71_0,WCc
407,A_56_0,U_70_0,WCc
407,G_57_0,C_69_0,WCc
407,A_58_0,U_68_0,WCc
407,G_59_0,C_67_0,WCc
407,C_61_0,A_65_0,SWc
407,U_62_0,U_63_0,XXX
408,C_13_0,G_14_0,XXX
408,C_13_0,G_83_0,WCc
408,G_14_0,U_82_0,GUc
408,C_15_0,G_81_0,WCc
408,U_16_0,A_80_0,WCc
408,U_17_0,A_79_0,WCc
408,C_18_0,G_78_0,WCc
408,A_19_0,U_77_0,WCc
408,U_20_0,A_76_0,WCc
408,A_21_0,U_49_0,XXX
408,A_21_0,U_75_0,WCc
408,U_22_0,U_47_0,XXX
408,U_22_0,A_52_0,WCc
408,A_23_0,G_46_0,WSc
408,U_25_0,A_45_0,WCc
408,C_26_0,G_44_0,WCc
408,C_27_0,G_43_0,WCc
408,U_28_0,G_42_0,GUc
408,A_29_0,U_41_0,WCc
408,A_30_0,U_40_0,WCc
408,U_31_0,U_39_0,WWc
408,G_32_0,A_66_0,XXX
408,A_33_0,G_37_0,SSc
408,A_33_0,A_66_0,WHt
408,U_34_0,G_37_0,SSt
408,U_34_0,A_65_0,WHt
408,G_37_0,C_61_0,WCc
408,G_38_0,C_60_0,WCc
408,G_38_0,A_66_0,SWt
408,G_46_0,C_53_0,WCc
408,U_47_0,U_49_0,SHt
408,U_48_0,A_76_0,HSc
408,C_50_0,U_75_0,WSc
408,U_51_0,U_74_0,WWc
408,A_52_0,A_73_0,SWc
408,A_52_0,U_74_0,XXX
408,C_54_0,G_72_0,WCc
408,A_55_0,U_71_0,WCc
408,A_56_0,U_70_0,XXX
408,G_57_0,C_69_0,WCc
408,A_58_0,U_68_0,WCc
408,G_59_0,C_67_0,WCc
408,C_61_0,A_65_0,SWc
408,U_62_0,U_63_0,SHc
409,C_13_0,G_83_0,WCc
409,G_14_0,U_82_0,GUc
409,C_15_0,G_81_0,WCc
409,C_15_0,U_82_0,XXX
409,U_16_0,A_80_0,WCc
409,U_17_0,A_79_0,WCc
409,C_18_0,G_78_0,WCc
409,A_19_0,U_77_0,WCc
409,U_20_0,A_76_0,WCc
409,A_21_0,U_49_0,XXX
409,A_21_0,U_75_0,WCc
409,U_22_0,U_47_0,XXX
409,U_22_0,A_52_0,WCc
409,A_23_0,G_46_0,WSc
409,U_25_0,A_45_0,WCc
409,C_26_0,G_44_0,WCc
409,C_27_0,G_43_0,WCc
409,U_28_0,G_42_0,GUc
409,A_29_0,U_41_0,WCc
409,A_30_0,U_40_0,WCc
409,U_31_0,U_39_0,WWc
409,U_31_0,U_40_0,WWc
409,A_33_0,G_37_0,SSc
409,A_33_0,A_66_0,WHt
409,U_34_0,G_37_0,SSt
409,U_34_0,A_65_0,WHt
409,G_37_0,C_61_0,WCc
409,G_38_0,C_60_0,WCc
409,G_38_0,A_66_0,SWt
409,G_46_0,C_53_0,WCc
409,U_51_0,U_74_0,WWc
409,U_51_0,U_75_0,XXX
409,A_52_0,A_73_0,SWc
409,A_52_0,U_74_0,SWc
409,C_54_0,G_72_0,WCc
409,A_55_0,U_71_0,WCc
409,A_56_0,U_70_0,WWc
409,G_57_0,C_69_0,WCc
409,A_58_0,U_68_0,WCc
409,G_59_0,C_67_0,WCc
409,C_60_0,A_66_0,XXX
409,C_61_0,A_65_0,SWc
409,U_62_0,U_63_0,XXX
410,C_13_0,G_83_0,WCc
410,G_14_0,U_82_0,GUc
410,C_15_0,A_80_0,XXX
410,C_15_0,G_81_0,WCc
410,U_16_0,A_80_0,WCc
410,U_17_0,A_79_0,WCc
410,C_18_0,G_78_0,WCc
410,A_19_0,U_77_0,WCc
410,U_20_0,A_76_0,WCc
410,A_21_0,U_49_0,XXX
410,A_21_0,U_75_0,WWc
410,U_22_0,U_47_0,XXX
410,U_22_0,A_52_0,WCc
410,A_23_0,G_46_0,WSt
410,U_25_0,A_45_0,WWc
410,C_26_0,G_44_0,WCc
410,C_27_0,G_43_0,WCc
410,U_28_0,G_42_0,GUc
410,A_29_0,U_41_0,WCc
410,A_30_0,U_40_0,WCc
410,U_31_0,U_39_0,WWc
410,A_33_0,G_37_0,SSc
410,A_33_0,A_66_0,WHt
410,U_34_0,G_37_0,SSt
410,U_34_0,A_65_0,WHt
410,G_37_0,C_61_0,WCc
410,G_38_0,C_60_0,WCc
410,G_38_0,A_66_0,SWt
410,G_46_0,A_52_0,WWc
410,G_46_0,C_53_0,WCc
410,U_51_0,U_74_0,WWc
410,A_52_0,A_73_0,SWc
410,A_52_0,U_74_0,SWc
410,C_54_0,G_72_0,WCc
410,A_55_0,U_71_0,WWc
410,A_56_0,U_70_0,WWc
410,G_57_0,C_69_0,WCc
410,A_58_0,U_68_0,WCc
410,G_59_0,C_67_0,WCc
410,C_61_0,A_65_0,SWc
410,U_62_0,U_63_0,XXX
410,U_63_0,A_64_0,XXX
410,A_66_0,C_67_0,SHc
411,C_13_0,G_83_0,WCc
411,G_14_0,U_82_0,GUc
411,C_15_0,G_81_0,WCc
411,U_16_0,A_80_0,WCc
411,U_17_0,A_79_0,WCc
411,C_18_0,G_78_0,WCc
411,A_19_0,U_77_0,WCc
411,U_20_0,A_76_0,WCc
411,U_20_0,U_77_0,XXX
411,A_21_0,U_49_0,XXX
411,A_21_0,U_75_0,WCc
411,U_22_0,U_47_0,XXX
411,U_22_0,A_52_0,WCc
411,A_23_0,G_46_0,WSc
411,U_25_0,A_45_0,WCc
411,C_26_0,G_44_0,WCc
411,C_27_0,G_43_0,WCc
411,U_28_0,G_42_0,GUc
411,A_29_0,U_41_0,WWc
411,A_30_0,U_40_0,WCc
411,U_31_0,U_39_0,WWc
411,G_32_0,A_66_0,XXX
411,A_33_0,G_38_0,XXX
411,A_33_0,A_66_0,WHt
411,U_34_0,G_37_0,SSt
411,U_34_0,A_65_0,WHt
411,G_37_0,C_61_0,WCc
411,G_38_0,C_60_0,WCc
411,G_38_0,A_66_0,SWt
411,A_45_0,C_53_0,XXX
411,G_46_0,C_53_0,WCc
411,U_47_0,U_49_0,SHt
411,A_52_0,A_73_0,SWc
411,A_52_0,U_74_0,SWc
411,C_54_0,G_72_0,WCc
411,A_55_0,U_71_0,WCc
411,A_56_0,U_70_0,WWc
411,G_57_0,C_69_0,WCc
411,A_58_0,U_68_0,WCc
411,G_59_0,C_67_0,WCc
411,C_60_0,A_66_0,XXX
411,C_60_0,C_67_0,XXX
411,C_61_0,A_65_0,SWc
411,U_62_0,U_63_0,XXX
412,C_13_0,G_83_0,WCc
412,G_14_0,U_82_0,GUc
412,C_15_0,G_81_0,WCc
412,U_16_0,A_80_0,WCc
412,U_17_0,A_79_0,WWc
412,C_18_0,G_78_0,WCc
412,A_19_0,U_77_0,WWc
412,U_20_0,A_76_0,WWc
412,A_21_0,U_75_0,WCc
412,U_22_0,A_52_0,WCc
412,A_23_0,G_46_0,WSt
412,U_25_0,A_45_0,WCc
412,U_25_0,C_53_0,XXX
412,C_26_0,G_44_0,WCc
412,C_27_0,G_43_0,WCc
412,U_28_0,G_42_0,GUc
412,A_29_0,U_41_0,WCc
412,A_30_0,U_40_0,WCc
412,U_31_0,U_39_0,WWc
412,A_33_0,G_37_0,SSc
412,A_33_0,G_38_0,XXX
412,A_33_0,A_65_0,WHt
412,A_33_0,A_66_0,WHt
412,U_34_0,G_37_0,SSt
412,U_34_0,A_65_0,WHt
412,G_37_0,C_61_0,WCc
412,G_38_0,C_60_0,WCc
412,G_38_0,A_66_0,SWt
412,G_46_0,A_52_0,WWc
412,U_47_0,U_49_0,SSt
412,U_47_0,C_50_0,XXX
412,U_49_0,A_76_0,WSc
412,C_50_0,U_75_0,WSc
412,U_51_0,U_74_0,WWc
412,A_52_0,A_73_0,SWc
412,A_52_0,U_74_0,SWc
412,C_54_0,G_72_0,WCc
412,A_55_0,U_71_0,WCc
412,A_56_0,U_70_0,XXX
412,G_57_0,C_69_0,WCc
412,A_58_0,U_68_0,WCc
412,G_59_0,C_67_0,WCc
412,C_61_0,A_65_0,SWc
412,U_62_0,U_63_0,SHc
413,C_13_0,G_83_0,WCc
413,G_14_0,G_81_0,XXX
413,G_14_0,U_82_0,WWc
413,C_15_0,G_81_0,WCc
413,U_16_0,A_80_0,WCc
413,U_17_0,A_79_0,WCc
413,C_18_0,G_78_0,WCc
413,A_19_0,U_77_0,WCc
413,U_20_0,A_76_0,WCc
413,A_21_0,U_49_0,XXX
413,A_21_0,U_75_0,WCc
413,U_22_0,A_52_0,WCc
413,U_22_0,C_53_0,XXX
413,A_23_0,G_46_0,WSc
413,U_25_0,A_45_0,WWc
413,C_26_0,G_44_0,WCc
413,C_27_0,G_43_0,WCc
413,U_28_0,G_42_0,GUc
413,A_29_0,U_41_0,WCc
413,A_30_0,U_40_0,WCc
413,U_31_0,U_39_0,WWc
413,A_33_0,G_37_0,SSc
413,A_33_0,G_38_0,XXX
413,A_33_0,A_66_0,WHt
413,U_34_0,G_37_0,SSt
413,U_34_0,A_65_0,WHt
413,G_37_0,C_61_0,WCc
413,G_38_0,C_60_0,WCc
413,G_38_0,A_66_0,SWt
413,G_46_0,C_53_0,WCc
413,U_49_0,A_76_0,WSc
413,U_51_0,U_74_0,WWc
413,U_51_0,U_75_0,XXX
413,A_52_0,A_73_0,SWc
413,C_54_0,G_72_0,WWc
413,A_55_0,U_71_0,WCc
413,A_56_0,U_70_0,WWc
413,G_57_0,C_69_0,WCc
413,A_58_0,U_68_0,WWc
413,G_59_0,C_67_0,WCc
413,C_61_0,A_65_0,SWc
413,U_62_0,U_63_0,XXX
413,U_63_0,A_64_0,XXX
414,C_13_0,G_83_0,WCc
414,G_14_0,U_82_0,GUc
414,C_15_0,G_81_0,WCc
414,C_15_0,U_82_0,XXX
414,U_16_0,A_80_0,WCc
414,U_17_0,A_79_0,WCc
414,C_18_0,G_78_0,WCc
414,A_19_0,U_77_0,WCc
414,U_20_0,A_76_0,WCc
414,U_20_0,U_77_0,XXX
414,A_21_0,U_49_0,XXX
414,A_21_0,U_75_0,WCc
414,U_22_0,U_47_0,XXX
414,U_22_0,A_52_0,WCc
414,A_23_0,G_46_0,WSc
414,A_24_0,C_53_0,SSt
414,U_25_0,A_45_0,WCc
414,C_26_0,G_44_0,WCc
414,C_27_0,G_43_0,WCc
414,U_28_0,G_42_0,GUc
414,A_29_0,U_41_0,WCc
414,A_30_0,U_40_0,WCc
414,U_31_0,U_39_0,WWc
414,A_33_0,G_37_0,SSc
414,A_33_0,A_66_0,WHt
414,U_34_0,G_37_0,SSt
414,U_34_0,A_65_0,WHt
414,G_37_0,C_61_0,WCc
414,G_38_0,C_60_0,WCc
414,G_38_0,A_66_0,SWt
414,G_46_0,C_53_0,WCc
414,U_47_0,U_49_0,SHt
414,U_47_0,C_50_0,XXX
414,C_50_0,U_75_0,WSc
414,U_51_0,U_74_0,WWc
414,A_52_0,A_73_0,XXX
414,A_52_0,U_74_0,XXX
414,C_54_0,G_72_0,WCc
414,A_55_0,U_71_0,WCc
414,A_56_0,U_70_0,WCc
414,G_57_0,C_69_0,WCc
414,A_58_0,U_68_0,WCc
414,G_59_0,C_67_0,WCc
414,C_61_0,A_65_0,SWc
414,U_62_0,U_63_0,XXX
415,C_13_0,G_83_0,WWc
415,G_14_0,U_82_0,GUc
415,C_15_0,G_81_0,WCc
415,U_16_0,A_80_0,XXX
415,U_17_0,A_79_0,WWc
415,C_18_0,G_78_0,WCc
415,A_19_0,U_77_0,WCc
415,U_20_0,A_76_0,WCc
415,A_21_0,U_49_0,SHc
415,A_21_0,U_75_0,WCc
415,U_22_0,A_52_0,WCc
415,U_22_0,C_53_0,WWc
415,A_23_0,G_46_0,WSt
415,U_25_0,A_45_0,WWc
415,C_26_0,G_44_0,WCc
415,C_27_0,G_43_0,WCc
415,U_28_0,G_42_0,GUc
415,A_29_0,U_41_0,WCc
415,A_30_0,U_40_0,WCc
415,U_31_0,U_39_0,WWc
415,A_33_0,A_66_0,WHt
415,U_34_0,G_37_0,SSt
415,U_34_0,A_65_0,WHt
415,G_37_0,C_61_0,WCc
415,G_38_0,C_60_0,WCc
415,G_38_0,A_66_0,SWt
415,G_46_0,C_53_0,WWc
415,U_47_0,C_50_0,XXX
415,C_50_0,U_75_0,WSc
415,U_51_0,U_74_0,WWc
415,A_52_0,U_74_0,SWc
415,C_54_0,G_72_0,WCc
415,A_55_0,U_71_0,WCc
415,A_56_0,U_70_0,WCc
415,G_57_0,C_69_0,WCc
415,A_58_0,U_68_0,WCc
415,G_59_0,C_67_0,WCc
415,C_61_0,A_65_0,SWc
415,U_62_0,U_63_0,XXX
415,A_66_0,C_67_0,XXX
416,C_13_0,G_83_0,WWc
416,G_14_0,U_82_0,GUc
416,C_15_0,G_81_0,WCc
416,U_16_0,A_80_0,WWc
416,U_17_0,A_79_0,WCc
416,C_18_0,G_78_0,WCc
416,A_19_0,U_77_0,WCc
416,U_20_0,A_76_0,WCc
416,A_21_0,U_75_0,WCc
416,U_22_0,A_52_0,WCc
416,A_23_0,G_46_0,WSt
416,U_25_0,A_45_0,WWc
416,C_26_0,G_44_0,WCc
416,C_27_0,G_43_0,WCc
416,U_28_0,G_42_0,GUc
416,A_29_0,U_41_0,WCc
416,A_30_0,U_40_0,WCc
416,U_31_0,U_39_0,WWc
416,A_33_0,A_66_0,WHt
416,U_34_0,G_37_0,SSt
416,U_34_0,A_65_0,WHt
416,G_37_0,C_61_0,WCc
416,G_38_0,C_60_0,WCc
416,G_38_0,A_66_0,SWt
416,G_46_0,A_52_0,XXX
416,U_47_0,U_49_0,SHt
416,U_48_0,A_76_0,WSc
416,U_51_0,U_75_0,XXX
416,A_52_0,A_73_0,SHc
416,A_52_0,U_74_0,XXX
416,C_54_0,G_72_0,WCc
416,A_55_0,U_71_0,WCc
416,A_56_0,U_70_0,WCc
416,G_57_0,U_68_0,XXX
416,G_57_0,C_69_0,WCc
416,A_58_0,U_68_0,WCc
416,G_59_0,C_67_0,WCc
416,C_60_0,A_66_0,XXX
416,C_61_0,A_65_0,SWc
416,U_62_0,U_63_0,XXX
417,C_13_0,G_83_0,WCc
417,G_14_0,U_82_0,GUc
417,C_15_0,G_81_0,WCc
417,U_16_0,A_80_0,WWc
417,U_17_0,A_79_0,WCc
417,U_17_0,A_80_0,WWc
417,C_18_0,G_78_0,WCc
417,A_19_0,U_77_0,WCc
417,U_20_0,A_76_0,WCc
417,A_21_0,U_49_0,XXX
417,A_21_0,U_75_0,WCc
417,U_22_0,A_52_0,WCc
417,A_23_0,G_46_0,WSt
417,U_25_0,A_45_0,WCc
417,U_25_0,C_53_0,XXX
417,C_26_0,G_44_0,WCc
417,C_27_0,G_43_0,WCc
417,U_28_0,G_42_0,WWc
417,A_29_0,U_41_0,WCc
417,A_30_0,U_40_0,WCc
417,U_31_0,U_39_0,WWc
417,A_33_0,G_37_0,SSc
417,A_33_0,G_38_0,XXX
417,A_33_0,A_66_0,WHt
417,U_34_0,G_37_0,SSt
417,U_34_0,A_65_0,WHt
417,G_37_0,C_61_0,WCc
417,G_38_0,C_60_0,WCc
417,G_38_0,A_66_0,SWt
417,G_46_0,C_53_0,WCc
417,U_47_0,U_49_0,SHt
417,U_49_0,A_76_0,WSc
417,U_51_0,U_74_0,WWc
417,A_52_0,A_73_0,SWc
417,C_54_0,G_72_0,WCc
417,A_55_0,U_71_0,WCc
417,A_56_0,U_70_0,WCc
417,G_57_0,C_69_0,WCc
417,A_58_0,U_68_0,WCc
417,G_59_0,C_67_0,WCc
417,C_61_0,A_65_0,SWc
417,C_61_0,A_66_0,XXX
417,U_62_0,U_63_0,SHc
418,C_13_0,G_83_0,WCc
418,G_14_0,U_82_0,WWc
418,C_15_0,G_81_0,WCc
418,U_16_0,A_80_0,WCc
418,U_17_0,A_79_0,WCc
418,C_18_0,G_78_0,WCc
418,C_18_0,A_79_0,XXX
418,A_19_0,U_77_0,WCc
418,U_20_0,A_76_0,WCc
418,A_21_0,U_48_0,SHc
418,A_21_0,U_49_0,XXX
418,A_21_0,U_75_0,WCc
418,U_22_0,U_47_0,XXX
418,U_22_0,A_52_0,WWc
418,U_22_0,C_53_0,WWc
418,A_23_0,G_46_0,WSt
418,A_23_0,C_53_0,XXX
418,U_25_0,A_45_0,WCc
418,C_26_0,G_44_0,WCc
418,C_27_0,G_43_0,WCc
418,U_28_0,G_42_0,GUc
418,A_29_0,U_41_0,WCc
418,A_30_0,U_40_0,WCc
418,U_31_0,U_39_0,WWc
418,A_33_0,G_37_0,SSc
418,A_33_0,A_66_0,WHt
418,U_34_0,G_37_0,SSt
418,U_34_0,A_65_0,WHt
418,G_37_0,C_61_0,WCc
418,G_38_0,C_60_0,WCc
418,G_38_0,A_66_0,SWt
418,G_46_0,C_53_0,WWc
418,U_47_0,U_49_0,XXX
418,U_47_0,C_50_0,XXX
418,U_48_0,A_76_0,WSc
418,U_49_0,U_75_0,XXX
418,C_50_0,U_75_0,WSc
418,U_51_0,U_74_0,WWc
418,A_52_0,A_73_0,SWc
418,A_52_0,U_74_0,XXX
418,C_54_0,G_72_0,WCc
418,A_55_0,U_71_0,WCc
418,A_56_0,U_70_0,WCc
418,G_57_0,C_69_0,WCc
418,A_58_0,U_68_0,WCc
418,G_59_0,A_66_0,XXX
418,G_59_0,C_67_0,WCc
418,C_61_0,A_65_0,SWc
418,A_66_0,C_67_0,XXX
419,C_13_0,G_83_0,WCc
419,G_14_0,U_82_0,WWc
419,C_15_0,G_81_0,WCc
419,C_15_0,U_82_0,XXX
419,U_16_0,A_80_0,WWc
419,U_17_0,A_79_0,WWc
419,C_18_0,G_78_0,WCc
419,A_19_0,U_77_0,WCc
419,U_20_0,A_76_0,WWc
419,A_21_0,U_48_0,XXX
419,A_21_0,U_75_0,WCc
419,U_22_0,U_47_0,HSc
419,U_22_0,A_52_0,WWc
419,U_22_0,C_53_0,WWc
419,A_23_0,G_46_0,WSt
419,A_23_0,C_53_0,XXX
419,U_25_0,A_45_0,WCc
419,C_26_0,G_44_0,WCc
419,C_27_0,G_43_0,WCc
419,U_28_0,G_42_0,GUc
419,A_29_0,U_41_0,WCc
419,A_30_0,U_40_0,WCc
419,U_31_0,U_39_0,WWc
419,U_31_0,U_40_0,XXX
419,A_33_0,G_37_0,SSc
419,A_33_0,G_38_0,XXX
419,A_33_0,A_66_0,WHt
419,U_34_0,G_37_0,SSt
419,U_34_0,A_65_0,WHt
419,G_37_0,C_61_0,WCc
419,G_38_0,C_60_0,WCc
419,G_38_0,A_66_0,SWt
419,G_46_0,C_53_0,WCc
419,U_47_0,C_50_0,WHt
419,U_48_0,U_49_0,WHc
419,U_49_0,U_75_0,WSc
419,C_50_0,U_75_0,WSc
419,U_51_0,U_74_0,WSc
419,C_54_0,G_72_0,WCc
419,A_55_0,U_71_0,WCc
419,A_56_0,U_70_0,WCc
419,G_57_0,C_69_0,WCc
419,A_58_0,U_68_0,WCc
419,G_59_0,C_67_0,WCc
419,C_61_0,A_65_0,SWc
419,U_62_0,U_63_0,SHc
419,A_66_0,C_67_0,SHc
420,C_13_0,G_83_0,WWc
420,G_14_0,U_82_0,GUc
420,C_15_0,G_81_0,WCc
420,U_16_0,A_80_0,WWc
420,U_17_0,A_79_0,WCc
420,C_18_0,G_78_0,WWc
420,C_18_0,A_79_0,XXX
420,A_19_0,U_77_0,WCc
420,U_20_0,A_76_0,WCc
420,A_21_0,U_48_0,XXX
420,A_21_0,U_75_0,WCc
420,U_22_0,U_47_0,HSc
420,U_22_0,A_52_0,WCc
420,A_23_0,G_46_0,WSt
420,U_25_0,A_45_0,WCc
420,U_25_0,C_53_0,XXX
420,C_26_0,G_44_0,WCc
420,C_27_0,G_43_0,WCc
420,U_28_0,G_42_0,GUc
420,A_29_0,U_41_0,WCc
420,A_30_0,U_40_0,WCc
420,U_31_0,U_39_0,WWc
420,A_33_0,G_37_0,SSc
420,A_33_0,A_66_0,WHt
420,U_34_0,G_37_0,SSt
420,U_34_0,A_65_0,WHt
420,G_37_0,C_61_0,WCc
420,G_38_0,C_60_0,WCc
420,G_38_0,A_66_0,SWt
420,G_46_0,C_53_0,WCc
420,U_47_0,C_50_0,WHt
420,C_50_0,U_75_0,WSc
420,U_51_0,A_52_0,XXX
420,U_51_0,U_75_0,XXX
420,A_52_0,A_73_0,SWc
420,A_52_0,U_74_0,SWc
420,C_54_0,G_72_0,WCc
420,A_55_0,U_71_0,WCc
420,A_56_0,U_70_0,WCc
420,G_57_0,C_69_0,WCc
420,A_58_0,U_68_0,WCc
420,G_59_0,C_67_0,WCc
420,C_61_0,A_65_0,SWc
420,U_62_0,U_63_0,XXX
421,C_13_0,G_83_0,WCc
421,G_14_0,U_82_0,GUc
421,C_15_0,G_81_0,WCc
421,U_16_0,A_80_0,WCc
421,U_17_0,A_79_0,WCc
421,C_18_0,G_78_0,WCc
421,C_18_0,A_79_0,WWc
421,A_19_0,U_77_0,WCc
421,U_20_0,A_76_0,WCc
421,A_21_0,U_75_0,WCc
421,U_22_0,A_52_0,WCc
421,A_23_0,G_46_0,WSc
421,U_25_0,A_45_0,WWc
421,C_26_0,G_44_0,WCc
421,C_27_0,G_43_0,WCc
421,U_28_0,G_42_0,GUc
421,A_29_0,U_41_0,WCc
421,A_30_0,U_40_0,WCc
421,U_31_0,U_39_0,WWc
421,A_33_0,G_37_0,SSc
421,A_33_0,G_38_0,XXX
421,A_33_0,A_66_0,WHt
421,U_34_0,G_37_0,SSt
421,U_34_0,A_65_0,WHt
421,G_37_0,C_61_0,WCc
421,G_38_0,C_60_0,WWc
421,G_38_0,A_66_0,SWt
421,G_46_0,A_52_0,WWc
421,G_46_0,C_53_0,WCc
421,U_47_0,U_49_0,SHt
421,U_48_0,A_76_0,XXX
421,U_51_0,U_75_0,WSt
421,A_52_0,A_73_0,SWc
421,A_52_0,U_74_0,SWc
421,C_54_0,G_72_0,WCc
421,A_55_0,U_71_0,WWc
421,A_56_0,U_70_0,WCc
421,A_56_0,U_71_0,WWc
421,G_57_0,C_69_0,WCc
421,A_58_0,U_68_0,WCc
421,G_59_0,C_67_0,WCc
421,C_61_0,A_65_0,SWc
421,U_62_0,U_63_0,SHc
421,A_66_0,C_67_0,XXX
422,C_13_0,G_83_0,WCc
422,G_14_0,U_82_0,GUc
422,C_15_0,G_81_0,WCc
422,U_16_0,A_80_0,WCc
422,U_17_0,A_79_0,WCc
422,C_18_0,G_78_0,WCc
422,A_19_0,U_77_0,WCc
422,U_20_0,A_76_0,WCc
422,A_21_0,U_75_0,WCc
422,U_22_0,A_52_0,WCc
422,A_23_0,G_46_0,WSc
422,U_25_0,A_45_0,WWc
422,C_26_0,G_44_0,WCc
422,C_27_0,G_43_0,WCc
422,U_28_0,G_42_0,GUc
422,A_29_0,U_41_0,WCc
422,A_30_0,U_40_0,WCc
422,U_31_0,U_39_0,WWc
422,A_33_0,G_37_0,SSc
422,A_33_0,G_38_0,XXX
422,A_33_0,A_66_0,WHt
422,U_34_0,G_37_0,SSt
422,U_34_0,A_65_0,WHt
422,G_37_0,C_61_0,WCc
422,G_38_0,C_60_0,WCc
422,G_38_0,A_66_0,SWt
422,G_46_0,C_53_0,WCc
422,U_47_0,U_49_0,SHt
422,U_51_0,U_75_0,XXX
422,A_52_0,A_73_0,SWc
422,A_52_0,U_74_0,SWc
422,C_54_0,G_72_0,WCc
422,A_55_0,U_71_0,WWc
422,A_56_0,U_70_0,WCc
422,G_57_0,C_69_0,WCc
422,A_58_0,U_68_0,WCc
422,G_59_0,C_67_0,WCc
422,C_61_0,A_65_0,SWc
422,U_62_0,U_63_0,XXX
423,C_13_0,G_83_0,WWc
423,G_14_0,U_82_0,GUc
423,C_15_0,G_81_0,WCc
423,U_16_0,A_79_0,XXX
423,U_16_0,A_80_0,WCc
423,U_17_0,A_79_0,WWc
423,C_18_0,G_78_0,WCc
423,A_19_0,U_77_0,WCc
423,U_20_0,A_76_0,WCc
423,A_21_0,U_48_0,XXX
423,A_21_0,U_49_0,XXX
423,A_21_0,U_75_0,WCc
423,U_22_0,U_47_0,XXX
423,U_22_0,A_52_0,WCc
423,A_23_0,G_46_0,WSc
423,U_25_0,A_45_0,WCc
423,U_25_0,C_53_0,XXX
423,C_26_0,G_44_0,WCc
423,C_27_0,G_43_0,WCc
423,U_28_0,G_42_0,GUc
423,A_29_0,U_41_0,WCc
423,A_30_0,U_40_0,WWc
423,U_31_0,U_39_0,WWc
423,U_31_0,U_40_0,XXX
423,A_33_0,G_37_0,SSc
423,A_33_0,A_66_0,WHt
423,U_34_0,G_37_0,SSt
423,U_34_0,A_65_0,WHt
423,G_37_0,C_61_0,WCc
423,G_38_0,C_60_0,WCc
423,G_38_0,A_66_0,SWt
423,G_46_0,A_52_0,WWc
423,G_46_0,C_53_0,WWc
423,U_47_0,U_49_0,SHt
423,U_47_0,C_50_0,XXX
423,U_48_0,U_49_0,WHc
423,U_48_0,A_76_0,XXX
423,U_51_0,A_52_0,XXX
423,A_52_0,A_73_0,XXX
423,A_52_0,U_74_0,SWc
423,C_54_0,G_72_0,WCc
423,A_55_0,U_71_0,WCc
423,A_56_0,U_70_0,WCc
423,A_56_0,U_71_0,WWc
423,G_57_0,C_69_0,WCc
423,A_58_0,U_68_0,WCc
423,G_59_0,C_67_0,WCc
423,C_61_0,A_65_0,SWc
423,U_62_0,U_63_0,SHc
423,A_66_0,C_67_0,SHc
424,C_13_0,G_83_0,WCc
424,G_14_0,U_82_0,GUc
424,C_15_0,G_81_0,WCc
424,C_15_0,U_82_0,XXX
424,U_16_0,A_80_0,WCc
424,U_17_0,A_79_0,WCc
424,C_18_0,G_78_0,WCc
424,A_19_0,U_77_0,WCc
424,U_20_0,A_76_0,WCc
424,A_21_0,U_49_0,XXX
424,A_21_0,U_75_0,WCc
424,U_22_0,U_47_0,XXX
424,U_22_0,A_52_0,WCc
424,A_23_0,G_46_0,WSt
424,U_25_0,A_45_0,WCc
424,U_25_0,C_53_0,XXX
424,C_26_0,G_44_0,WCc
424,C_27_0,G_43_0,WCc
424,U_28_0,G_42_0,GUc
424,A_29_0,U_41_0,WCc
424,A_30_0,U_40_0,WCc
424,U_31_0,U_39_0,WWc
424,A_33_0,G_37_0,SSc
424,A_33_0,G_38_0,XXX
424,A_33_0,A_66_0,WHt
424,U_34_0,G_37_0,SSt
424,U_34_0,A_65_0,WHt
424,G_37_0,C_61_0,WWc
424,G_38_0,C_60_0,WCc
424,G_38_0,C_61_0,XXX
424,G_38_0,A_66_0,SWt
424,G_46_0,C_53_0,WCc
424,U_47_0,U_49_0,SHt
424,U_51_0,U_74_0,WWc
424,A_52_0,A_73_0,SWc
424,A_52_0,U_74_0,XXX
424,C_54_0,A_55_0,XXX
424,C_54_0,G_72_0,WWc
424,A_55_0,U_71_0,WCc
424,A_56_0,U_70_0,WCc
424,G_57_0,C_69_0,WCc
424,A_58_0,U_68_0,WCc
424,G_59_0,C_67_0,WCc
424,C_60_0,A_66_0,XXX
424,C_61_0,A_65_0,SWc
425,C_13_0,G_83_0,WCc
425,G_14_0,U_82_0,XXX
425,C_15_0,G_81_0,WCc
425,U_16_0,A_80_0,WWc
425,U_17_0,A_79_0,WCc
425,C_18_0,G_78_0,WCc
425,A_19_0,U_77_0,WCc
425,U_20_0,A_76_0,WCc
425,A_21_0,U_48_0,XXX
425,A_21_0,U_49_0,XXX
425,A_21_0,U_75_0,WWc
425,U_22_0,U_47_0,XXX
425,U_22_0,A_52_0,WCc
425,A_23_0,G_46_0,WSc
425,U_25_0,A_45_0,WCc
425,U_25_0,C_53_0,XXX
425,C_26_0,G_44_0,WCc
425,C_27_0,G_43_0,WCc
425,U_28_0,G_42_0,GUc
425,A_29_0,U_41_0,WCc
425,A_30_0,U_40_0,WCc
425,U_31_0,U_39_0,WWc
425,A_33_0,G_37_0,SSc
425,A_33_0,A_66_0,WHt
425,U_34_0,G_37_0,SSt
425,U_34_0,A_65_0,WHt
425,G_37_0,C_61_0,WCc
425,G_38_0,C_60_0,WCc
425,G_38_0,A_66_0,SWt
425,G_46_0,C_53_0,WCc
425,U_47_0,U_49_0,SHt
425,U_47_0,C_50_0,XXX
425,U_48_0,A_76_0,HSc
425,C_50_0,U_75_0,WSc
425,U_51_0,U_74_0,WWc
425,U_51_0,U_75_0,WSc
425,A_52_0,A_73_0,SWc
425,A_52_0,U_74_0,SWc
425,C_54_0,G_72_0,WCc
425,A_55_0,U_71_0,WCc
425,A_56_0,U_70_0,WCc
425,G_57_0,C_69_0,WCc
425,A_58_0,U_68_0,WCc
425,G_59_0,C_67_0,WCc
425,C_61_0,A_65_0,SWc
426,C_13_0,G_83_0,WCc
426,G_14_0,U_82_0,GUc
426,C_15_0,G_81_0,WCc
426,U_16_0,A_80_0,WCc
426,U_17_0,A_79_0,WCc
426,C_18_0,G_78_0,WCc
426,A_19_0,U_77_0,WWc
426,U_20_0,A_76_0,WWc
426,U_20_0,U_77_0,XXX
426,A_21_0,U_49_0,XXX
426,A_21_0,U_75_0,WCc
426,U_22_0,U_47_0,XXX
426,U_22_0,A_52_0,WCc
426,A_23_0,G_46_0,WSt
426,U_25_0,A_45_0,WCc
426,U_25_0,C_53_0,XXX
426,C_26_0,G_44_0,WCc
426,C_27_0,G_43_0,WCc
426,U_28_0,G_42_0,GUc
426,A_29_0,U_41_0,WCc
426,A_30_0,U_40_0,WWc
426,U_31_0,U_39_0,WWc
426,A_33_0,A_66_0,WHt
426,U_34_0,G_37_0,SSt
426,U_34_0,A_65_0,WHt
426,G_37_0,C_61_0,WCc
426,G_38_0,C_60_0,WCc
426,G_38_0,A_66_0,SWt
426,G_46_0,C_53_0,WCc
426,U_47_0,U_49_0,XXX
426,U_51_0,U_74_0,WWc
426,U_51_0,U_75_0,XXX
426,A_52_0,A_73_0,SWc
426,A_52_0,U_74_0,XXX
426,C_54_0,G_72_0,WCc
426,A_55_0,U_71_0,WCc
426,A_56_0,U_70_0,WCc
426,G_57_0,C_69_0,WCc
426,A_58_0,U_68_0,WCc
426,G_59_0,C_67_0,WCc
426,C_61_0,A_65_0,SWc
426,C_61_0,A_66_0,XXX
426,U_62_0,U_63_0,XXX
427,C_13_0,G_83_0,WCc
427,G_14_0,U_82_0,GUc
427,C_15_0,G_81_0,WCc
427,U_16_0,A_80_0,WCc
427,U_17_0,A_79_0,WCc
427,C_18_0,G_78_0,WCc
427,A_19_0,U_77_0,WCc
427,U_20_0,A_76_0,WWc
427,U_20_0,U_77_0,XXX
427,A_21_0,U_49_0,XXX
427,A_21_0,U_75_0,WCc
427,U_22_0,U_47_0,XXX
427,U_22_0,A_52_0,WCc
427,A_23_0,G_46_0,WSt
427,U_25_0,A_45_0,WCc
427,C_26_0,G_44_0,WCc
427,C_27_0,G_43_0,WCc
427,U_28_0,G_42_0,GUc
427,A_29_0,U_41_0,WCc
427,A_30_0,U_40_0,WCc
427,U_31_0,U_39_0,WWc
427,A_33_0,G_37_0,SSc
427,A_33_0,G_38_0,XXX
427,A_33_0,A_66_0,WHt
427,U_34_0,G_37_0,SSt
427,U_34_0,A_65_0,WHt
427,G_37_0,C_61_0,WCc
427,G_38_0,C_60_0,WCc
427,G_38_0,A_66_0,SWt
427,G_46_0,C_53_0,WCc
427,U_51_0,U_74_0,WWc
427,A_52_0,A_73_0,SWc
427,A_52_0,U_74_0,XXX
427,C_54_0,A_55_0,WHc
427,C_54_0,G_72_0,WCc
427,A_55_0,U_71_0,WCc
427,A_56_0,U_70_0,WCc
427,G_57_0,C_69_0,WCc
427,A_58_0,U_68_0,WCc
427,G_59_0,C_67_0,WCc
427,C_60_0,A_66_0,XXX
427,C_61_0,A_65_0,SWc
427,C_61_0,A_66_0,XXX
427,U_62_0,U_63_0,XXX
428,C_13_0,G_83_0,WCc
428,G_14_0,U_82_0,GUc
428,C_15_0,G_81_0,WCc
428,U_16_0,A_80_0,WCc
428,U_17_0,A_79_0,WCc
428,C_18_0,G_78_0,WCc
428,A_19_0,U_77_0,WCc
428,U_20_0,A_76_0,WCc
428,A_21_0,U_49_0,XXX
428,A_21_0,U_75_0,WCc
428,U_22_0,U_47_0,XXX
428,U_22_0,A_52_0,WCc
428,A_23_0,G_46_0,WSc
428,U_25_0,A_45_0,WCc
428,U_25_0,C_53_0,XXX
428,C_26_0,G_44_0,WCc
428,C_27_0,G_43_0,WCc
428,U_28_0,G_42_0,GUc
428,A_29_0,U_41_0,WCc
428,A_30_0,U_40_0,WCc
428,U_31_0,U_39_0,WWc
428,A_33_0,G_37_0,SSc
428,A_33_0,A_66_0,WHt
428,U_34_0,G_37_0,SSt
428,U_34_0,A_65_0,WHt
428,G_37_0,C_61_0,WCc
428,G_38_0,C_60_0,WCc
428,G_38_0,A_66_0,SWt
428,G_46_0,C_53_0,WCc
428,U_47_0,U_49_0,SHt
428,U_47_0,C_50_0,XXX
428,U_48_0,A_76_0,HSc
428,U_49_0,A_76_0,XXX
428,U_51_0,U_74_0,WWc
428,U_51_0,U_75_0,XXX
428,A_52_0,A_73_0,SWc
428,A_52_0,U_74_0,SWc
428,C_54_0,G_72_0,WCc
428,A_55_0,U_71_0,WCc
428,A_56_0,U_70_0,WCc
428,G_57_0,C_69_0,WCc
428,A_58_0,U_68_0,WCc
428,G_59_0,C_67_0,WCc
428,C_61_0,A_65_0,SWc
428,U_62_0,U_63_0,XXX
429,C_13_0,G_83_0,WCc
429,G_14_0,U_82_0,GUc
429,C_15_0,G_81_0,WCc
429,U_16_0,A_80_0,WCc
429,U_17_0,A_79_0,WCc
429,C_18_0,G_78_0,WCc
429,A_19_0,U_77_0,WCc
429,U_20_0,A_76_0,WCc
429,A_21_0,U_49_0,XXX
429,A_21_0,U_75_0,WCc
429,U_22_0,A_52_0,WCc
429,A_23_0,G_46_0,WSc
429,U_25_0,A_45_0,WCc
429,U_25_0,C_53_0,XXX
429,C_26_0,G_44_0,WCc
429,C_27_0,G_43_0,WCc
429,U_28_0,G_42_0,GUc
429,A_29_0,U_41_0,WCc
429,A_30_0,U_40_0,WCc
429,U_31_0,U_39_0,WWc
429,A_33_0,G_37_0,SSc
429,A_33_0,G_38_0,XXX
429,A_33_0,A_65_0,WHt
429,A_33_0,A_66_0,WHt
429,U_34_0,G_37_0,SSt
429,U_34_0,A_65_0,WHt
429,G_37_0,C_61_0,WCc
429,G_38_0,C_60_0,WCc
429,G_38_0,C_61_0,WWc
429,G_38_0,A_66_0,SWt
429,G_46_0,C_53_0,WCc
429,U_47_0,U_49_0,XXX
429,U_47_0,C_50_0,XXX
429,U_49_0,U_75_0,XXX
429,C_50_0,U_75_0,WSc
429,A_52_0,A_73_0,SWc
429,A_52_0,U_74_0,SWc
429,C_54_0,G_72_0,WCc
429,A_55_0,U_71_0,WCc
429,A_56_0,U_70_0,WCc
429,G_57_0,C_69_0,WCc
429,A_58_0,U_68_0,WCc
429,G_59_0,C_67_0,WCc
429,C_61_0,A_65_0,SWc
429,U_62_0,U_63_0,XXX
429,A_66_0,C_67_0,XXX
430,C_13_0,G_83_0,WCc
430,G_14_0,U_82_0,GUc
430,C_15_0,G_81_0,WCc
430,U_16_0,A_80_0,WWc
430,U_17_0,A_79_0,WCc
430,C_18_0,G_78_0,WCc
430,A_19_0,U_77_0,WWc
430,U_20_0,A_76_0,WCc
430,A_21_0,U_75_0,WCc
430,U_22_0,U_47_0,XXX
430,U_22_0,A_52_0,WCc
430,A_23_0,G_46_0,WSt
430,U_25_0,A_45_0,WCc
430,C_26_0,G_44_0,WCc
430,C_27_0,G_43_0,WCc
430,U_28_0,G_42_0,GUc
430,A_29_0,U_41_0,WCc
430,A_30_0,U_40_0,WCc
430,A_30_0,U_41_0,WWc
430,U_31_0,U_39_0,WWc
430,U_31_0,U_40_0,WWc
430,A_33_0,G_37_0,SSc
430,A_33_0,G_38_0,XXX
430,A_33_0,A_66_0,WHt
430,U_34_0,G_37_0,SSt
430,U_34_0,A_65_0,WHt
430,G_37_0,C_61_0,WCc
430,G_38_0,C_60_0,WWc
430,G_38_0,A_66_0,SWt
430,G_46_0,C_53_0,WCc
430,U_47_0,U_49_0,SHt
430,U_49_0,A_76_0,WSc
430,U_51_0,U_74_0,WWc
430,A_52_0,A_73_0,SWc
430,A_52_0,U_74_0,SWc
430,C_54_0,G_72_0,WCc
430,A_55_0,U_71_0,WWc
430,A_56_0,U_70_0,WCc
430,G_57_0,C_69_0,WCc
430,A_58_0,U_68_0,WCc
430,G_59_0,C_67_0,WCc
430,C_61_0,A_65_0,SWc
430,U_62_0,U_63_0,SHc
431,C_13_0,G_83_0,WCc
431,G_14_0,U_82_0,GUc
431,C_15_0,G_81_0,WCc
431,U_16_0,A_80_0,WCc
431,U_17_0,A_79_0,WCc
431,C_18_0,G_78_0,WCc
431,A_19_0,U_77_0,WCc
431,U_20_0,A_76_0,WCc
431,A_21_0,U_75_0,WCc
431,U_22_0,U_47_0,HSc
431,U_22_0,A_52_0,WCc
431,A_23_0,G_46_0,WSc
431,U_25_0,A_45_0,WCc
431,C_26_0,G_44_0,WCc
431,C_27_0,G_43_0,WWc
431,U_28_0,G_42_0,GUc
431,A_29_0,U_41_0,WCc
431,A_30_0,U_40_0,WCc
431,U_31_0,U_39_0,WWc
431,A_33_0,A_66_0,WHt
431,U_34_0,G_37_0,SSt
431,U_34_0,A_65_0,WHt
431,G_37_0,C_61_0,WCc
431,G_38_0,C_60_0,WCc
431,G_38_0,A_66_0,SWt
431,G_46_0,C_53_0,WCc
431,U_51_0,U_74_0,WWc
431,A_52_0,A_73_0,SWc
431,A_52_0,U_74_0,XXX
431,C_54_0,G_72_0,WCc
431,A_55_0,U_71_0,WCc
431,A_56_0,U_70_0,WCc
431,G_57_0,C_69_0,WCc
431,A_58_0,U_68_0,WCc
431,G_59_0,C_67_0,WCc
431,C_61_0,A_65_0,SWc
431,U_62_0,U_63_0,XXX
431,A_66_0,C_67_0,SHc
432,C_13_0,G_83_0,WWc
432,G_14_0,U_82_0,GUc
432,C_15_0,G_81_0,WCc
432,U_16_0,A_80_0,WCc
432,U_17_0,A_79_0,WCc
432,C_18_0,G_78_0,WCc
432,A_19_0,U_77_0,WCc
432,U_20_0,A_76_0,WWc
432,A_21_0,U_49_0,XXX
432,A_21_0,U_75_0,WCc
432,U_22_0,U_47_0,XXX
432,U_22_0,A_52_0,WCc
432,A_23_0,G_46_0,WSt
432,U_25_0,A_45_0,WCc
432,C_26_0,G_44_0,WCc
432,C_27_0,G_43_0,WCc
432,U_28_0,G_42_0,GUc
432,A_29_0,U_41_0,WCc
432,A_30_0,U_40_0,WCc
432,U_31_0,U_39_0,WWc
432,A_33_0,G_37_0,SSc
432,A_33_0,G_38_0,XXX
432,A_33_0,A_66_0,WHt
432,U_34_0,G_37_0,SSt
432,U_34_0,A_65_0,WHt
432,G_37_0,C_61_0,WCc
432,G_38_0,C_60_0,WCc
432,G_38_0,A_66_0,SWt
432,A_45_0,C_53_0,XXX
432,G_46_0,C_53_0,WCc
432,U_47_0,C_50_0,XXX
432,U_48_0,A_76_0,HSc
432,C_50_0,U_75_0,WSc
432,U_51_0,U_74_0,WWc
432,U_51_0,U_75_0,XXX
432,A_52_0,A_73_0,SWc
432,C_54_0,G_72_0,WCc
432,A_55_0,U_71_0,WCc
432,A_56_0,U_70_0,WCc
432,G_57_0,C_69_0,WCc
432,A_58_0,U_68_0,WCc
432,G_59_0,C_67_0,WCc
432,C_61_0,A_65_0,SWc
432,U_62_0,U_63_0,XXX
433,C_13_0,G_83_0,WCc
433,G_14_0,U_82_0,GUc
433,C_15_0,G_81_0,WCc
433,U_16_0,A_80_0,WCc
433,U_17_0,A_79_0,WWc
433,C_18_0,G_78_0,WCc
433,A_19_0,U_77_0,WCc
433,U_20_0,A_76_0,WCc
433,A_21_0,U_75_0,WCc
433,U_22_0,U_47_0,HSc
433,U_22_0,A_52_0,WCc
433,A_23_0,G_46_0,WSc
433,U_25_0,A_45_0,WCc
433,C_26_0,G_44_0,WCc
433,C_27_0,G_43_0,WCc
433,U_28_0,G_42_0,GUc
433,A_29_0,U_41_0,WCc
433,A_30_0,U_40_0,WCc
433,U_31_0,U_39_0,WWc
433,A_33_0,G_37_0,SSc
433,A_33_0,A_66_0,WHt
433,U_34_0,A_65_0,WHt
433,G_37_0,C_61_0,WCc
433,G_38_0,C_60_0,WCc
433,G_38_0,A_66_0,SWt
433,G_46_0,C_53_0,WCc
433,U_47_0,C_50_0,XXX
433,U_48_0,A_76_0,HSc
433,C_50_0,U_75_0,WSc
433,U_51_0,U_74_0,WWc
433,A_52_0,A_73_0,SWc
433,A_52_0,U_74_0,XXX
433,C_54_0,G_72_0,WCc
433,A_55_0,U_71_0,WCc
433,A_56_0,U_70_0,WCc
433,G_57_0,C_69_0,WCc
433,A_58_0,U_68_0,WCc
433,G_59_0,C_67_0,WCc
433,C_61_0,A_65_0,SWc
433,U_62_0,U_63_0,SHc
434,C_13_0,G_83_0,WCc
434,G_14_0,U_82_0,GUc
434,C_15_0,G_81_0,WCc
434,U_16_0,A_80_0,WCc
434,U_17_0,A_79_0,WCc
434,C_18_0,G_78_0,WCc
434,A_19_0,U_77_0,WWc
434,U_20_0,A_76_0,WCc
434,A_21_0,U_75_0,WCc
434,U_22_0,U_47_0,XXX
434,U_22_0,A_52_0,WCc
434,A_23_0,G_46_0,WSc
434,U_25_0,A_45_0,WCc
434,C_26_0,G_44_0,WCc
434,C_27_0,G_43_0,WCc
434,U_28_0,G_42_0,GUc
434,A_29_0,U_41_0,WCc
434,A_30_0,U_40_0,WWc
434,U_31_0,U_39_0,WWc
434,A_33_0,A_66_0,WHt
434,U_34_0,G_37_0,SSt
434,U_34_0,A_65_0,WHt
434,G_37_0,C_61_0,WCc
434,G_38_0,C_60_0,WCc
434,G_38_0,A_66_0,SWt
434,G_46_0,C_53_0,WCc
434,U_51_0,U_74_0,WWc
434,U_51_0,U_75_0,XXX
434,A_52_0,A_73_0,SWc
434,A_52_0,U_74_0,XXX
434,C_54_0,G_72_0,WCc
434,A_55_0,U_71_0,WCc
434,A_56_0,U_70_0,WWc
434,G_57_0,C_69_0,WCc
434,A_58_0,U_68_0,WCc
434,G_59_0,C_67_0,WCc
434,C_61_0,A_65_0,SWc
434,U_62_0,U_63_0,SHc
435,C_13_0,G_83_0,WCc
435,G_14_0,U_82_0,GUc
435,C_15_0,G_81_0,SWc
435,U_16_0,A_80_0,WCc
435,U_17_0,A_79_0,WCc
435,C_18_0,G_78_0,WCc
435,A_19_0,U_77_0,WCc
435,U_20_0,A_76_0,WCc
435,A_21_0,U_75_0,WCc
435,U_22_0,A_52_0,WCc
435,U_22_0,U_74_0,XXX
435,A_23_0,G_46_0,WSc
435,U_25_0,A_45_0,WCc
435,U_25_0,C_53_0,XXX
435,C_26_0,G_44_0,WCc
435,C_27_0,G_43_0,WCc
435,U_28_0,G_42_0,WWc
435,A_29_0,U_41_0,WCc
435,A_30_0,U_40_0,WWc
435,U_31_0,U_39_0,WWc
435,U_31_0,U_40_0,XXX
435,A_33_0,G_37_0,SSc
435,A_33_0,A_66_0,WHt
435,U_34_0,G_37_0,SSt
435,U_34_0,A_65_0,WHt
435,G_37_0,C_61_0,WCc
435,G_38_0,C_60_0,WCc
435,G_38_0,A_66_0,SWt
435,G_46_0,C_53_0,WWc
435,U_47_0,C_50_0,XXX
435,U_51_0,U_74_0,WWc
435,U_51_0,U_75_0,XXX
435,A_52_0,A_73_0,SWc
435,A_52_0,U_74_0,SWc
435,C_54_0,G_72_0,WCc
435,A_55_0,U_71_0,WCc
435,A_56_0,U_70_0,WCc
435,G_57_0,C_69_0,WCc
435,A_58_0,U_68_0,WCc
435,G_59_0,C_67_0,XXX
435,C_60_0,C_67_0,SWc
435,C_61_0,A_65_0,SWc
435,U_62_0,U_63_0,XXX
436,C_13_0,G_83_0,XXX
436,G_14_0,U_82_0,GUc
436,C_15_0,G_81_0,WWc
436,U_16_0,A_80_0,WCc
436,U_17_0,A_79_0,WCc
436,C_18_0,G_78_0,WCc
436,A_19_0,U_77_0,WCc
436,U_20_0,A_76_0,WCc
436,A_21_0,U_48_0,XXX
436,A_21_0,U_75_0,WCc
436,U_22_0,U_47_0,XXX
436,U_22_0,A_52_0,WCc
436,A_23_0,G_46_0,WSc
436,U_25_0,A_45_0,WWc
436,C_26_0,G_44_0,WCc
436,C_27_0,G_43_0,WCc
436,U_28_0,G_42_0,GUc
436,A_29_0,U_41_0,WCc
436,A_30_0,U_40_0,WCc
436,U_31_0,U_39_0,WWc
436,A_33_0,G_37_0,SSc
436,A_33_0,A_66_0,WHt
436,U_34_0,G_37_0,SSt
436,U_34_0,A_65_0,WHt
436,G_37_0,C_61_0,WCc
436,G_38_0,C_60_0,WCc
436,G_38_0,A_66_0,SWt
436,G_46_0,A_52_0,WWc
436,G_46_0,C_53_0,WCc
436,A_52_0,A_73_0,SWc
436,C_54_0,G_72_0,WWc
436,A_55_0,U_71_0,WCc
436,A_56_0,U_70_0,WCc
436,G_57_0,C_69_0,WCc
436,A_58_0,U_68_0,WCc
436,G_59_0,C_67_0,WCc
436,C_60_0,A_66_0,XXX
436,C_61_0,A_65_0,SWc
436,U_62_0,U_63_0,XXX
437,C_13_0,G_83_0,WCc
437,G_14_0,U_82_0,GUc
437,C_15_0,G_81_0,WCc
437,C_15_0,U_82_0,XXX
437,U_16_0,A_80_0,WWc
437,U_17_0,A_79_0,WCc
437,C_18_0,G_78_0,WCc
437,A_19_0,U_77_0,WCc
437,U_20_0,A_76_0,WWc
437,A_21_0,U_48_0,XXX
437,A_21_0,U_75_0,WCc
437,U_22_0,U_47_0,XXX
437,U_22_0,A_52_0,WCc
437,A_23_0,G_46_0,WSc
437,U_25_0,A_45_0,WCc
437,C_26_0,G_44_0,WCc
437,C_27_0,G_43_0,WCc
437,U_28_0,G_42_0,GUc
437,A_29_0,U_41_0,WCc
437,A_30_0,U_40_0,WCc
437,U_31_0,U_39_0,WWc
437,G_32_0,A_66_0,XXX
437,A_33_0,G_37_0,SSc
437,A_33_0,G_38_0,XXX
437,A_33_0,A_66_0,WHt
437,U_34_0,G_37_0,SSt
437,U_34_0,A_65_0,WHt
437,G_37_0,C_61_0,WCc
437,G_38_0,C_60_0,WCc
437,G_38_0,A_66_0,SWt
437,G_46_0,C_53_0,WWc
437,U_49_0,C_50_0,XXX
437,U_51_0,U_74_0,WWc
437,A_52_0,A_73_0,SWc
437,A_52_0,U_74_0,SWc
437,C_54_0,G_72_0,WCc
437,A_55_0,U_71_0,WCc
437,A_56_0,U_70_0,WCc
437,G_57_0,C_69_0,WCc
437,A_58_0,U_68_0,WCc
437,G_59_0,C_67_0,WCc
437,C_61_0,A_65_0,SWc
438,C_13_0,G_83_0,WCc
438,G_14_0,U_82_0,GUc
438,C_15_0,G_81_0,WCc
438,U_16_0,A_80_0,WCc
438,U_17_0,A_79_0,WWc
438,C_18_0,G_78_0,WCc
438,A_19_0,U_77_0,WCc
438,U_20_0,A_76_0,WCc
438,A_21_0,U_48_0,XXX
438,A_21_0,U_75_0,WCc
438,U_22_0,U_47_0,HSc
438,U_22_0,A_52_0,WCc
438,A_23_0,G_46_0,WSc
438,U_25_0,A_45_0,WCc
438,C_26_0,G_44_0,WCc
438,C_27_0,G_43_0,WCc
438,U_28_0,G_42_0,GUc
438,A_29_0,U_41_0,WCc
438,A_30_0,U_40_0,WWc
438,U_31_0,U_39_0,WWc
438,U_31_0,U_40_0,WWc
438,A_33_0,G_37_0,SSc
438,A_33_0,G_38_0,XXX
438,A_33_0,A_66_0,WHt
438,U_34_0,G_37_0,SSt
438,U_34_0,A_65_0,WHt
438,G_37_0,C_61_0,WCc
438,G_38_0,C_60_0,WCc
438,G_38_0,A_66_0,SWt
438,G_46_0,C_53_0,WCc
438,U_51_0,U_74_0,WWc
438,A_52_0,A_73_0,SWc
438,A_55_0,U_71_0,WCc
438,A_56_0,U_70_0,WCc
438,G_57_0,C_69_0,WCc
438,A_58_0,U_68_0,WCc
438,G_59_0,C_67_0,WCc
438,C_60_0,A_66_0,XXX
438,C_61_0,A_65_0,SWc
438,U_62_0,U_63_0,XXX
439,G_14_0,U_82_0,GUc
439,C_15_0,G_81_0,WCc
439,U_16_0,A_80_0,WCc
439,U_17_0,A_79_0,WCc
439,C_18_0,G_78_0,WCc
439,A_19_0,U_77_0,WCc
439,U_20_0,A_76_0,WCc
439,A_21_0,U_75_0,WWc
439,U_22_0,A_52_0,WCc
439,A_23_0,A_45_0,XXX
439,A_23_0,G_46_0,WSt
439,U_25_0,A_45_0,WCc
439,C_26_0,G_44_0,WCc
439,C_27_0,G_43_0,WCc
439,U_28_0,G_42_0,GUc
439,A_29_0,U_41_0,WCc
439,A_30_0,U_40_0,WCc
439,U_31_0,U_39_0,WWc
439,A_33_0,G_37_0,SSc
439,A_33_0,A_66_0,WHt
439,U_34_0,A_65_0,WHt
439,G_37_0,C_61_0,WCc
439,G_38_0,C_60_0,WCc
439,G_38_0,A_66_0,SWt
439,G_46_0,C_53_0,WCc
439,U_47_0,C_50_0,WHt
439,U_51_0,U_74_0,WWc
439,A_52_0,A_73_0,SWc
439,C_54_0,G_72_0,WCc
439,A_55_0,U_71_0,WWc
439,A_56_0,U_70_0,WCc
439,G_57_0,C_69_0,WCc
439,A_58_0,U_68_0,WCc
439,G_59_0,C_67_0,WCc
439,C_61_0,A_65_0,SWc
439,U_62_0,U_63_0,SHc
439,U_82_0,G_83_0,XXX
440,C_13_0,G_83_0,WCc
440,G_14_0,U_82_0,GUc
440,C_15_0,G_81_0,WCc
440,U_16_0,A_80_0,WCc
440,U_17_0,A_79_0,WCc
440,C_18_0,G_78_0,WCc
440,A_19_0,U_77_0,WCc
440,U_20_0,A_76_0,WCc
440,A_21_0,U_75_0,WWc
440,U_22_0,U_47_0,HSc
440,U_22_0,A_52_0,WCc
440,A_23_0,G_46_0,WSt
440,U_25_0,A_45_0,WCc
440,U_25_0,C_53_0,XXX
440,C_26_0,G_44_0,WCc
440,C_27_0,G_43_0,WCc
440,U_28_0,G_42_0,GUc
440,A_29_0,U_41_0,WCc
440,A_30_0,U_40_0,WCc
440,U_31_0,U_39_0,WWc
440,A_33_0,G_37_0,SSc
440,A_33_0,A_66_0,WHt
440,U_34_0,G_37_0,SSt
440,U_34_0,A_65_0,WHt
440,G_37_0,C_61_0,WCc
440,G_38_0,C_60_0,WCc
440,G_38_0,A_66_0,SWt
440,G_46_0,A_52_0,XXX
440,G_46_0,C_53_0,WCc
440,U_51_0,U_74_0,WWc
440,U_51_0,U_75_0,XXX
440,A_52_0,A_73_0,SWc
440,A_52_0,U_74_0,SWc
440,C_54_0,G_72_0,WCc
440,A_55_0,U_71_0,WCc
440,A_56_0,U_70_0,WCc
440,G_57_0,C_69_0,WCc
440,A_58_0,U_68_0,WCc
440,G_59_0,C_67_0,WCc
440,C_61_0,A_65_0,SWc
440,A_66_0,C_67_0,XXX
441,C_13_0,G_83_0,WWc
441,G_14_0,U_82_0,GUc
441,C_15_0,G_81_0,WCc
441,U_16_0,A_80_0,WCc
441,U_17_0,A_79_0,WCc
441,C_18_0,G_78_0,WCc
441,A_19_0,U_77_0,WCc
441,U_20_0,A_76_0,WWc
441,A_21_0,U_75_0,WCc
441,U_22_0,U_47_0,HSc
441,U_22_0,A_52_0,WCc
441,U_22_0,U_74_0,XXX
441,A_23_0,G_46_0,WSc
441,A_24_0,G_72_0,HWt
441,U_25_0,A_45_0,XXX
441,C_26_0,G_44_0,WCc
441,C_27_0,G_43_0,WCc
441,U_28_0,G_42_0,GUc
441,A_29_0,U_41_0,WCc
441,A_30_0,U_40_0,WWc
441,U_31_0,U_39_0,WWc
441,A_33_0,G_37_0,SSc
441,A_33_0,G_38_0,XXX
441,A_33_0,A_66_0,WHt
441,U_34_0,G_37_0,SSt
441,U_34_0,A_65_0,WHt
441,G_37_0,C_61_0,WCc
441,G_38_0,C_60_0,WCc
441,G_38_0,A_66_0,SWt
441,G_46_0,C_53_0,WCc
441,U_51_0,U_74_0,WWc
441,A_52_0,A_73_0,SWc
441,C_54_0,G_72_0,WCc
441,A_55_0,U_71_0,WCc
441,A_56_0,U_70_0,WCc
441,G_57_0,C_69_0,WCc
441,A_58_0,U_68_0,WCc
441,G_59_0,C_67_0,WCc
441,C_60_0,A_66_0,XXX
441,C_61_0,A_65_0,SWc
441,A_66_0,C_67_0,SHc
442,C_13_0,G_83_0,WCc
442,G_14_0,U_82_0,GUc
442,C_15_0,G_81_0,WCc
442,U_16_0,A_80_0,WCc
442,U_17_0,A_79_0,WCc
442,C_18_0,G_78_0,WCc
442,A_19_0,U_77_0,WCc
442,U_20_0,A_76_0,WCc
442,A_21_0,U_75_0,WCc
442,U_22_0,A_52_0,WCc
442,A_23_0,G_46_0,WSt
442,A_24_0,G_72_0,HWt
442,U_25_0,A_45_0,WCc
442,U_25_0,C_53_0,XXX
442,C_26_0,G_44_0,WCc
442,C_27_0,G_43_0,WCc
442,U_28_0,G_42_0,GUc
442,A_29_0,U_41_0,WCc
442,A_30_0,U_40_0,WWc
442,U_31_0,U_39_0,WWc
442,A_33_0,G_37_0,SSc
442,A_33_0,A_66_0,WHt
442,U_34_0,G_37_0,SSt
442,U_34_0,A_65_0,WHt
442,G_37_0,C_60_0,XXX
442,G_37_0,C_61_0,WCc
442,G_38_0,C_60_0,WCc
442,G_38_0,A_66_0,SWt
442,G_46_0,C_53_0,WWc
442,U_51_0,U_74_0,WWc
442,A_52_0,A_73_0,SWc
442,A_52_0,U_74_0,XXX
442,C_54_0,G_72_0,WCc
442,A_55_0,U_71_0,WWc
442,A_56_0,U_70_0,WCc
442,G_57_0,C_69_0,WCc
442,A_58_0,U_68_0,WCc
442,G_59_0,C_67_0,WCc
442,C_61_0,A_65_0,SWc
442,U_62_0,U_63_0,SHc
443,C_13_0,G_83_0,WCc
443,G_14_0,U_82_0,GUc
443,C_15_0,G_81_0,WWc
443,U_16_0,A_80_0,WCc
443,U_17_0,A_79_0,WCc
443,C_18_0,G_78_0,WCc
443,A_19_0,U_77_0,WWc
443,U_20_0,A_76_0,WCc
443,A_21_0,U_75_0,WCc
443,U_22_0,A_52_0,WCc
443,A_23_0,G_46_0,WSc
443,U_25_0,A_45_0,WCc
443,U_25_0,C_53_0,XXX
443,C_26_0,G_44_0,WCc
443,C_27_0,G_43_0,WCc
443,U_28_0,G_42_0,GUc
443,A_29_0,U_41_0,WCc
443,A_30_0,U_40_0,WCc
443,U_31_0,U_39_0,WWc
443,A_33_0,G_37_0,SSc
443,A_33_0,A_66_0,WHt
443,U_34_0,G_37_0,SSt
443,U_34_0,A_65_0,WHt
443,G_37_0,C_61_0,WCc
443,G_38_0,C_60_0,WCc
443,G_38_0,A_66_0,SWt
443,G_46_0,C_53_0,WCc
443,U_51_0,U_74_0,WWc
443,A_52_0,A_73_0,SWc
443,C_54_0,G_72_0,WCc
443,A_55_0,U_71_0,WWc
443,A_56_0,U_70_0,WCc
443,G_57_0,C_69_0,WCc
443,A_58_0,U_68_0,WWc
443,G_59_0,C_67_0,WCc
443,C_61_0,A_65_0,SWc
443,A_66_0,C_67_0,XXX
444,C_13_0,G_83_0,WCc
444,G_14_0,U_82_0,GUc
444,C_15_0,G_81_0,WCc
444,U_16_0,A_80_0,WCc
444,U_17_0,A_79_0,WCc
444,C_18_0,G_78_0,WCc
444,A_19_0,U_77_0,WCc
444,U_20_0,A_76_0,WCc
444,A_21_0,U_75_0,WCc
444,U_22_0,A_52_0,WCc
444,U_22_0,C_53_0,XXX
444,A_23_0,G_46_0,WSc
444,U_25_0,A_45_0,WCc
444,C_26_0,G_44_0,WCc
444,C_27_0,G_43_0,WCc
444,U_28_0,G_42_0,GUc
444,A_29_0,U_41_0,WCc
444,A_30_0,U_40_0,WCc
444,U_31_0,U_39_0,WWc
444,A_33_0,G_37_0,SSc
444,A_33_0,A_65_0,WHt
444,A_33_0,A_66_0,WHt
444,U_34_0,A_35_0,SHc
444,U_34_0,G_37_0,SSc
444,U_34_0,A_65_0,WHt
444,G_37_0,C_61_0,WWc
444,G_38_0,C_60_0,WWc
444,G_38_0,A_66_0,SWt
444,G_46_0,C_53_0,WCc
444,A_52_0,A_73_0,SWc
444,A_52_0,U_74_0,XXX
444,C_54_0,G_72_0,WCc
444,A_55_0,U_71_0,WCc
444,A_56_0,U_70_0,WCc
444,G_57_0,C_69_0,WCc
444,A_58_0,U_68_0,WCc
444,G_59_0,C_67_0,WCc
444,C_61_0,A_65_0,SWc
444,A_66_0,C_67_0,SHc
445,C_13_0,G_83_0,WCc
445,G_14_0,U_82_0,GUc
445,C_15_0,G_81_0,WCc
445,U_16_0,A_80_0,WCc
445,U_17_0,A_79_0,WCc
445,C_18_0,G_78_0,WCc
445,A_19_0,U_77_0,WCc
445,U_20_0,A_76_0,WCc
445,A_21_0,U_75_0,WCc
445,U_22_0,A_52_0,WWc
445,A_23_0,G_46_0,WSc
445,U_25_0,A_45_0,WCc
445,U_25_0,C_53_0,XXX
445,C_26_0,G_44_0,WWc
445,C_27_0,G_43_0,WCc
445,U_28_0,G_42_0,GUc
445,A_29_0,U_41_0,WCc
445,A_30_0,U_40_0,WCc
445,U_31_0,U_39_0,WWc
445,G_32_0,A_66_0,XXX
445,A_33_0,G_37_0,SSc
445,A_33_0,A_66_0,WHt
445,U_34_0,A_35_0,SHc
445,U_34_0,G_37_0,SSc
445,U_34_0,A_65_0,WHt
445,G_37_0,C_60_0,XXX
445,G_37_0,C_61_0,WCc
445,G_38_0,C_60_0,WCc
445,G_38_0,A_66_0,SWt
445,G_46_0,C_53_0,WCc
445,U_48_0,U_49_0,XXX
445,U_51_0,U_74_0,WWc
445,A_52_0,A_73_0,SWc
445,C_54_0,G_72_0,WWc
445,A_55_0,U_71_0,WCc
445,A_56_0,U_70_0,WCc
445,G_57_0,C_69_0,WCc
445,A_58_0,U_68_0,WCc
445,G_59_0,C_67_0,WCc
445,C_61_0,A_65_0,XXX
446,C_13_0,G_83_0,WCc
446,G_14_0,U_82_0,WWc
446,C_15_0,G_81_0,WCc
446,U_16_0,A_80_0,WCc
446,U_17_0,A_79_0,WCc
446,C_18_0,G_78_0,WCc
446,A_19_0,U_77_0,WCc
446,U_20_0,A_76_0,WCc
446,A_21_0,U_48_0,XXX
446,A_21_0,U_75_0,WCc
446,U_22_0,A_52_0,WCc
446,A_23_0,G_46_0,WSc
446,U_25_0,A_45_0,WCc
446,U_25_0,C_53_0,HSc
446,C_26_0,G_44_0,WCc
446,C_27_0,G_43_0,WCc
446,U_28_0,G_42_0,WWc
446,A_29_0,U_41_0,WCc
446,A_30_0,U_40_0,WCc
446,U_31_0,U_39_0,WWc
446,A_33_0,G_37_0,SSc
446,A_33_0,G_38_0,XXX
446,A_33_0,A_66_0,WHt
446,U_34_0,G_37_0,SSt
446,U_34_0,A_65_0,WHt
446,G_37_0,C_61_0,WCc
446,G_38_0,C_60_0,WCc
446,G_38_0,A_66_0,SWt
446,G_38_0,C_67_0,SWt
446,G_46_0,C_53_0,WCc
446,C_50_0,U_51_0,SHc
446,U_51_0,U_74_0,WSc
446,A_52_0,A_73_0,SWc
446,C_54_0,G_72_0,WCc
446,A_55_0,U_71_0,WCc
446,A_56_0,U_70_0,WCc
446,G_57_0,C_69_0,WCc
446,A_58_0,U_68_0,WCc
446,G_59_0,C_67_0,WWc
446,C_60_0,A_66_0,XXX
446,C_60_0,C_67_0,XXX
446,C_61_0,A_65_0,SWc
446,U_62_0,U_63_0,XXX
447,C_13_0,G_83_0,WCc
447,G_14_0,U_82_0,GUc
447,C_15_0,G_81_0,WCc
447,U_16_0,A_80_0,WWc
447,U_17_0,A_79_0,WWc
447,U_17_0,A_80_0,WWc
447,C_18_0,G_78_0,WCc
447,A_19_0,U_77_0,WCc
447,U_20_0,A_76_0,WCc
447,A_21_0,U_48_0,XXX
447,A_21_0,U_75_0,WCc
447,U_22_0,A_52_0,WCc
447,A_23_0,G_46_0,WSt
447,U_25_0,A_45_0,WCc
447,C_26_0,G_44_0,WCc
447,C_27_0,G_43_0,WCc
447,U_28_0,G_42_0,GUc
447,A_29_0,U_41_0,WWc
447,A_30_0,U_40_0,WCc
447,A_30_0,U_41_0,WWc
447,U_31_0,U_39_0,WWc
447,A_33_0,G_37_0,SSc
447,A_33_0,A_66_0,WHt
447,U_34_0,G_37_0,SSt
447,U_34_0,A_65_0,WHt
447,G_37_0,C_61_0,WCc
447,G_38_0,C_60_0,WCc
447,G_38_0,A_66_0,SWt
447,G_46_0,C_53_0,WCc
447,U_51_0,U_74_0,WWc
447,A_52_0,A_73_0,SWc
447,A_52_0,U_74_0,XXX
447,C_54_0,G_72_0,WCc
447,A_55_0,U_71_0,WCc
447,A_56_0,U_70_0,WCc
447,G_57_0,C_69_0,WCc
447,A_58_0,U_68_0,WCc
447,G_59_0,C_67_0,WWc
447,C_60_0,A_66_0,XXX
447,C_61_0,A_65_0,SWc
447,U_62_0,U_63_0,XXX
448,C_13_0,G_83_0,WCc
448,G_14_0,U_82_0,GUc
448,C_15_0,G_81_0,WCc
448,U_16_0,A_80_0,WCc
448,U_17_0,A_79_0,WCc
448,C_18_0,G_78_0,WCc
448,A_19_0,U_77_0,WCc
448,U_20_0,A_76_0,WCc
448,U_20_0,U_77_0,XXX
448,A_21_0,U_48_0,XXX
448,A_21_0,U_75_0,WCc
448,U_22_0,A_52_0,WCc
448,A_23_0,G_46_0,WSc
448,U_25_0,A_45_0,WCc
448,U_25_0,C_53_0,HSc
448,C_26_0,G_44_0,WCc
448,C_27_0,G_43_0,WCc
448,U_28_0,G_42_0,GUc
448,A_29_0,U_41_0,WCc
448,A_30_0,U_40_0,WCc
448,U_31_0,U_39_0,WWc
448,A_33_0,G_37_0,SSc
448,A_33_0,G_38_0,XXX
448,A_33_0,A_66_0,WHt
448,U_34_0,A_35_0,SHc
448,U_34_0,G_37_0,SSt
448,U_34_0,A_65_0,WHt
448,A_35_0,A_64_0,HHc
448,G_37_0,C_60_0,XXX
448,G_37_0,C_61_0,WCc
448,G_38_0,C_60_0,WCc
448,G_38_0,A_66_0,SWt
448,U_41_0,G_42_0,XXX
448,G_46_0,C_53_0,WCc
448,U_51_0,U_74_0,WWc
448,U_51_0,U_75_0,XXX
448,A_52_0,A_73_0,SWc
448,A_52_0,U_74_0,XXX
448,C_54_0,G_72_0,WCc
448,A_55_0,U_71_0,WCc
448,A_56_0,U_70_0,WCc
448,G_57_0,C_69_0,WCc
448,A_58_0,U_68_0,WCc
448,G_59_0,C_67_0,WCc
448,C_61_0,A_65_0,SWc
448,U_62_0,U_63_0,XXX
449,C_13_0,G_83_0,WWc
449,G_14_0,U_82_0,GUc
449,C_15_0,G_81_0,WWc
449,U_16_0,A_80_0,WCc
449,U_17_0,A_79_0,WCc
449,C_18_0,G_78_0,WCc
449,A_19_0,U_77_0,WWc
449,U_20_0,A_76_0,WCc
449,A_21_0,U_48_0,XXX
449,A_21_0,U_75_0,WCc
449,U_22_0,A_52_0,WCc
449,U_22_0,U_74_0,XXX
449,A_23_0,G_46_0,WSt
449,A_24_0,G_72_0,HWt
449,U_25_0,A_45_0,WCc
449,U_25_0,C_53_0,XXX
449,C_26_0,G_44_0,WCc
449,C_27_0,G_43_0,WCc
449,U_28_0,G_42_0,GUc
449,A_29_0,U_41_0,WCc
449,A_30_0,U_40_0,WCc
449,U_31_0,U_39_0,WWc
449,A_33_0,G_37_0,SSc
449,A_33_0,G_38_0,XXX
449,A_33_0,A_66_0,WHt
449,U_34_0,G_37_0,SSt
449,U_34_0,A_65_0,WHt
449,G_37_0,C_61_0,WCc
449,G_38_0,C_60_0,WCc
449,G_38_0,A_66_0,SWt
449,G_46_0,C_53_0,WCc
449,U_48_0,C_50_0,XXX
449,U_51_0,U_74_0,WWc
449,A_52_0,A_73_0,SWc
449,C_54_0,G_72_0,WCc
449,A_55_0,U_71_0,WCc
449,A_56_0,U_70_0,WCc
449,G_57_0,C_69_0,WCc
449,A_58_0,U_68_0,WWc
449,G_59_0,C_67_0,WWc
449,C_61_0,A_65_0,SWc
449,U_62_0,A_64_0,SHc
450,C_13_0,G_83_0,WCc
450,G_14_0,U_82_0,GUc
450,C_15_0,G_81_0,WCc
450,U_16_0,A_80_0,WWc
450,U_17_0,A_79_0,XXX
450,C_18_0,G_78_0,WCc
450,A_19_0,U_77_0,WCc
450,U_20_0,A_76_0,WCc
450,A_21_0,U_48_0,XXX
450,A_21_0,U_75_0,WCc
450,U_22_0,A_52_0,WCc
450,A_23_0,G_46_0,WSt
450,A_24_0,G_72_0,HWt
450,U_25_0,A_45_0,WCc
450,C_26_0,G_44_0,WCc
450,C_27_0,G_43_0,WCc
450,U_28_0,G_42_0,GUc
450,A_29_0,U_41_0,WCc
450,A_30_0,U_40_0,WCc
450,U_31_0,U_39_0,WWc
450,A_33_0,G_37_0,SSc
450,A_33_0,A_66_0,WHt
450,U_34_0,A_35_0,SHc
450,U_34_0,A_65_0,WHt
450,A_35_0,A_64_0,XXX
450,G_37_0,C_61_0,WCc
450,G_38_0,C_60_0,WCc
450,G_38_0,A_66_0,SWt
450,G_46_0,C_53_0,WCc
450,C_50_0,U_51_0,XXX
450,U_51_0,U_74_0,WWc
450,A_52_0,A_73_0,SWc
450,C_54_0,G_72_0,WWc
450,A_55_0,U_71_0,WCc
450,A_56_0,U_70_0,WCc
450,G_57_0,C_69_0,WCc
450,A_58_0,U_68_0,WCc
450,G_59_0,C_67_0,WCc
450,C_60_0,A_66_0,XXX
450,C_61_0,A_65_0,XXX
451,C_13_0,G_83_0,WCc
451,G_14_0,U_82_0,GUc
451,C_15_0,G_81_0,WWc
451,U_16_0,A_80_0,WCc
451,U_17_0,A_79_0,WCc
451,C_18_0,G_78_0,WCc
451,A_19_0,U_77_0,WCc
451,U_20_0,A_76_0,WCc
451,A_21_0,U_48_0,XXX
451,A_21_0,U_75_0,WCc
451,U_22_0,A_52_0,WCc
451,A_23_0,G_46_0,WSt
451,A_23_0,A_52_0,XXX
451,U_25_0,A_45_0,WCc
451,U_25_0,C_53_0,XXX
451,C_26_0,G_44_0,WCc
451,C_27_0,G_43_0,WCc
451,U_28_0,G_42_0,GUc
451,A_29_0,U_41_0,WCc
451,A_30_0,U_40_0,WWc
451,U_31_0,U_39_0,WWc
451,A_33_0,G_37_0,SSc
451,A_33_0,A_66_0,WHt
451,U_34_0,A_35_0,SHc
451,U_34_0,A_65_0,WHt
451,G_37_0,C_61_0,WCc
451,G_38_0,C_60_0,WCc
451,G_38_0,A_66_0,SWt
451,G_46_0,C_53_0,WCc
451,U_51_0,U_74_0,WWc
451,A_52_0,A_73_0,SWc
451,A_52_0,U_74_0,XXX
451,C_54_0,G_72_0,WCc
451,A_55_0,U_71_0,WCc
451,A_56_0,U_70_0,WCc
451,G_57_0,C_69_0,WCc
451,A_58_0,U_68_0,WCc
451,G_59_0,C_67_0,WCc
451,C_61_0,A_65_0,SWc
452,C_13_0,G_83_0,WCc
452,G_14_0,U_82_0,GUc
452,C_15_0,G_81_0,WCc
452,U_16_0,A_80_0,WCc
452,U_17_0,G_78_0,XXX
452,U_17_0,A_79_0,WCc
452,C_18_0,G_78_0,WCc
452,A_19_0,U_77_0,WCc
452,U_20_0,A_76_0,WCc
452,A_21_0,U_48_0,XXX
452,A_21_0,U_75_0,WCc
452,U_22_0,A_52_0,WCc
452,A_23_0,G_46_0,WSc
452,U_25_0,A_45_0,WCc
452,C_26_0,G_44_0,WCc
452,C_27_0,G_43_0,WCc
452,U_28_0,G_42_0,GUc
452,A_29_0,U_41_0,WCc
452,A_30_0,U_40_0,WCc
452,U_31_0,U_39_0,WWc
452,A_33_0,G_37_0,SSc
452,A_33_0,A_66_0,WHt
452,U_34_0,A_35_0,SHc
452,U_34_0,G_37_0,SSt
452,U_34_0,A_65_0,WHt
452,A_35_0,A_64_0,XXX
452,G_37_0,C_61_0,WCc
452,G_38_0,G_59_0,XXX
452,G_38_0,C_60_0,WCc
452,G_38_0,A_66_0,SWt
452,G_46_0,C_53_0,WCc
452,U_51_0,U_74_0,WWc
452,A_52_0,A_73_0,SWc
452,C_54_0,G_72_0,WCc
452,A_55_0,U_71_0,WCc
452,A_56_0,U_70_0,WCc
452,G_57_0,C_69_0,WCc
452,A_58_0,U_68_0,WCc
452,G_59_0,C_67_0,WCc
452,C_61_0,A_65_0,SWc
452,U_62_0,A_64_0,SHc
453,C_13_0,G_83_0,WCc
453,G_14_0,U_82_0,GUc
453,C_15_0,G_81_0,WCc
453,U_16_0,A_80_0,WCc
453,U_17_0,A_79_0,WWc
453,C_18_0,G_78_0,WCc
453,A_19_0,U_77_0,WCc
453,U_20_0,A_76_0,WCc
453,A_21_0,U_48_0,XXX
453,A_21_0,U_75_0,WCc
453,U_22_0,U_47_0,XXX
453,U_22_0,A_52_0,WCc
453,A_23_0,G_46_0,WSc
453,U_25_0,A_45_0,WCc
453,U_25_0,C_53_0,XXX
453,C_26_0,G_44_0,WCc
453,C_27_0,G_43_0,WCc
453,U_28_0,G_42_0,GUc
453,A_29_0,U_41_0,WCc
453,A_30_0,U_40_0,WCc
453,U_31_0,U_39_0,WWc
453,U_31_0,U_40_0,SWc
453,A_33_0,G_37_0,SSc
453,A_33_0,G_38_0,XXX
453,A_33_0,A_66_0,WHt
453,U_34_0,G_37_0,SSt
453,U_34_0,A_65_0,WHt
453,A_35_0,A_64_0,XXX
453,G_37_0,C_61_0,WCc
453,G_38_0,C_60_0,WCc
453,G_38_0,A_66_0,SWt
453,G_46_0,C_53_0,WCc
453,U_48_0,U_49_0,XXX
453,U_48_0,C_50_0,XXX
453,A_52_0,U_74_0,XXX
453,C_54_0,G_72_0,WWc
453,A_55_0,U_71_0,WCc
453,A_56_0,U_70_0,WCc
453,G_57_0,C_69_0,WCc
453,A_58_0,U_68_0,WCc
453,G_59_0,C_67_0,WCc
453,C_60_0,C_67_0,XXX
453,C_61_0,A_65_0,SWc
453,A_64_0,A_65_0,HHc
454,C_13_0,G_83_0,WCc
454,G_14_0,U_82_0,GUc
454,C_15_0,G_81_0,WCc
454,U_16_0,A_80_0,WWc
454,U_17_0,A_79_0,WCc
454,C_18_0,G_78_0,WCc
454,A_19_0,U_77_0,WCc
454,U_20_0,A_76_0,WCc
454,A_21_0,U_48_0,XXX
454,A_21_0,U_75_0,WCc
454,U_22_0,A_52_0,WCc
454,U_22_0,U_74_0,XXX
454,A_23_0,G_46_0,WSc
454,A_24_0,G_72_0,HWt
454,U_25_0,A_45_0,WCc
454,U_25_0,C_53_0,HWc
454,C_26_0,G_44_0,WCc
454,C_27_0,G_43_0,WCc
454,U_28_0,G_42_0,GUc
454,A_29_0,U_41_0,WWc
454,A_30_0,U_40_0,WCc
454,U_31_0,U_39_0,WWc
454,A_33_0,G_37_0,SSc
454,A_33_0,A_66_0,WHt
454,U_34_0,G_37_0,SSt
454,U_34_0,A_65_0,WHt
454,G_37_0,C_60_0,WWc
454,G_37_0,C_61_0,WWc
454,G_38_0,G_59_0,WWc
454,G_38_0,C_60_0,WCc
454,G_38_0,A_66_0,SWc
454,G_46_0,C_53_0,WCc
454,U_51_0,U_74_0,WWc
454,A_52_0,A_73_0,SWc
454,A_52_0,U_74_0,XXX
454,C_54_0,G_72_0,WCc
454,A_55_0,U_71_0,WCc
454,A_56_0,U_70_0,WCc
454,G_57_0,C_69_0,WCc
454,A_58_0,U_68_0,WCc
454,G_59_0,C_67_0,WCc
454,C_61_0,A_65_0,XXX
455,C_13_0,G_83_0,WCc
455,G_14_0,U_82_0,GUc
455,C_15_0,G_81_0,WCc
455,U_16_0,A_80_0,WCc
455,U_17_0,A_79_0,WWc
455,U_17_0,A_80_0,WWc
455,C_18_0,G_78_0,WCc
455,A_19_0,U_77_0,WCc
455,U_20_0,A_76_0,WCc
455,U_20_0,U_77_0,XXX
455,A_21_0,U_48_0,XXX
455,A_21_0,U_75_0,WCc
455,U_22_0,A_52_0,WWc
455,A_23_0,G_46_0,WSc
455,U_25_0,A_45_0,WCc
455,U_25_0,C_53_0,XXX
455,C_26_0,G_44_0,WCc
455,C_27_0,G_43_0,WCc
455,U_28_0,G_42_0,GUc
455,A_29_0,U_41_0,WCc
455,A_30_0,U_40_0,WCc
455,U_31_0,U_39_0,WWc
455,A_33_0,G_37_0,SSc
455,A_33_0,A_66_0,WHt
455,U_34_0,A_65_0,WHt
455,G_37_0,C_61_0,WCc
455,G_37_0,A_66_0,XXX
455,G_38_0,C_60_0,WCc
455,G_38_0,A_66_0,SWt
455,G_46_0,A_52_0,XXX
455,G_46_0,C_53_0,WCc
455,U_48_0,U_49_0,XXX
455,U_51_0,U_74_0,WWc
455,A_52_0,A_73_0,SWc
455,A_52_0,U_74_0,XXX
455,C_54_0,G_72_0,WCc
455,A_55_0,U_71_0,WCc
455,A_56_0,U_70_0,WCc
455,G_57_0,C_69_0,WCc
455,A_58_0,U_68_0,WCc
455,G_59_0,C_67_0,WWc
455,C_60_0,A_66_0,XXX
455,C_61_0,A_65_0,SWc
455,U_62_0,U_63_0,XXX
456,C_13_0,G_83_0,WCc
456,G_14_0,G_81_0,XXX
456,G_14_0,U_82_0,GUc
456,C_15_0,G_81_0,WCc
456,U_16_0,A_80_0,WCc
456,U_17_0,A_79_0,WCc
456,C_18_0,G_78_0,WCc
456,A_19_0,U_77_0,WCc
456,U_20_0,A_76_0,WCc
456,A_21_0,U_75_0,WCc
456,U_22_0,A_52_0,WCc
456,A_23_0,G_46_0,WSc
456,U_25_0,A_45_0,WCc
456,C_26_0,G_44_0,WCc
456,C_27_0,G_43_0,WCc
456,U_28_0,G_42_0,GUc
456,A_29_0,U_41_0,WCc
456,A_30_0,U_40_0,WCc
456,U_31_0,U_39_0,WWc
456,G_32_0,A_33_0,WHc
456,A_33_0,G_37_0,SSc
456,A_33_0,A_66_0,WHt
456,U_34_0,G_37_0,SSt
456,U_34_0,A_65_0,WHt
456,G_37_0,C_61_0,WCc
456,G_38_0,C_60_0,WCc
456,G_38_0,A_66_0,SWt
456,G_46_0,C_53_0,WCc
456,U_48_0,U_49_0,XXX
456,C_50_0,U_51_0,XXX
456,U_51_0,U_74_0,WWc
456,A_52_0,A_73_0,SWc
456,A_52_0,U_74_0,XXX
456,C_54_0,G_72_0,WCc
456,A_55_0,U_71_0,WCc
456,A_56_0,U_70_0,WCc
456,G_57_0,C_69_0,WCc
456,A_58_0,U_68_0,WCc
456,G_59_0,C_67_0,WWc
456,C_60_0,A_66_0,XXX
456,C_61_0,A_65_0,SWc
457,G_14_0,U_82_0,GUc
457,C_15_0,G_81_0,WCc
457,U_16_0,A_80_0,WCc
457,U_17_0,A_79_0,WCc
457,C_18_0,G_78_0,WCc
457,A_19_0,U_77_0,WCc
457,U_20_0,A_76_0,WCc
457,A_21_0,U_75_0,WCc
457,U_22_0,A_52_0,WCc
457,A_23_0,G_46_0,WSt
457,A_24_0,G_72_0,HWt
457,U_25_0,A_45_0,WCc
457,U_25_0,C_53_0,XXX
457,C_26_0,G_44_0,WCc
457,C_27_0,G_43_0,WWc
457,U_28_0,G_42_0,GUc
457,A_29_0,U_41_0,WCc
457,A_30_0,U_40_0,WCc
457,U_31_0,U_39_0,WWc
457,U_31_0,U_40_0,XXX
457,A_33_0,G_37_0,SSc
457,A_33_0,G_38_0,XXX
457,A_33_0,A_66_0,WHt
457,U_34_0,G_37_0,SSt
457,U_34_0,A_65_0,WHt
457,G_37_0,C_61_0,WWc
457,G_38_0,C_60_0,WCc
457,G_38_0,A_66_0,SWt
457,A_45_0,C_53_0,XXX
457,G_46_0,C_53_0,WCc
457,U_51_0,U_74_0,WWc
457,A_52_0,A_73_0,SWc
457,A_52_0,U_74_0,XXX
457,C_54_0,G_72_0,WWc
457,A_55_0,U_71_0,WCc
457,A_56_0,U_70_0,WCc
457,G_57_0,C_69_0,WCc
457,A_58_0,U_68_0,WCc
457,G_59_0,C_67_0,WCc
457,C_61_0,A_65_0,SWc
457,U_62_0,U_63_0,SWc
457,A_66_0,C_67_0,XXX
458,C_13_0,G_83_0,WCc
458,G_14_0,U_82_0,GUc
458,C_15_0,G_81_0,WCc
458,C_15_0,U_82_0,XXX
458,U_16_0,A_80_0,WCc
458,U_17_0,A_79_0,WWc
458,C_18_0,G_78_0,WCc
458,A_19_0,U_77_0,WCc
458,U_20_0,A_76_0,WCc
458,A_21_0,U_75_0,WCc
458,U_22_0,A_52_0,WCc
458,A_23_0,G_46_0,WSt
458,A_24_0,G_72_0,XXX
458,U_25_0,A_45_0,WCc
458,U_25_0,C_53_0,XXX
458,C_26_0,G_44_0,WCc
458,C_27_0,G_43_0,WCc
458,U_28_0,G_42_0,GUc
458,A_29_0,U_41_0,WCc
458,A_30_0,U_40_0,WCc
458,U_31_0,U_39_0,WWc
458,A_33_0,G_37_0,SSc
458,A_33_0,G_38_0,XXX
458,A_33_0,A_66_0,WHt
458,U_34_0,G_37_0,SSt
458,U_34_0,A_65_0,WHt
458,A_35_0,U_62_0,XXX
458,A_35_0,A_64_0,HHt
458,G_37_0,C_61_0,WCc
458,G_38_0,C_60_0,WCc
458,G_38_0,A_66_0,SWt
458,G_46_0,C_53_0,WCc
458,U_48_0,U_49_0,XXX
458,C_50_0,U_51_0,XXX
458,U_51_0,U_74_0,WWc
458,A_52_0,A_73_0,SWc
458,A_52_0,U_74_0,SWc
458,C_54_0,G_72_0,WCc
458,A_55_0,U_71_0,WCc
458,A_56_0,U_70_0,WCc
458,G_57_0,C_69_0,WWc
458,A_58_0,U_68_0,WCc
458,G_59_0,C_67_0,WCc
458,C_60_0,A_66_0,XXX
458,C_61_0,A_65_0,SWc
459,C_13_0,G_83_0,WCc
459,G_14_0,U_82_0,GUc
459,C_15_0,G_81_0,WCc
459,U_16_0,A_80_0,WCc
459,U_17_0,A_79_0,WCc
459,C_18_0,G_78_0,WCc
459,A_19_0,U_77_0,WCc
459,U_20_0,A_76_0,WCc
459,A_21_0,U_75_0,WCc
459,U_22_0,A_52_0,WCc
459,A_23_0,G_46_0,WSc
459,U_25_0,A_45_0,WCc
459,U_25_0,C_53_0,XXX
459,C_26_0,G_44_0,WCc
459,C_27_0,G_43_0,WCc
459,U_28_0,G_42_0,GUc
459,A_29_0,U_41_0,WCc
459,A_30_0,U_40_0,WCc
459,U_31_0,U_39_0,WWc
459,A_33_0,G_37_0,SSc
459,A_33_0,A_66_0,WHt
459,U_34_0,G_37_0,SSt
459,U_34_0,A_65_0,WHt
459,A_35_0,A_64_0,XXX
459,G_37_0,C_60_0,WWc
459,G_37_0,C_61_0,WCc
459,G_38_0,C_60_0,WCc
459,G_38_0,A_66_0,SWt
459,G_46_0,C_53_0,WCc
459,U_48_0,U_49_0,XXX
459,U_51_0,U_74_0,WWc
459,U_51_0,U_75_0,XXX
459,A_52_0,A_73_0,SWc
459,A_52_0,U_74_0,XXX
459,C_54_0,G_72_0,WWc
459,A_55_0,U_71_0,WCc
459,A_56_0,U_70_0,WCc
459,G_57_0,C_69_0,WCc
459,A_58_0,U_68_0,WCc
459,G_59_0,C_67_0,WCc
459,C_61_0,A_65_0,SWc
459,A_66_0,C_67_0,XXX
460,C_13_0,G_83_0,WCc
460,G_14_0,U_82_0,WWc
460,C_15_0,G_81_0,WCc
460,C_15_0,U_82_0,XXX
460,U_16_0,A_80_0,WCc
460,U_17_0,A_79_0,WCc
460,C_18_0,G_78_0,WCc
460,A_19_0,U_77_0,WCc
460,U_20_0,A_76_0,WCc
460,A_21_0,U_75_0,WWc
460,U_22_0,A_52_0,WCc
460,A_23_0,G_46_0,WSc
460,U_25_0,A_45_0,WCc
460,C_26_0,G_44_0,WCc
460,C_27_0,G_43_0,WCc
460,U_28_0,G_42_0,GUc
460,A_29_0,U_41_0,WCc
460,A_30_0,U_40_0,WCc
460,U_31_0,U_39_0,WWc
460,A_33_0,G_37_0,SSc
460,A_33_0,A_66_0,WHt
460,U_34_0,G_37_0,SSt
460,U_34_0,A_65_0,WHt
460,A_35_0,U_62_0,XXX
460,A_35_0,A_64_0,HWt
460,G_37_0,C_60_0,XXX
460,G_37_0,C_61_0,WCc
460,G_38_0,C_60_0,WCc
460,G_38_0,A_66_0,SWt
460,G_46_0,C_53_0,WCc
460,U_51_0,U_74_0,WWc
460,A_52_0,A_73_0,SWc
460,A_52_0,U_74_0,SWc
460,C_54_0,G_72_0,WCc
460,A_55_0,U_71_0,WCc
460,A_56_0,U_70_0,WWc
460,G_57_0,C_69_0,WCc
460,A_58_0,U_68_0,WCc
460,G_59_0,C_67_0,WCc
460,C_61_0,A_65_0,SWc
461,C_13_0,G_83_0,WCc
461,G_14_0,U_82_0,GUc
461,C_15_0,G_81_0,WCc
461,C_15_0,U_82_0,XXX
461,U_16_0,A_80_0,WCc
461,U_17_0,A_79_0,WCc
461,C_18_0,G_78_0,WCc
461,A_19_0,U_77_0,WCc
461,U_20_0,A_76_0,WCc
461,A_21_0,U_75_0,WCc
461,U_22_0,A_52_0,WCc
461,A_23_0,G_46_0,WSt
461,U_25_0,A_45_0,WCc
461,C_26_0,G_44_0,WCc
461,C_27_0,G_43_0,WCc
461,U_28_0,G_42_0,GUc
461,A_29_0,U_41_0,WCc
461,A_30_0,U_40_0,WCc
461,U_31_0,U_39_0,WWc
461,A_33_0,G_37_0,SSc
461,A_33_0,A_66_0,WHt
461,U_34_0,G_37_0,SSt
461,U_34_0,A_65_0,WHt
461,A_35_0,U_62_0,XXX
461,A_35_0,A_64_0,HHt
461,G_37_0,C_60_0,WWc
461,G_37_0,C_61_0,WCc
461,G_37_0,A_66_0,XXX
461,G_38_0,G_59_0,WHc
461,G_38_0,C_60_0,WCc
461,G_38_0,A_66_0,SWt
461,G_46_0,C_53_0,WCc
461,U_48_0,U_49_0,XXX
461,U_51_0,U_74_0,WWc
461,A_52_0,A_73_0,SWc
461,A_52_0,U_74_0,SWc
461,C_54_0,G_72_0,WCc
461,A_55_0,U_71_0,WCc
461,A_56_0,U_70_0,WCc
461,G_57_0,C_69_0,WCc
461,A_58_0,U_68_0,WWc
461,G_59_0,C_67_0,WCc
461,C_60_0,A_66_0,XXX
461,C_61_0,A_65_0,SWc
462,C_13_0,G_83_0,WWc
462,G_14_0,U_82_0,GUc
462,C_15_0,G_81_0,WCc
462,U_16_0,A_80_0,WCc
462,U_17_0,A_79_0,WWc
462,C_18_0,G_78_0,WCc
462,A_19_0,U_77_0,WWc
462,U_20_0,A_76_0,WCc
462,U_20_0,U_77_0,XXX
462,A_21_0,U_75_0,WWc
462,U_22_0,A_52_0,WCc
462,A_23_0,G_46_0,WSc
462,A_24_0,G_72_0,HWt
462,U_25_0,A_45_0,WCc
462,C_26_0,G_44_0,WWc
462,C_27_0,G_43_0,WCc
462,U_28_0,G_42_0,GUc
462,A_29_0,U_41_0,WCc
462,A_30_0,U_40_0,WCc
462,U_31_0,U_39_0,WWc
462,A_33_0,G_37_0,SSc
462,A_33_0,G_38_0,XXX
462,A_33_0,A_66_0,WHt
462,U_34_0,G_37_0,SSt
462,U_34_0,A_65_0,WHt
462,A_35_0,U_62_0,XXX
462,A_35_0,A_64_0,HWt
462,G_37_0,C_61_0,WCc
462,G_38_0,G_59_0,XXX
462,G_38_0,C_60_0,WCc
462,G_38_0,A_66_0,SWt
462,G_46_0,C_53_0,WCc
462,C_50_0,U_51_0,SHc
462,U_51_0,U_74_0,WWc
462,A_52_0,A_73_0,SWc
462,C_54_0,G_72_0,WCc
462,A_55_0,U_71_0,WCc
462,A_56_0,U_70_0,WCc
462,G_57_0,C_69_0,WCc
462,A_58_0,U_68_0,WCc
462,G_59_0,C_67_0,WCc
462,C_60_0,A_66_0,XXX
462,C_61_0,A_65_0,SWc
463,C_13_0,G_14_0,WHc
463,C_13_0,G_83_0,WWc
463,G_14_0,U_82_0,GUc
463,C_15_0,G_81_0,WCc
463,U_16_0,A_80_0,WCc
463,U_17_0,A_79_0,WCc
463,C_18_0,G_78_0,WCc
463,A_19_0,U_77_0,WCc
463,U_20_0,A_76_0,WWc
463,A_21_0,U_75_0,WWc
463,U_22_0,A_52_0,WCc
463,A_23_0,G_46_0,WSt
463,U_25_0,A_45_0,WCc
463,C_26_0,G_44_0,WCc
463,C_27_0,G_43_0,WCc
463,U_28_0,G_42_0,GUc
463,A_29_0,U_41_0,WCc
463,A_30_0,U_40_0,WCc
463,U_31_0,U_39_0,WWc
463,A_33_0,G_37_0,SSc
463,A_33_0,A_66_0,WHt
463,U_34_0,G_37_0,SSt
463,U_34_0,A_65_0,WHt
463,A_35_0,U_62_0,XXX
463,A_35_0,U_63_0,HWc
463,A_35_0,A_64_0,XXX
463,G_37_0,C_61_0,WCc
463,G_38_0,G_59_0,XXX
463,G_38_0,C_60_0,WCc
463,G_38_0,A_66_0,SWt
463,G_46_0,C_53_0,WCc
463,U_51_0,U_74_0,WWc
463,A_52_0,A_73_0,SWc
463,C_54_0,G_72_0,WCc
463,A_55_0,U_71_0,WCc
463,A_56_0,U_70_0,WCc
463,G_57_0,C_69_0,WCc
463,A_58_0,U_68_0,WCc
463,G_59_0,C_67_0,WCc
463,C_61_0,A_65_0,SWc
464,C_13_0,G_83_0,WCc
464,G_14_0,U_82_0,GUc
464,C_15_0,G_81_0,WCc
464,U_16_0,A_80_0,WCc
464,U_17_0,A_79_0,WWc
464,C_18_0,G_78_0,WCc
464,A_19_0,U_77_0,WCc
464,U_20_0,A_76_0,WCc
464,A_21_0,U_75_0,WWc
464,U_22_0,A_52_0,WCc
464,A_23_0,G_46_0,WSc
464,U_25_0,A_45_0,WCc
464,U_25_0,C_53_0,XXX
464,C_26_0,G_44_0,WCc
464,C_27_0,G_43_0,WCc
464,U_28_0,G_42_0,GUc
464,A_29_0,U_41_0,WCc
464,A_30_0,U_40_0,WCc
464,U_31_0,U_39_0,WWc
464,A_33_0,G_37_0,SSc
464,A_33_0,G_38_0,XXX
464,A_33_0,A_66_0,WHt
464,U_34_0,G_37_0,SSt
464,U_34_0,A_65_0,WHt
464,U_34_0,A_66_0,XXX
464,A_35_0,U_62_0,XXX
464,A_35_0,U_63_0,HWc
464,G_37_0,C_60_0,XXX
464,G_37_0,C_61_0,WWc
464,G_38_0,C_60_0,WCc
464,G_38_0,C_61_0,WWc
464,G_38_0,A_66_0,SWt
464,G_46_0,C_53_0,WCc
464,U_48_0,U_49_0,XXX
464,U_51_0,U_74_0,WWc
464,A_52_0,A_73_0,SWc
464,C_54_0,G_72_0,WCc
464,A_55_0,U_71_0,WCc
464,A_56_0,U_70_0,WCc
464,G_57_0,C_69_0,WCc
464,A_58_0,U_68_0,WCc
464,G_59_0,C_67_0,WCc
464,C_61_0,A_65_0,XXX
464,A_66_0,C_67_0,XXX
465,C_13_0,G_83_0,WCc
465,G_14_0,U_82_0,GUc
465,C_15_0,G_81_0,WCc
465,U_16_0,A_80_0,WCc
465,U_17_0,A_79_0,WCc
465,C_18_0,G_78_0,WWc
465,A_19_0,U_77_0,WCc
465,U_20_0,A_76_0,WCc
465,A_21_0,U_75_0,WCc
465,U_22_0,A_52_0,WCc
465,A_23_0,G_46_0,WSc
465,A_24_0,G_72_0,HWt
465,U_25_0,A_45_0,WCc
465,C_26_0,G_44_0,WCc
465,C_27_0,G_43_0,WCc
465,U_28_0,G_42_0,GUc
465,A_29_0,U_41_0,WWc
465,A_30_0,U_40_0,WCc
465,U_31_0,U_39_0,WWc
465,A_33_0,G_37_0,SSc
465,A_33_0,A_66_0,WHt
465,U_34_0,G_37_0,SSt
465,U_34_0,A_65_0,WHt
465,A_35_0,U_62_0,XXX
465,A_35_0,A_64_0,HHt
465,G_37_0,C_60_0,WWc
465,G_37_0,C_61_0,WCc
465,G_37_0,A_66_0,XXX
465,G_38_0,C_60_0,WCc
465,G_38_0,A_66_0,SWt
465,G_46_0,C_53_0,WCc
465,C_50_0,U_51_0,XXX
465,U_51_0,U_74_0,WWc
465,A_52_0,A_73_0,SWc
465,C_54_0,G_72_0,WCc
465,A_55_0,U_71_0,WCc
465,A_56_0,U_70_0,WCc
465,G_57_0,C_69_0,WCc
465,A_58_0,U_68_0,WCc
465,G_59_0,C_67_0,WCc
465,C_61_0,A_65_0,SWc
466,G_14_0,U_82_0,WWc
466,C_15_0,G_81_0,WWc
466,U_16_0,A_80_0,WCc
466,U_17_0,A_79_0,WCc
466,C_18_0,G_78_0,WCc
466,A_19_0,U_77_0,XXX
466,U_20_0,A_76_0,WCc
466,A_21_0,U_48_0,XXX
466,A_21_0,U_75_0,WCc
466,U_22_0,A_52_0,WCc
466,A_23_0,G_46_0,WSc
466,U_25_0,A_45_0,WCc
466,U_25_0,C_53_0,XXX
466,C_26_0,G_44_0,WCc
466,C_27_0,G_43_0,WCc
466,U_28_0,G_42_0,GUc
466,A_29_0,U_41_0,WCc
466,A_30_0,U_40_0,WCc
466,U_31_0,U_39_0,WWc
466,A_33_0,G_38_0,XXX
466,A_33_0,A_66_0,WHt
466,U_34_0,G_37_0,SSt
466,U_34_0,A_65_0,WHt
466,U_34_0,A_66_0,WHc
466,A_35_0,U_62_0,XXX
466,A_35_0,A_64_0,XXX
466,G_37_0,C_60_0,WWc
466,G_37_0,C_61_0,WCc
466,G_38_0,C_60_0,WCc
466,G_38_0,A_66_0,SWt
466,G_46_0,C_53_0,WCc
466,U_48_0,U_49_0,XXX
466,U_51_0,U_74_0,WWc
466,A_52_0,A_73_0,SWc
466,A_52_0,U_74_0,SWc
466,C_54_0,G_72_0,WCc
466,A_55_0,U_71_0,WCc
466,A_56_0,U_70_0,WCc
466,G_57_0,C_69_0,WCc
466,A_58_0,U_68_0,WCc
466,G_59_0,C_67_0,WCc
466,C_61_0,A_65_0,SWc
466,A_64_0,A_65_0,XXX
467,G_14_0,U_82_0,GUc
467,C_15_0,G_81_0,WCc
467,U_16_0,A_80_0,WCc
467,U_17_0,A_79_0,WCc
467,C_18_0,G_78_0,WCc
467,A_19_0,A_76_0,XXX
467,A_19_0,U_77_0,WCc
467,U_20_0,A_76_0,WCc
467,A_21_0,U_48_0,XXX
467,A_21_0,U_75_0,WCc
467,U_22_0,A_52_0,WCc
467,A_23_0,G_46_0,WSc
467,U_25_0,A_45_0,WCc
467,U_25_0,C_53_0,XXX
467,C_26_0,G_44_0,WCc
467,C_27_0,G_43_0,WCc
467,U_28_0,G_42_0,GUc
467,A_29_0,U_41_0,WWc
467,A_30_0,U_40_0,WWc
467,U_31_0,U_39_0,WWc
467,U_31_0,U_40_0,WWc
467,A_33_0,G_38_0,XXX
467,A_33_0,A_66_0,WHt
467,U_34_0,G_37_0,SSt
467,U_34_0,A_65_0,WHt
467,U_34_0,A_66_0,WHc
467,A_35_0,U_62_0,XXX
467,A_35_0,A_64_0,HWt
467,G_37_0,C_60_0,WWc
467,G_37_0,C_61_0,WCc
467,G_38_0,G_59_0,WWc
467,G_38_0,C_60_0,WWc
467,G_38_0,A_66_0,SWt
467,G_46_0,C_53_0,WCc
467,C_50_0,U_51_0,XXX
467,U_51_0,U_74_0,WWc
467,A_52_0,A_73_0,SWc
467,A_52_0,U_74_0,SWc
467,C_54_0,G_72_0,WCc
467,A_55_0,U_71_0,WCc
467,A_56_0,U_70_0,WCc
467,G_57_0,C_69_0,WCc
467,A_58_0,U_68_0,WWc
467,G_59_0,C_67_0,WWc
467,C_60_0,A_66_0,XXX
467,C_61_0,A_65_0,SWc
468,G_14_0,U_82_0,GUc
468,C_15_0,G_81_0,WCc
468,U_16_0,A_80_0,WCc
468,U_17_0,A_79_0,WCc
468,U_17_0,A_80_0,WWc
468,C_18_0,G_78_0,WWc
468,C_18_0,A_79_0,XXX
468,A_19_0,U_77_0,WCc
468,U_20_0,A_76_0,WCc
468,A_21_0,U_75_0,WCc
468,U_22_0,A_52_0,WCc
468,A_23_0,G_46_0,WSt
468,A_24_0,G_72_0,HWt
468,U_25_0,A_45_0,WCc
468,U_25_0,C_53_0,XXX
468,C_26_0,G_44_0,WCc
468,C_27_0,G_43_0,WCc
468,U_28_0,G_42_0,WWc
468,A_29_0,U_41_0,WCc
468,A_30_0,U_40_0,WCc
468,U_31_0,U_39_0,WWc
468,A_33_0,G_37_0,SSc
468,A_33_0,G_38_0,XXX
468,A_33_0,A_66_0,WHt
468,U_34_0,G_37_0,SSt
468,U_34_0,A_66_0,WHt
468,A_35_0,U_62_0,XXX
468,A_35_0,A_64_0,HWt
468,G_37_0,C_61_0,WCc
468,G_37_0,A_66_0,XXX
468,G_38_0,C_60_0,WCc
468,G_38_0,A_66_0,SWc
468,G_46_0,C_53_0,WCc
468,U_48_0,U_49_0,XXX
468,U_51_0,U_74_0,WWc
468,U_51_0,U_75_0,XXX
468,A_52_0,A_73_0,SWc
468,A_52_0,U_74_0,SWc
468,C_54_0,G_72_0,WCc
468,A_55_0,U_71_0,WCc
468,A_56_0,U_70_0,WCc
468,G_57_0,C_69_0,WCc
468,A_58_0,U_68_0,WCc
468,G_59_0,C_67_0,WCc
468,C_61_0,A_65_0,SWc
469,C_13_0,G_83_0,WWc
469,G_14_0,U_82_0,GUc
469,C_15_0,G_81_0,WCc
469,U_16_0,A_80_0,WCc
469,U_17_0,A_79_0,WCc
469,C_18_0,G_78_0,WCc
469,A_19_0,U_77_0,WCc
469,U_20_0,A_76_0,WCc
469,A_21_0,U_75_0,WCc
469,U_22_0,A_52_0,WCc
469,A_23_0,G_46_0,WSt
469,A_24_0,G_72_0,XXX
469,U_25_0,A_45_0,WCc
469,C_26_0,G_44_0,WCc
469,C_27_0,G_43_0,WCc
469,U_28_0,G_42_0,GUc
469,A_29_0,U_41_0,WCc
469,A_30_0,U_40_0,WWc
469,U_31_0,U_39_0,WWc
469,A_33_0,G_37_0,SSc
469,A_33_0,G_38_0,XXX
469,A_33_0,A_66_0,WHt
469,U_34_0,G_37_0,SSt
469,U_34_0,A_65_0,WHt
469,U_34_0,A_66_0,WHt
469,A_35_0,U_62_0,XXX
469,A_35_0,A_64_0,HWc
469,G_37_0,C_60_0,XXX
469,G_37_0,C_61_0,WCc
469,G_38_0,C_60_0,WCc
469,G_38_0,A_66_0,SWt
469,G_46_0,C_53_0,WCc
469,U_51_0,U_74_0,WWc
469,A_52_0,A_73_0,SWc
469,A_52_0,U_74_0,XXX
469,C_54_0,G_72_0,WCc
469,A_55_0,U_71_0,WWc
469,A_56_0,U_70_0,WWc
469,A_56_0,U_71_0,WWc
469,G_57_0,C_69_0,WCc
469,A_58_0,U_68_0,WCc
469,G_59_0,C_67_0,WCc
469,C_60_0,A_66_0,XXX
469,C_61_0,A_65_0,SWc
469,A_66_0,C_67_0,SHc
470,C_13_0,G_83_0,WCc
470,G_14_0,U_82_0,GUc
470,C_15_0,G_81_0,WCc
470,C_15_0,U_82_0,XXX
470,U_16_0,A_80_0,WCc
470,U_17_0,A_79_0,WCc
470,C_18_0,G_78_0,WCc
470,A_19_0,U_77_0,WCc
470,U_20_0,A_76_0,WCc
470,A_21_0,U_75_0,WCc
470,U_22_0,A_52_0,WWc
470,A_23_0,G_46_0,WSt
470,U_25_0,A_45_0,WCc
470,U_25_0,C_53_0,XXX
470,C_26_0,G_44_0,WWc
470,C_26_0,A_45_0,WWc
470,C_27_0,G_43_0,WCc
470,U_28_0,G_42_0,GUc
470,A_29_0,U_41_0,WCc
470,A_30_0,U_40_0,WCc
470,U_31_0,U_39_0,WWc
470,A_33_0,G_37_0,SSc
470,A_33_0,A_66_0,WHt
470,U_34_0,G_37_0,SSt
470,U_34_0,A_65_0,WHt
470,U_34_0,A_66_0,XXX
470,A_35_0,U_62_0,XXX
470,A_35_0,A_64_0,XXX
470,G_37_0,C_60_0,WWc
470,G_37_0,C_61_0,WCc
470,G_38_0,G_59_0,XXX
470,G_38_0,C_60_0,WCc
470,G_38_0,A_66_0,SWt
470,G_46_0,A_52_0,XXX
470,G_46_0,C_53_0,WCc
470,U_48_0,U_49_0,XXX
470,U_51_0,U_74_0,WWc
470,A_52_0,A_73_0,SWc
470,A_52_0,U_74_0,XXX
470,C_54_0,G_72_0,WCc
470,A_55_0,U_71_0,WCc
470,A_56_0,U_70_0,WCc
470,G_57_0,C_69_0,WCc
470,A_58_0,U_68_0,WCc
470,G_59_0,C_67_0,WCc
470,C_61_0,A_65_0,SWc
471,C_13_0,G_83_0,WCc
471,G_14_0,U_82_0,GUc
471,C_15_0,G_81_0,WWc
471,U_16_0,A_80_0,WCc
471,U_17_0,A_79_0,WCc
471,C_18_0,G_78_0,WCc
471,A_19_0,U_77_0,WCc
471,U_20_0,A_76_0,WCc
471,A_21_0,U_48_0,XXX
471,A_21_0,U_75_0,WCc
471,U_22_0,A_52_0,WCc
471,A_23_0,G_46_0,WSc
471,U_25_0,A_45_0,WCc
471,C_26_0,G_44_0,WCc
471,C_27_0,G_43_0,WCc
471,U_28_0,G_42_0,GUc
471,A_29_0,U_41_0,WCc
471,A_30_0,U_40_0,WCc
471,U_31_0,U_39_0,WWc
471,U_31_0,U_40_0,WWc
471,A_33_0,G_37_0,SSc
471,A_33_0,A_66_0,WHt
471,U_34_0,G_37_0,SSt
471,U_34_0,A_65_0,WHt
471,A_35_0,U_62_0,XXX
471,A_35_0,A_64_0,XXX
471,G_37_0,C_61_0,WCc
471,G_37_0,A_66_0,XXX
471,G_38_0,C_60_0,WCc
471,G_38_0,A_66_0,SWt
471,G_46_0,C_53_0,WCc
471,C_50_0,U_51_0,XXX
471,U_51_0,U_74_0,XXX
471,U_51_0,U_75_0,XXX
471,A_52_0,A_73_0,SWc
471,A_52_0,U_74_0,SWc
471,C_54_0,G_72_0,WCc
471,A_55_0,U_71_0,WCc
471,A_56_0,U_70_0,WCc
471,G_57_0,C_69_0,WCc
471,A_58_0,U_68_0,WCc
471,G_59_0,C_67_0,WCc
471,C_61_0,A_65_0,SWc
472,C_13_0,G_83_0,WCc
472,G_14_0,U_82_0,GUc
472,C_15_0,G_81_0,WCc
472,U_16_0,A_80_0,WCc
472,U_17_0,A_79_0,WWc
472,U_17_0,A_80_0,WWc
472,C_18_0,G_78_0,WWc
472,A_19_0,U_77_0,WWc
472,U_20_0,A_76_0,WCc
472,A_21_0,U_48_0,XXX
472,A_21_0,U_75_0,WCc
472,U_22_0,A_52_0,WCc
472,A_23_0,G_46_0,WSt
472,A_24_0,G_72_0,HWt
472,U_25_0,A_45_0,WCc
472,U_25_0,C_53_0,XXX
472,C_26_0,G_44_0,WCc
472,C_27_0,G_43_0,WCc
472,U_28_0,G_42_0,GUc
472,A_29_0,U_41_0,WCc
472,A_30_0,U_40_0,WCc
472,U_31_0,U_39_0,WWc
472,A_33_0,G_37_0,SSc
472,A_33_0,A_66_0,WHt
472,U_34_0,G_37_0,SSt
472,U_34_0,A_65_0,WHt
472,A_35_0,U_62_0,XXX
472,A_35_0,A_64_0,HHt
472,G_37_0,C_60_0,WWc
472,G_37_0,C_61_0,WCc
472,G_38_0,C_60_0,WCc
472,G_38_0,A_66_0,SWt
472,G_46_0,C_53_0,WCc
472,U_51_0,U_74_0,WWc
472,A_52_0,A_73_0,SWc
472,A_52_0,U_74_0,SWc
472,C_54_0,G_72_0,WCc
472,A_55_0,U_71_0,WWc
472,A_56_0,U_70_0,WCc
472,G_57_0,C_69_0,WCc
472,A_58_0,U_68_0,WCc
472,G_59_0,C_67_0,WCc
472,C_60_0,A_66_0,XXX
472,C_61_0,A_65_0,SWc
473,C_13_0,G_83_0,WCc
473,G_14_0,U_82_0,WWc
473,C_15_0,G_81_0,WCc
473,U_16_0,A_80_0,WCc
473,U_17_0,A_79_0,WWc
473,C_18_0,G_78_0,WCc
473,A_19_0,U_77_0,WCc
473,U_20_0,A_76_0,WCc
473,A_21_0,U_48_0,XXX
473,A_21_0,U_75_0,WWc
473,U_22_0,A_52_0,WCc
473,A_23_0,G_46_0,WSt
473,U_25_0,A_45_0,WCc
473,C_26_0,G_44_0,WCc
473,C_27_0,G_43_0,WCc
473,U_28_0,G_42_0,GUc
473,A_29_0,U_41_0,WCc
473,A_30_0,U_40_0,WCc
473,U_31_0,U_39_0,WWc
473,A_33_0,G_37_0,SSc
473,A_33_0,G_38_0,XXX
473,A_33_0,A_66_0,WHt
473,U_34_0,G_37_0,SSt
473,U_34_0,A_65_0,WHt
473,A_35_0,U_62_0,XXX
473,A_35_0,A_64_0,HHt
473,G_37_0,C_61_0,WCc
473,G_38_0,C_60_0,WCc
473,G_38_0,A_66_0,SWt
473,G_46_0,A_52_0,WWc
473,G_46_0,C_53_0,WCc
473,U_51_0,U_74_0,WWc
473,U_51_0,U_75_0,XXX
473,A_52_0,A_73_0,SWc
473,A_52_0,U_74_0,XXX
473,C_54_0,G_72_0,WCc
473,A_55_0,U_71_0,WCc
473,A_56_0,U_70_0,WCc
473,G_57_0,C_69_0,WCc
473,A_58_0,U_68_0,WCc
473,G_59_0,C_67_0,WCc
473,C_60_0,A_66_0,XXX
473,C_61_0,A_65_0,SWc
473,A_66_0,C_67_0,XXX
474,C_13_0,G_83_0,WWc
474,G_14_0,U_82_0,GUc
474,C_15_0,G_81_0,WWc
474,U_16_0,A_80_0,WCc
474,U_17_0,A_79_0,XXX
474,C_18_0,G_78_0,WCc
474,A_19_0,U_77_0,WCc
474,U_20_0,A_76_0,WWc
474,A_21_0,U_48_0,XXX
474,A_21_0,U_75_0,WCc
474,U_22_0,A_52_0,WCc
474,A_23_0,A_45_0,XXX
474,A_23_0,G_46_0,WSc
474,U_25_0,A_45_0,WCc
474,U_25_0,C_53_0,XXX
474,C_26_0,G_44_0,WCc
474,C_27_0,G_43_0,WCc
474,U_28_0,G_42_0,GUc
474,A_29_0,U_41_0,WCc
474,A_30_0,U_40_0,WCc
474,U_31_0,U_39_0,WWc
474,A_33_0,G_37_0,SSc
474,A_33_0,A_66_0,WHt
474,U_34_0,G_37_0,SSt
474,U_34_0,A_65_0,WHt
474,A_35_0,U_62_0,XXX
474,A_35_0,A_64_0,HHc
474,G_37_0,C_60_0,WWc
474,G_37_0,C_61_0,WWc
474,G_37_0,A_66_0,XXX
474,G_38_0,G_59_0,WHc
474,G_38_0,C_60_0,WCc
474,G_38_0,A_66_0,SWt
474,G_46_0,C_53_0,WCc
474,C_50_0,U_51_0,SHc
474,U_51_0,U_74_0,WWc
474,A_52_0,A_73_0,SWc
474,A_52_0,U_74_0,SWc
474,C_54_0,G_72_0,WCc
474,A_55_0,U_71_0,WCc
474,A_56_0,U_70_0,WCc
474,G_57_0,C_69_0,WCc
474,A_58_0,U_68_0,WCc
474,G_59_0,C_67_0,WWc
474,C_60_0,A_66_0,XXX
474,C_61_0,A_65_0,SWc
475,C_13_0,G_83_0,WWc
475,G_14_0,U_82_0,GUc
475,C_15_0,G_81_0,WCc
475,U_16_0,A_80_0,WWc
475,U_17_0,A_79_0,WCc
475,C_18_0,G_78_0,WCc
475,A_19_0,U_77_0,WCc
475,U_20_0,A_76_0,WCc
475,A_21_0,U_48_0,XXX
475,A_21_0,U_75_0,WCc
475,U_22_0,U_47_0,XXX
475,U_22_0,A_52_0,WCc
475,A_23_0,A_45_0,WWc
475,A_23_0,G_46_0,WSc
475,U_25_0,A_45_0,WCc
475,U_25_0,C_53_0,XXX
475,C_26_0,G_44_0,WCc
475,C_27_0,G_43_0,WCc
475,U_28_0,G_42_0,GUc
475,A_29_0,U_41_0,WCc
475,A_30_0,U_40_0,WCc
475,U_31_0,U_39_0,WWc
475,A_33_0,G_37_0,SSc
475,A_33_0,G_38_0,XXX
475,A_33_0,A_65_0,XXX
475,A_33_0,A_66_0,WHt
475,U_34_0,G_37_0,SSt
475,U_34_0,A_65_0,WHt
475,A_35_0,U_62_0,XXX
475,A_35_0,A_64_0,HHt
475,G_37_0,C_61_0,WCc
475,G_37_0,A_65_0,XXX
475,G_38_0,C_60_0,WCc
475,G_38_0,A_66_0,SWt
475,G_46_0,C_53_0,WCc
475,U_51_0,U_75_0,WSt
475,A_52_0,A_73_0,SWc
475,A_52_0,U_74_0,XXX
475,C_54_0,G_72_0,WCc
475,A_55_0,U_71_0,WCc
475,A_56_0,U_70_0,WCc
475,G_57_0,C_69_0,WCc
475,A_58_0,U_68_0,WCc
475,G_59_0,C_67_0,WCc
475,C_60_0,A_66_0,XXX
475,C_61_0,A_65_0,SWc
476,C_13_0,G_83_0,WCc
476,G_14_0,U_82_0,GUc
476,C_15_0,G_81_0,WCc
476,U_16_0,A_80_0,WCc
476,U_17_0,A_79_0,WCc
476,C_18_0,G_78_0,WCc
476,A_19_0,U_77_0,WCc
476,U_20_0,A_76_0,WCc
476,A_21_0,U_48_0,XXX
476,A_21_0,U_75_0,WCc
476,U_22_0,A_52_0,WCc
476,A_23_0,G_46_0,WSc
476,A_24_0,G_72_0,HWt
476,U_25_0,A_45_0,WCc
476,C_26_0,G_44_0,WCc
476,C_27_0,G_43_0,WCc
476,U_28_0,G_42_0,GUc
476,A_29_0,U_41_0,WCc
476,A_30_0,U_40_0,WCc
476,U_31_0,U_39_0,WWc
476,A_33_0,G_37_0,SSc
476,A_33_0,G_38_0,XXX
476,A_33_0,A_66_0,WHt
476,U_34_0,G_37_0,SSt
476,U_34_0,A_65_0,WHt
476,A_35_0,U_62_0,XXX
476,A_35_0,A_64_0,XXX
476,G_37_0,C_60_0,XXX
476,G_37_0,C_61_0,WCc
476,G_38_0,G_59_0,WWc
476,G_38_0,C_60_0,WCc
476,G_38_0,A_66_0,SWt
476,A_45_0,C_53_0,XXX
476,G_46_0,C_53_0,WCc
476,U_48_0,C_50_0,WWc
476,A_52_0,A_73_0,SWc
476,A_52_0,U_74_0,SWc
476,C_54_0,G_72_0,WCc
476,A_55_0,U_71_0,WCc
476,A_56_0,U_70_0,WCc
476,G_57_0,C_69_0,WCc
476,A_58_0,U_68_0,WCc
476,C_61_0,A_65_0,SWc
477,C_13_0,G_83_0,WCc
477,G_14_0,U_82_0,GUc
477,C_15_0,G_81_0,WCc
477,U_16_0,A_80_0,WCc
477,U_17_0,A_79_0,WCc
477,C_18_0,G_78_0,WCc
477,A_19_0,U_77_0,WWc
477,U_20_0,A_76_0,WCc
477,A_21_0,U_48_0,XXX
477,A_21_0,U_74_0,XXX
477,A_21_0,U_75_0,WCc
477,U_22_0,U_47_0,XXX
477,U_22_0,A_52_0,WCc
477,A_23_0,G_46_0,WSt
477,U_25_0,A_45_0,WCc
477,C_26_0,G_44_0,WCc
477,C_27_0,G_43_0,WCc
477,U_28_0,G_42_0,GUc
477,A_29_0,U_41_0,WCc
477,A_30_0,U_40_0,WCc
477,U_31_0,U_39_0,WWc
477,A_33_0,G_37_0,SSc
477,A_33_0,G_38_0,XXX
477,A_33_0,A_66_0,WHt
477,U_34_0,G_37_0,SSt
477,U_34_0,A_65_0,WHt
477,U_34_0,A_66_0,WHc
477,A_35_0,U_62_0,XXX
477,A_35_0,A_64_0,HWt
477,G_37_0,C_60_0,XXX
477,G_37_0,C_61_0,WCc
477,G_38_0,G_59_0,WWc
477,G_38_0,C_60_0,WCc
477,G_38_0,A_66_0,SWt
477,G_46_0,C_53_0,WCc
477,C_50_0,U_51_0,WHc
477,U_51_0,U_74_0,WWc
477,A_52_0,A_73_0,SWc
477,A_52_0,U_74_0,XXX
477,C_54_0,G_72_0,WCc
477,A_55_0,U_71_0,WCc
477,A_56_0,U_70_0,WCc
477,G_57_0,C_69_0,WCc
477,A_58_0,U_68_0,WCc
477,G_59_0,C_67_0,WWc
477,C_60_0,A_66_0,XXX
477,C_61_0,A_65_0,SWc
478,C_13_0,G_83_0,WCc
478,G_14_0,U_82_0,GUc
478,C_15_0,G_81_0,WCc
478,U_16_0,A_80_0,WCc
478,U_17_0,A_79_0,WCc
478,C_18_0,G_78_0,WCc
478,A_19_0,U_77_0,WCc
478,U_20_0,A_76_0,WCc
478,A_21_0,U_48_0,XXX
478,A_21_0,U_75_0,WCc
478,U_22_0,A_52_0,WCc
478,A_23_0,G_46_0,WSc
478,U_25_0,A_45_0,WCc
478,U_25_0,C_53_0,XXX
478,C_26_0,G_44_0,WWc
478,C_27_0,G_43_0,WWc
478,U_28_0,G_42_0,GUc
478,A_29_0,U_41_0,WCc
478,A_30_0,U_40_0,WCc
478,U_31_0,U_39_0,WWc
478,A_33_0,G_37_0,SSc
478,A_33_0,G_38_0,XXX
478,A_33_0,A_66_0,XXX
478,U_34_0,G_37_0,SSt
478,U_34_0,A_65_0,WHt
478,U_34_0,A_66_0,WHt
478,A_35_0,A_64_0,HWc
478,G_37_0,C_60_0,XXX
478,G_37_0,C_61_0,WCc
478,G_38_0,C_60_0,WCc
478,G_38_0,A_66_0,SWc
478,A_45_0,C_53_0,XXX
478,G_46_0,C_53_0,WCc
478,U_51_0,U_74_0,WWc
478,U_51_0,U_75_0,XXX
478,A_52_0,A_73_0,SWc
478,A_52_0,U_74_0,SWc
478,C_54_0,G_72_0,WCc
478,A_55_0,U_71_0,WCc
478,A_56_0,U_70_0,WCc
478,G_57_0,C_69_0,WCc
478,A_58_0,U_68_0,WCc
478,G_59_0,C_67_0,WWc
478,C_60_0,A_66_0,XXX
478,C_61_0,A_65_0,SWc
479,C_13_0,G_83_0,WCc
479,G_14_0,U_82_0,GUc
479,C_15_0,G_81_0,WCc
479,C_15_0,U_82_0,XXX
479,U_16_0,A_80_0,WCc
479,U_17_0,A_79_0,WCc
479,C_18_0,G_78_0,WCc
479,A_19_0,U_77_0,WCc
479,U_20_0,A_76_0,WCc
479,A_21_0,U_48_0,XXX
479,A_21_0,U_75_0,WWc
479,U_22_0,A_52_0,WCc
479,A_23_0,G_46_0,WSt
479,A_24_0,G_72_0,HWt
479,U_25_0,A_45_0,WCc
479,U_25_0,C_53_0,XXX
479,C_26_0,G_44_0,WCc
479,C_27_0,G_43_0,WCc
479,U_28_0,G_42_0,GUc
479,A_29_0,U_41_0,WCc
479,A_30_0,U_40_0,WCc
479,U_31_0,U_39_0,WWc
479,A_33_0,G_38_0,XXX
479,A_33_0,A_66_0,WHt
479,U_34_0,G_37_0,SSt
479,U_34_0,A_65_0,WHt
479,U_34_0,A_66_0,WHc
479,A_35_0,U_62_0,XXX
479,A_35_0,A_64_0,HWt
479,G_37_0,C_60_0,WWc
479,G_37_0,C_61_0,WCc
479,G_38_0,C_60_0,WCc
479,G_38_0,A_66_0,SWt
479,G_46_0,C_53_0,WCc
479,U_51_0,U_74_0,WWc
479,U_51_0,U_75_0,WSc
479,A_52_0,A_73_0,SWc
479,A_52_0,U_74_0,XXX
479,C_54_0,G_72_0,WCc
479,A_55_0,U_71_0,WCc
479,A_56_0,U_70_0,WCc
479,G_57_0,C_69_0,WCc
479,A_58_0,U_68_0,WCc
479,G_59_0,C_67_0,WCc
479,C_61_0,A_65_0,SWc
479,C_61_0,A_66_0,XXX
480,C_13_0,G_83_0,WCc
480,G_14_0,U_82_0,GUc
480,C_15_0,G_81_0,WCc
480,U_16_0,A_80_0,WCc
480,U_17_0,A_79_0,WWc
480,C_18_0,G_78_0,WCc
480,A_19_0,U_77_0,WCc
480,U_20_0,U_75_0,XXX
480,U_20_0,A_76_0,WWc
480,A_21_0,U_75_0,WCc
480,U_22_0,A_52_0,WCc
480,A_23_0,A_45_0,XXX
480,A_23_0,G_46_0,XXX
480,U_25_0,A_45_0,WCc
480,U_25_0,C_53_0,XXX
480,C_26_0,G_44_0,WCc
480,C_27_0,G_43_0,WCc
480,U_28_0,G_42_0,GUc
480,A_29_0,U_41_0,WCc
480,A_30_0,U_40_0,WCc
480,U_31_0,U_39_0,WWc
480,A_33_0,G_38_0,XXX
480,A_33_0,A_66_0,WHt
480,U_34_0,G_37_0,SSt
480,U_34_0,A_65_0,WHt
480,U_34_0,A_66_0,WHc
480,A_35_0,U_62_0,XXX
480,A_35_0,A_64_0,HWt
480,G_37_0,C_60_0,WWc
480,G_37_0,C_61_0,WCc
480,G_38_0,G_59_0,WWc
480,G_38_0,C_60_0,WCc
480,G_38_0,A_66_0,SWt
480,G_38_0,C_67_0,SWt
480,G_46_0,C_53_0,WCc
480,U_48_0,C_50_0,WWc
480,C_50_0,U_51_0,XXX
480,U_51_0,U_74_0,WWc
480,A_52_0,A_73_0,SWc
480,A_52_0,U_74_0,SWc
480,C_54_0,G_72_0,WCc
480,A_55_0,U_71_0,WCc
480,A_56_0,U_70_0,WCc
480,G_57_0,C_69_0,WCc
480,A_58_0,U_68_0,WCc
480,G_59_0,C_67_0,WWc
480,C_60_0,A_66_0,XXX
480,C_61_0,A_65_0,SWc
481,C_13_0,G_83_0,WCc
481,G_14_0,U_82_0,GUc
481,C_15_0,G_81_0,WCc
481,U_16_0,A_80_0,WCc
481,U_17_0,A_79_0,WCc
481,C_18_0,G_78_0,WCc
481,A_19_0,U_77_0,WCc
481,U_20_0,A_76_0,WCc
481,A_21_0,U_48_0,XXX
481,A_21_0,U_75_0,WCc
481,U_22_0,A_52_0,WWc
481,A_23_0,G_46_0,WSc
481,U_25_0,A_45_0,WCc
481,C_26_0,G_44_0,WCc
481,C_27_0,G_43_0,WWc
481,U_28_0,G_42_0,GUc
481,A_29_0,U_41_0,WCc
481,A_30_0,U_40_0,WCc
481,U_31_0,U_39_0,WWc
481,A_33_0,G_37_0,SSc
481,A_33_0,G_38_0,XXX
481,A_33_0,A_66_0,WHt
481,U_34_0,G_37_0,SSt
481,U_34_0,A_66_0,WHt
481,A_35_0,U_62_0,XXX
481,A_35_0,A_64_0,HWc
481,G_37_0,C_61_0,WCc
481,G_38_0,C_60_0,WCc
481,G_38_0,A_66_0,SWt
481,G_38_0,C_67_0,SWt
481,G_46_0,C_53_0,WCc
481,U_51_0,U_74_0,WWc
481,A_52_0,A_73_0,SWc
481,A_52_0,U_74_0,SWc
481,C_54_0,G_72_0,WCc
481,A_55_0,U_71_0,WCc
481,A_56_0,U_70_0,WCc
481,G_57_0,C_69_0,WCc
481,A_58_0,U_68_0,WCc
481,G_59_0,C_67_0,WWc
481,C_60_0,A_66_0,XXX
481,C_61_0,A_65_0,SWc
481,U_77_0,G_78_0,WHc
482,C_13_0,G_83_0,WCc
482,G_14_0,U_82_0,GUc
482,C_15_0,G_81_0,WCc
482,U_16_0,A_80_0,WCc
482,U_17_0,A_79_0,WCc
482,C_18_0,G_78_0,WCc
482,A_19_0,U_77_0,WWc
482,U_20_0,A_76_0,WCc
482,A_21_0,U_48_0,XXX
482,A_21_0,U_75_0,WCc
482,U_22_0,A_52_0,WCc
482,A_23_0,G_46_0,WSt
482,U_25_0,A_45_0,WCc
482,C_26_0,G_44_0,WCc
482,C_27_0,G_43_0,WCc
482,U_28_0,G_42_0,GUc
482,A_29_0,U_41_0,WCc
482,A_30_0,U_40_0,WCc
482,U_31_0,U_39_0,WWc
482,A_33_0,G_37_0,SSc
482,A_33_0,G_38_0,XXX
482,A_33_0,A_66_0,WHt
482,U_34_0,G_37_0,SSt
482,U_34_0,A_65_0,WHt
482,A_35_0,U_62_0,XXX
482,A_35_0,A_64_0,HWt
482,G_37_0,C_60_0,WWc
482,G_37_0,C_61_0,WCc
482,G_38_0,C_60_0,WCc
482,G_38_0,A_66_0,SWt
482,G_46_0,C_53_0,WCc
482,U_51_0,U_74_0,WWc
482,A_52_0,A_73_0,SWc
482,C_54_0,G_72_0,WCc
482,A_55_0,U_71_0,WCc
482,A_56_0,U_70_0,WCc
482,G_57_0,C_69_0,WCc
482,A_58_0,U_68_0,WCc
482,C_61_0,A_65_0,SWc
482,C_67_0,U_68_0,SHc
483,C_13_0,U_82_0,XXX
483,C_13_0,G_83_0,WCc
483,G_14_0,U_82_0,GUc
483,C_15_0,G_81_0,WWc
483,U_16_0,A_80_0,WCc
483,U_17_0,A_79_0,WCc
483,C_18_0,G_78_0,WCc
483,A_19_0,U_77_0,WWc
483,U_20_0,A_76_0,WCc
483,A_21_0,U_48_0,XXX
483,A_21_0,U_75_0,WCc
483,U_22_0,A_52_0,WCc
483,A_23_0,G_46_0,WSt
483,U_25_0,A_45_0,WCc
483,U_25_0,C_53_0,XXX
483,C_26_0,G_44_0,WCc
483,C_27_0,G_43_0,WCc
483,U_28_0,G_42_0,GUc
483,A_29_0,U_41_0,WCc
483,A_30_0,U_40_0,WCc
483,U_31_0,U_39_0,WWc
483,U_31_0,U_40_0,WWc
483,A_33_0,G_37_0,SSc
483,A_33_0,G_38_0,XXX
483,A_33_0,A_66_0,WHt
483,U_34_0,G_37_0,SSt
483,U_34_0,A_65_0,WHt
483,A_35_0,U_62_0,XXX
483,A_35_0,A_64_0,HWt
483,G_37_0,C_60_0,XXX
483,G_37_0,C_61_0,WCc
483,G_37_0,A_65_0,XXX
483,G_38_0,C_60_0,WCc
483,G_38_0,A_66_0,SWt
483,G_46_0,C_53_0,WCc
483,C_50_0,U_51_0,SHc
483,U_51_0,U_74_0,WWc
483,U_51_0,U_75_0,WSc
483,A_52_0,A_73_0,SWc
483,A_52_0,U_74_0,SWc
483,C_54_0,A_55_0,XXX
483,C_54_0,G_72_0,WWc
483,A_55_0,U_71_0,WCc
483,A_56_0,U_70_0,WCc
483,G_57_0,C_69_0,WCc
483,A_58_0,U_68_0,WCc
483,G_59_0,C_67_0,WWc
483,C_61_0,A_65_0,SWc
484,C_13_0,G_83_0,WCc
484,G_14_0,U_82_0,GUc
484,C_15_0,G_81_0,WCc
484,U_16_0,A_80_0,WCc
484,U_17_0,A_79_0,WCc
484,C_18_0,G_78_0,WCc
484,A_19_0,U_77_0,WCc
484,U_20_0,A_76_0,WCc
484,U_20_0,U_77_0,XXX
484,A_21_0,U_48_0,XXX
484,A_21_0,U_75_0,WCc
484,U_22_0,A_52_0,WCc
484,A_23_0,G_46_0,WSc
484,A_24_0,G_72_0,HWt
484,U_25_0,A_45_0,WCc
484,U_25_0,C_53_0,XXX
484,C_26_0,G_44_0,WCc
484,C_27_0,G_43_0,WCc
484,U_28_0,G_42_0,GUc
484,A_29_0,U_41_0,WCc
484,A_30_0,U_40_0,WCc
484,U_31_0,U_39_0,WWc
484,A_33_0,G_37_0,SSc
484,A_33_0,G_38_0,XXX
484,A_33_0,A_66_0,WHt
484,U_34_0,G_37_0,SSt
484,U_34_0,A_65_0,WHt
484,U_34_0,A_66_0,WHc
484,A_35_0,U_62_0,XXX
484,A_35_0,A_64_0,HWt
484,G_37_0,C_61_0,WCc
484,G_37_0,A_66_0,XXX
484,G_38_0,C_60_0,WCc
484,G_38_0,A_66_0,SWt
484,G_46_0,C_53_0,WCc
484,U_51_0,U_74_0,WWc
484,A_52_0,A_73_0,SWc
484,A_52_0,U_74_0,SWc
484,C_54_0,G_72_0,WCc
484,A_55_0,U_71_0,WCc
484,A_56_0,U_70_0,WCc
484,G_57_0,C_69_0,WCc
484,A_58_0,U_68_0,WCc
484,G_59_0,C_67_0,WCc
484,C_60_0,A_66_0,XXX
484,C_61_0,A_65_0,SWc
485,C_13_0,G_83_0,WWc
485,G_14_0,U_82_0,GUc
485,C_15_0,G_81_0,WCc
485,U_16_0,A_80_0,WCc
485,U_17_0,A_79_0,WCc
485,C_18_0,G_78_0,WCc
485,A_19_0,U_77_0,WCc
485,U_20_0,A_76_0,WCc
485,A_21_0,U_48_0,XXX
485,A_21_0,U_75_0,WCc
485,U_22_0,A_52_0,WCc
485,A_23_0,G_46_0,WSt
485,U_25_0,A_45_0,WCc
485,C_26_0,G_44_0,WCc
485,C_27_0,G_43_0,WCc
485,U_28_0,G_42_0,GUc
485,A_29_0,U_41_0,WCc
485,A_30_0,U_40_0,WCc
485,U_31_0,U_39_0,WWc
485,U_31_0,U_40_0,XXX
485,A_33_0,G_37_0,SSc
485,A_33_0,A_66_0,XXX
485,U_34_0,G_37_0,SSt
485,U_34_0,A_66_0,WHc
485,A_35_0,U_62_0,XXX
485,A_35_0,A_64_0,HWt
485,G_37_0,C_61_0,WCc
485,G_37_0,A_65_0,XXX
485,G_38_0,C_60_0,WCc
485,G_38_0,A_66_0,SWt
485,G_46_0,C_53_0,WCc
485,U_51_0,U_74_0,WWc
485,A_52_0,A_73_0,SWc
485,A_52_0,U_74_0,XXX
485,C_54_0,G_72_0,WCc
485,A_55_0,U_71_0,WCc
485,A_56_0,U_70_0,WCc
485,G_57_0,C_69_0,WCc
485,A_58_0,U_68_0,WCc
485,G_59_0,C_67_0,WCc
485,C_61_0,A_65_0,SWc
486,C_13_0,G_83_0,WCc
486,G_14_0,U_82_0,GUc
486,C_15_0,G_81_0,WCc
486,U_16_0,A_80_0,WCc
486,U_17_0,A_79_0,WCc
486,C_18_0,A_19_0,XXX
486,C_18_0,G_78_0,WCc
486,A_19_0,A_76_0,XXX
486,A_19_0,U_77_0,WCc
486,U_20_0,A_76_0,WCc
486,A_21_0,U_48_0,XXX
486,A_21_0,U_75_0,WCc
486,U_22_0,A_52_0,WCc
486,A_23_0,A_45_0,XXX
486,A_23_0,G_46_0,WSt
486,U_25_0,A_45_0,WCc
486,U_25_0,C_53_0,XXX
486,C_26_0,G_44_0,WCc
486,C_27_0,G_43_0,WCc
486,U_28_0,G_42_0,GUc
486,A_29_0,U_41_0,WCc
486,A_30_0,U_40_0,WCc
486,U_31_0,U_39_0,WWc
486,U_31_0,U_40_0,XXX
486,A_33_0,G_37_0,SSc
486,A_33_0,G_38_0,XXX
486,U_34_0,G_37_0,SSt
486,U_34_0,A_66_0,WHc
486,A_35_0,U_62_0,XXX
486,A_35_0,A_64_0,HWc
486,G_37_0,C_61_0,WCc
486,G_38_0,C_60_0,WCc
486,G_38_0,A_66_0,SWt
486,A_45_0,C_53_0,XXX
486,G_46_0,C_53_0,WCc
486,U_51_0,U_74_0,WWc
486,A_52_0,A_73_0,SWc
486,A_52_0,U_74_0,SWc
486,C_54_0,G_72_0,WCc
486,A_55_0,U_71_0,WCc
486,A_56_0,U_70_0,WCc
486,G_57_0,C_69_0,WCc
486,A_58_0,U_68_0,WCc
486,G_59_0,C_67_0,WCc
486,C_61_0,A_65_0,SWc
486,A_66_0,C_67_0,XXX
487,C_13_0,G_83_0,WWc
487,G_14_0,U_82_0,GUc
487,C_15_0,G_81_0,WCc
487,U_16_0,A_80_0,WCc
487,U_17_0,A_79_0,WWc
487,U_17_0,A_80_0,WWc
487,C_18_0,G_78_0,WCc
487,A_19_0,U_77_0,WWc
487,U_20_0,A_76_0,WCc
487,A_21_0,U_48_0,XXX
487,A_21_0,U_75_0,WCc
487,U_22_0,A_52_0,WCc
487,A_23_0,G_46_0,WSt
487,U_25_0,A_45_0,WCc
487,C_26_0,G_44_0,WCc
487,C_27_0,G_43_0,WCc
487,U_28_0,G_42_0,WWc
487,A_29_0,U_41_0,WCc
487,A_30_0,U_39_0,XXX
487,A_30_0,U_40_0,WCc
487,U_31_0,U_39_0,WWc
487,A_33_0,G_37_0,SSc
487,A_33_0,G_38_0,XXX
487,A_33_0,A_66_0,WHt
487,U_34_0,G_37_0,SSt
487,U_34_0,A_65_0,WHt
487,U_34_0,A_66_0,XXX
487,A_35_0,U_62_0,XXX
487,A_35_0,A_64_0,HWt
487,G_37_0,C_61_0,WCc
487,G_38_0,C_60_0,WCc
487,G_38_0,A_66_0,SWt
487,G_46_0,C_53_0,WCc
487,C_50_0,U_51_0,SHc
487,U_51_0,U_74_0,WWc
487,A_52_0,A_73_0,SWc
487,A_52_0,U_74_0,XXX
487,C_54_0,G_72_0,WWc
487,A_55_0,U_70_0,XXX
487,A_55_0,U_71_0,WCc
487,A_56_0,U_70_0,WCc
487,G_57_0,C_69_0,WCc
487,A_58_0,U_68_0,WCc
487,G_59_0,C_67_0,WCc
487,C_60_0,A_66_0,XXX
487,C_61_0,A_65_0,SWc
487,A_64_0,A_65_0,HHc
487,U_71_0,G_72_0,WHc
488,C_13_0,G_83_0,WCc
488,G_14_0,U_82_0,GUc
488,C_15_0,G_81_0,WCc
488,U_16_0,A_80_0,WCc
488,U_17_0,A_79_0,WCc
488,C_18_0,G_78_0,WWc
488,A_19_0,U_77_0,WCc
488,U_20_0,A_76_0,WWc
488,A_21_0,U_48_0,XXX
488,A_21_0,U_75_0,WCc
488,U_22_0,U_47_0,XXX
488,U_22_0,A_52_0,WCc
488,A_23_0,G_46_0,WSt
488,A_23_0,A_52_0,XXX
488,A_24_0,G_72_0,HWt
488,U_25_0,A_45_0,WCc
488,C_26_0,G_44_0,WCc
488,C_27_0,G_43_0,WCc
488,U_28_0,G_42_0,GUc
488,A_29_0,U_41_0,WCc
488,A_30_0,U_40_0,WCc
488,U_31_0,U_39_0,WWc
488,A_33_0,G_37_0,SSc
488,A_33_0,G_38_0,XXX
488,A_33_0,A_66_0,WHt
488,U_34_0,G_37_0,SSt
488,U_34_0,A_65_0,WHt
488,U_34_0,A_66_0,WHc
488,A_35_0,U_62_0,XXX
488,A_35_0,A_64_0,HWt
488,G_37_0,C_60_0,WWc
488,G_37_0,C_61_0,WWc
488,G_37_0,A_66_0,XXX
488,G_38_0,C_60_0,WCc
488,G_38_0,A_66_0,SWt
488,G_38_0,C_67_0,SWt
488,G_46_0,C_53_0,WCc
488,C_50_0,U_51_0,XXX
488,U_51_0,U_75_0,XXX
488,A_52_0,A_73_0,SWc
488,A_52_0,U_74_0,XXX
488,C_54_0,G_72_0,WCc
488,A_55_0,U_71_0,WCc
488,A_56_0,U_70_0,WCc
488,G_57_0,C_69_0,WCc
488,A_58_0,U_68_0,WCc
488,G_59_0,C_67_0,WWc
488,C_61_0,A_65_0,SWc
489,C_13_0,G_83_0,WCc
489,G_14_0,U_82_0,GUc
489,C_15_0,G_81_0,WCc
489,U_16_0,A_80_0,WWc
489,U_17_0,A_79_0,WCc
489,C_18_0,G_78_0,WCc
489,A_19_0,U_77_0,WCc
489,U_20_0,A_76_0,WCc
489,A_21_0,U_75_0,WCc
489,U_22_0,A_52_0,WCc
489,A_23_0,G_46_0,WSt
489,U_25_0,A_45_0,WCc
489,C_26_0,G_44_0,WCc
489,C_27_0,G_43_0,WCc
489,U_28_0,G_42_0,GUc
489,A_29_0,U_41_0,WWc
489,A_30_0,U_40_0,WCc
489,U_31_0,U_39_0,WWc
489,U_31_0,U_40_0,WWc
489,A_33_0,G_37_0,SSc
489,A_33_0,G_38_0,XXX
489,A_33_0,A_66_0,WHt
489,U_34_0,G_37_0,SSt
489,U_34_0,A_65_0,WHt
489,A_35_0,U_62_0,XXX
489,A_35_0,A_64_0,XXX
489,G_37_0,C_61_0,WWc
489,G_38_0,C_60_0,WCc
489,G_38_0,A_66_0,SWt
489,G_46_0,C_53_0,WCc
489,C_50_0,U_51_0,SHc
489,U_51_0,U_74_0,WWc
489,A_52_0,A_73_0,SWc
489,C_54_0,G_72_0,WCc
489,A_55_0,U_71_0,WCc
489,A_56_0,U_70_0,WCc
489,G_57_0,C_69_0,WCc
489,A_58_0,U_68_0,WCc
489,G_59_0,C_67_0,WWc
489,C_61_0,A_65_0,SWc
490,C_13_0,G_83_0,WCc
490,G_14_0,U_82_0,GUc
490,C_15_0,G_81_0,WCc
490,U_16_0,A_80_0,WCc
490,U_17_0,A_79_0,WCc
490,C_18_0,G_78_0,WCc
490,A_19_0,U_77_0,WCc
490,U_20_0,A_76_0,WCc
490,A_21_0,U_48_0,XXX
490,A_21_0,U_75_0,WCc
490,U_22_0,A_52_0,WCc
490,A_23_0,G_46_0,WSt
490,U_25_0,A_45_0,WCc
490,U_25_0,C_53_0,XXX
490,C_26_0,G_44_0,WCc
490,C_27_0,G_43_0,WWc
490,U_28_0,G_42_0,GUc
490,A_29_0,U_41_0,WCc
490,A_30_0,U_40_0,WCc
490,U_31_0,U_39_0,WWc
490,A_33_0,A_66_0,WHt
490,U_34_0,G_37_0,SSt
490,U_34_0,A_65_0,WHt
490,A_35_0,U_62_0,XXX
490,A_35_0,A_64_0,XXX
490,G_37_0,C_60_0,WWc
490,G_37_0,C_61_0,WCc
490,G_38_0,C_60_0,WCc
490,G_38_0,A_66_0,SWt
490,G_46_0,C_53_0,WWc
490,U_51_0,U_74_0,WWc
490,A_52_0,A_73_0,SWc
490,A_52_0,U_74_0,XXX
490,C_54_0,G_72_0,WCc
490,A_55_0,U_71_0,WCc
490,A_56_0,U_70_0,WWc
490,A_56_0,U_71_0,WWc
490,G_57_0,C_69_0,WCc
490,G_57_0,U_70_0,WWc
490,A_58_0,U_68_0,WCc
490,G_59_0,C_67_0,WCc
490,C_61_0,A_65_0,SWc
491,C_13_0,G_83_0,WCc
491,G_14_0,U_82_0,WSc
491,C_15_0,G_81_0,WCc
491,U_16_0,A_80_0,WCc
491,U_17_0,A_79_0,WCc
491,C_18_0,G_78_0,WCc
491,A_19_0,U_77_0,WCc
491,U_20_0,A_76_0,WCc
491,A_21_0,U_75_0,WWc
491,U_22_0,A_52_0,WCc
491,A_23_0,G_46_0,WSt
491,U_25_0,A_45_0,WWc
491,U_25_0,C_53_0,XXX
491,C_26_0,G_44_0,WCc
491,C_27_0,G_43_0,WCc
491,U_28_0,G_42_0,GUc
491,A_29_0,U_41_0,WCc
491,A_30_0,U_40_0,WCc
491,U_31_0,U_39_0,WWc
491,U_31_0,U_40_0,WWc
491,A_33_0,G_37_0,SSc
491,A_33_0,A_66_0,WHt
491,U_34_0,G_37_0,SSt
491,U_34_0,A_65_0,WHt
491,A_35_0,U_62_0,XXX
491,A_35_0,A_64_0,HHt
491,G_37_0,C_60_0,XXX
491,G_37_0,C_61_0,WCc
491,G_38_0,C_60_0,WCc
491,G_38_0,A_66_0,SWt
491,G_46_0,C_53_0,WCc
491,C_50_0,U_51_0,SHc
491,U_51_0,U_74_0,WWc
491,A_52_0,A_73_0,SWc
491,C_54_0,G_72_0,WCc
491,A_55_0,U_71_0,WCc
491,A_56_0,U_70_0,WCc
491,G_57_0,C_69_0,WCc
491,A_58_0,U_68_0,WCc
491,G_59_0,C_67_0,WCc
491,C_61_0,A_65_0,SWc
492,C_13_0,G_83_0,WCc
492,G_14_0,U_82_0,GUc
492,C_15_0,G_81_0,WCc
492,U_16_0,A_80_0,WCc
492,U_17_0,A_79_0,WCc
492,C_18_0,G_78_0,WCc
492,A_19_0,U_77_0,WCc
492,U_20_0,A_76_0,WCc
492,A_21_0,U_48_0,XXX
492,A_21_0,U_75_0,WWc
492,U_22_0,A_52_0,WCc
492,A_23_0,G_46_0,WSt
492,U_25_0,A_45_0,WCc
492,U_25_0,C_53_0,XXX
492,C_26_0,G_44_0,WCc
492,C_27_0,G_43_0,WCc
492,U_28_0,G_42_0,GUc
492,A_29_0,U_41_0,WCc
492,A_30_0,U_40_0,WCc
492,U_31_0,U_39_0,WWc
492,U_31_0,U_40_0,XXX
492,A_33_0,G_37_0,SSc
492,A_33_0,G_38_0,XXX
492,A_33_0,A_66_0,WHt
492,U_34_0,G_37_0,SSt
492,U_34_0,A_65_0,WHt
492,U_34_0,A_66_0,WHc
492,A_35_0,U_62_0,XXX
492,A_35_0,A_64_0,XXX
492,G_37_0,C_61_0,WCc
492,G_38_0,C_60_0,WCc
492,G_38_0,A_66_0,SWt
492,G_46_0,C_53_0,WCc
492,C_50_0,U_51_0,XXX
492,U_51_0,U_74_0,WWc
492,A_52_0,A_73_0,SWc
492,A_52_0,U_74_0,XXX
492,C_54_0,G_72_0,WCc
492,A_55_0,U_71_0,WCc
492,A_56_0,U_70_0,WCc
492,G_57_0,C_69_0,WCc
492,A_58_0,U_68_0,WCc
492,G_59_0,C_67_0,WCc
492,C_61_0,A_65_0,SWc
492,U_63_0,A_64_0,XXX
493,C_13_0,G_83_0,WCc
493,G_14_0,U_82_0,GUc
493,C_15_0,G_81_0,WWc
493,U_16_0,A_80_0,WCc
493,U_17_0,A_79_0,WCc
493,C_18_0,G_78_0,WCc
493,A_19_0,U_77_0,WCc
493,U_20_0,A_76_0,WCc
493,A_21_0,U_48_0,XXX
493,A_21_0,U_75_0,WCc
493,U_22_0,U_47_0,XXX
493,U_22_0,A_52_0,WCc
493,A_23_0,G_46_0,WSt
493,A_23_0,A_52_0,XXX
493,U_25_0,A_45_0,WCc
493,U_25_0,C_53_0,XXX
493,C_26_0,G_44_0,WCc
493,C_27_0,G_43_0,WCc
493,U_28_0,G_42_0,GUc
493,A_29_0,U_41_0,WCc
493,A_30_0,U_40_0,WCc
493,U_31_0,U_39_0,WWc
493,U_31_0,U_40_0,XXX
493,A_33_0,A_66_0,WHt
493,U_34_0,G_37_0,SSt
493,U_34_0,A_65_0,WHt
493,A_35_0,A_64_0,HWt
493,G_37_0,C_61_0,WCc
493,G_38_0,C_60_0,WCc
493,G_38_0,C_61_0,XXX
493,G_38_0,A_66_0,SWt
493,G_46_0,C_53_0,WCc
493,U_48_0,A_76_0,HSc
493,U_51_0,U_74_0,WWc
493,A_52_0,A_73_0,SWc
493,A_52_0,U_74_0,XXX
493,C_54_0,G_72_0,WCc
493,A_55_0,U_71_0,WCc
493,A_56_0,U_70_0,WCc
493,G_57_0,C_69_0,WCc
493,A_58_0,U_68_0,WCc
493,G_59_0,C_67_0,WCc
493,C_61_0,A_65_0,SWc
493,C_61_0,A_66_0,XXX
494,C_13_0,G_83_0,WCc
494,G_14_0,U_82_0,GUc
494,C_15_0,G_81_0,WCc
494,U_16_0,A_80_0,WCc
494,U_17_0,A_79_0,WCc
494,C_18_0,G_78_0,WCc
494,A_19_0,U_77_0,WCc
494,U_20_0,A_76_0,WWc
494,A_21_0,U_48_0,SHc
494,A_21_0,U_75_0,WCc
494,U_22_0,A_52_0,WWc
494,A_23_0,G_46_0,WSc
494,U_25_0,A_45_0,WCc
494,U_25_0,C_53_0,XXX
494,C_26_0,G_44_0,WCc
494,C_27_0,G_43_0,WCc
494,U_28_0,G_42_0,GUc
494,A_29_0,U_41_0,WCc
494,A_30_0,U_40_0,WCc
494,U_31_0,U_39_0,WWc
494,U_31_0,U_40_0,XXX
494,A_33_0,G_37_0,SSc
494,A_33_0,G_38_0,XXX
494,A_33_0,A_66_0,WHt
494,U_34_0,G_37_0,SSt
494,U_34_0,A_65_0,WHt
494,A_35_0,U_62_0,XXX
494,A_35_0,A_64_0,HWt
494,G_37_0,C_61_0,WCc
494,G_37_0,A_65_0,XXX
494,G_38_0,C_60_0,WCc
494,G_38_0,A_66_0,SWt
494,G_46_0,C_53_0,WCc
494,C_50_0,U_51_0,XXX
494,U_51_0,U_74_0,WWc
494,A_52_0,A_73_0,SWc
494,A_52_0,U_74_0,XXX
494,C_54_0,G_72_0,WCc
494,A_55_0,U_71_0,WCc
494,A_56_0,U_70_0,WCc
494,G_57_0,C_69_0,WCc
494,A_58_0,U_68_0,WCc
494,G_59_0,C_67_0,WCc
494,C_61_0,A_65_0,SWc
495,C_13_0,G_83_0,WCc
495,G_14_0,U_82_0,WWc
495,C_15_0,G_81_0,WCc
495,U_16_0,A_80_0,WCc
495,U_17_0,G_78_0,XXX
495,U_17_0,A_79_0,WCc
495,C_18_0,G_78_0,WCc
495,A_19_0,U_77_0,WCc
495,U_20_0,A_76_0,WCc
495,A_21_0,U_48_0,XXX
495,A_21_0,U_75_0,WWc
495,U_22_0,U_47_0,XXX
495,U_22_0,A_52_0,WWc
495,A_23_0,G_46_0,WSt
495,U_25_0,A_45_0,WCc
495,C_26_0,G_44_0,WCc
495,C_27_0,G_43_0,WCc
495,U_28_0,G_42_0,GUc
495,A_29_0,U_41_0,WWc
495,A_30_0,U_40_0,WCc
495,U_31_0,U_39_0,WWc
495,A_33_0,G_37_0,SSc
495,A_33_0,A_66_0,WHt
495,U_34_0,G_37_0,SSt
495,U_34_0,A_65_0,WHt
495,A_35_0,U_62_0,XXX
495,A_35_0,A_64_0,HWt
495,G_37_0,C_61_0,WCc
495,G_37_0,A_65_0,XXX
495,G_37_0,A_66_0,XXX
495,G_38_0,C_60_0,WCc
495,G_38_0,A_66_0,SWt
495,G_46_0,C_53_0,WCc
495,U_51_0,U_74_0,WWc
495,A_52_0,A_73_0,SWc
495,A_52_0,U_74_0,XXX
495,C_54_0,G_72_0,WCc
495,A_55_0,U_71_0,WCc
495,A_56_0,U_70_0,WCc
495,G_57_0,C_69_0,WCc
495,A_58_0,U_68_0,WCc
495,G_59_0,C_67_0,WCc
495,C_60_0,C_67_0,XXX
495,C_61_0,U_62_0,XXX
495,C_61_0,A_65_0,SWc
495,A_66_0,C_67_0,XXX
496,C_13_0,G_83_0,WCc
496,G_14_0,U_82_0,GUc
496,C_15_0,G_81_0,WCc
496,U_16_0,A_80_0,WCc
496,U_17_0,A_79_0,WCc
496,C_18_0,G_78_0,WCc
496,A_19_0,U_77_0,WCc
496,U_20_0,A_76_0,WCc
496,A_21_0,U_48_0,XXX
496,A_21_0,U_75_0,WCc
496,U_22_0,A_52_0,WCc
496,A_23_0,G_46_0,WSt
496,A_23_0,A_52_0,XXX
496,A_24_0,G_72_0,HWt
496,U_25_0,A_45_0,WCc
496,C_26_0,G_44_0,WCc
496,C_27_0,G_43_0,WCc
496,U_28_0,G_42_0,GUc
496,A_29_0,U_41_0,WCc
496,A_30_0,U_40_0,WCc
496,U_31_0,U_39_0,WWc
496,A_33_0,G_37_0,SSc
496,A_33_0,G_38_0,XXX
496,A_33_0,A_66_0,WHt
496,U_34_0,G_37_0,SSt
496,U_34_0,A_65_0,WHt
496,A_35_0,U_62_0,XXX
496,A_35_0,A_64_0,HHt
496,G_37_0,C_61_0,WWc
496,G_37_0,A_66_0,XXX
496,G_38_0,C_60_0,WCc
496,G_38_0,A_66_0,SWt
496,G_46_0,C_53_0,WCc
496,C_50_0,U_51_0,XXX
496,U_51_0,U_74_0,WWc
496,U_51_0,U_75_0,XXX
496,A_52_0,A_73_0,SWc
496,A_52_0,U_74_0,XXX
496,C_54_0,G_72_0,WCc
496,A_55_0,U_71_0,WCc
496,A_56_0,U_70_0,WCc
496,G_57_0,C_69_0,WCc
496,A_58_0,U_68_0,WCc
496,G_59_0,C_67_0,WCc
496,C_60_0,A_66_0,XXX
496,C_61_0,A_65_0,SWc
497,C_13_0,G_83_0,WCc
497,G_14_0,U_82_0,GUc
497,C_15_0,G_81_0,WCc
497,U_16_0,A_80_0,WCc
497,U_17_0,A_79_0,WCc
497,C_18_0,G_78_0,WCc
497,A_19_0,U_77_0,WCc
497,U_20_0,A_76_0,WCc
497,U_20_0,U_77_0,XXX
497,A_21_0,U_48_0,XXX
497,A_21_0,U_75_0,WCc
497,U_22_0,A_52_0,WCc
497,A_23_0,A_45_0,XXX
497,A_23_0,G_46_0,WSc
497,U_25_0,A_45_0,WCc
497,U_25_0,C_53_0,XXX
497,C_26_0,G_44_0,WCc
497,C_27_0,G_43_0,WCc
497,U_28_0,G_42_0,GUc
497,A_29_0,U_41_0,WCc
497,A_30_0,U_40_0,WWc
497,U_31_0,U_39_0,WWc
497,U_31_0,U_40_0,XXX
497,A_33_0,A_66_0,WHt
497,U_34_0,G_37_0,SSt
497,U_34_0,A_65_0,WHt
497,A_35_0,U_62_0,XXX
497,A_35_0,U_63_0,HWt
497,A_35_0,A_64_0,HHt
497,G_37_0,C_61_0,WCc
497,G_38_0,G_59_0,XXX
497,G_38_0,C_60_0,WCc
497,G_38_0,A_66_0,SWt
497,G_46_0,C_53_0,WCc
497,C_50_0,U_51_0,XXX
497,U_51_0,U_74_0,WWc
497,A_52_0,A_73_0,SWc
497,A_52_0,U_74_0,XXX
497,C_54_0,G_72_0,WCc
497,A_55_0,U_71_0,WCc
497,A_56_0,U_70_0,WCc
497,G_57_0,C_69_0,WCc
497,A_58_0,U_68_0,WCc
497,G_59_0,C_67_0,WCc
497,C_60_0,A_66_0,XXX
497,C_61_0,A_65_0,SWc
498,C_13_0,G_83_0,WCc
498,G_14_0,U_82_0,GUc
498,C_15_0,G_81_0,WCc
498,U_16_0,A_80_0,WCc
498,U_17_0,A_79_0,WCc
498,C_18_0,G_78_0,WCc
498,A_19_0,U_77_0,WCc
498,U_20_0,A_76_0,WCc
498,A_21_0,U_48_0,XXX
498,A_21_0,U_75_0,WWc
498,U_22_0,U_47_0,XXX
498,U_22_0,A_52_0,WCc
498,A_23_0,G_46_0,WSt
498,U_25_0,A_45_0,WCc
498,C_26_0,G_44_0,WCc
498,C_27_0,G_43_0,WCc
498,U_28_0,G_42_0,GUc
498,A_29_0,U_41_0,WCc
498,A_30_0,U_40_0,WWc
498,A_30_0,U_41_0,XXX
498,U_31_0,U_39_0,WWc
498,U_31_0,U_40_0,XXX
498,A_33_0,G_37_0,SSc
498,A_33_0,A_66_0,WHt
498,U_34_0,G_37_0,SSt
498,U_34_0,A_65_0,WHt
498,A_35_0,U_62_0,XXX
498,A_35_0,U_63_0,WWt
498,A_35_0,A_64_0,XXX
498,G_37_0,C_61_0,WCc
498,G_37_0,A_65_0,XXX
498,G_37_0,A_66_0,XXX
498,G_38_0,C_60_0,WCc
498,G_38_0,A_66_0,SWt
498,G_46_0,C_53_0,WCc
498,C_50_0,U_51_0,SHc
498,U_51_0,U_74_0,WWc
498,A_52_0,A_73_0,SWc
498,A_52_0,U_74_0,XXX
498,C_54_0,G_72_0,WCc
498,A_55_0,U_71_0,WCc
498,A_56_0,U_70_0,WCc
498,G_57_0,C_69_0,WCc
498,A_58_0,U_68_0,WCc
498,G_59_0,C_67_0,WCc
498,C_60_0,C_67_0,XXX
498,C_61_0,A_65_0,SWc
499,G_14_0,U_82_0,GUc
499,C_15_0,G_81_0,WCc
499,U_16_0,A_80_0,WCc
499,U_17_0,A_79_0,WCc
499,C_18_0,G_78_0,WCc
499,A_19_0,U_77_0,WCc
499,U_20_0,A_76_0,WWc
499,A_21_0,U_48_0,XXX
499,A_21_0,U_75_0,WCc
499,U_22_0,A_52_0,WCc
499,A_23_0,G_46_0,WSt
499,U_25_0,A_45_0,WCc
499,C_26_0,G_44_0,WCc
499,C_27_0,G_43_0,WCc
499,U_28_0,G_42_0,GUc
499,A_29_0,U_41_0,WCc
499,A_30_0,U_40_0,WCc
499,U_31_0,U_39_0,WWc
499,A_33_0,G_37_0,SSc
499,A_33_0,A_66_0,XXX
499,U_34_0,G_37_0,SSt
499,U_34_0,A_65_0,WHt
499,A_35_0,U_62_0,XXX
499,A_35_0,A_64_0,XXX
499,G_37_0,C_61_0,WWc
499,G_37_0,A_65_0,XXX
499,G_38_0,C_60_0,WCc
499,G_38_0,A_66_0,SWt
499,A_45_0,C_53_0,XXX
499,G_46_0,C_53_0,WCc
499,C_50_0,U_51_0,XXX
499,U_51_0,U_74_0,WWc
499,A_52_0,A_73_0,SWc
499,A_52_0,U_74_0,XXX
499,C_54_0,G_72_0,WCc
499,A_55_0,U_71_0,WCc
499,A_56_0,U_70_0,WCc
499,G_57_0,C_69_0,WCc
499,A_58_0,U_68_0,WCc
499,G_59_0,C_67_0,WCc
499,C_61_0,A_65_0,SWc
500,C_13_0,G_83_0,WCc
500,G_14_0,U_82_0,GUc
500,C_15_0,G_81_0,WWc
500,U_16_0,A_80_0,WCc
500,U_17_0,G_78_0,XXX
500,U_17_0,A_79_0,WCc
500,C_18_0,G_78_0,WCc
500,A_19_0,U_77_0,WCc
500,U_20_0,A_76_0,WCc
500,A_21_0,U_48_0,XXX
500,A_21_0,U_75_0,WCc
500,U_22_0,U_47_0,XXX
500,U_22_0,A_52_0,WCc
500,U_22_0,U_74_0,XXX
500,A_23_0,G_46_0,WSt
500,U_25_0,A_45_0,WCc
500,C_26_0,G_44_0,WCc
500,C_27_0,G_43_0,WCc
500,U_28_0,G_42_0,WWc
500,A_29_0,U_41_0,WCc
500,A_30_0,U_40_0,WWc
500,U_31_0,U_39_0,WWc
500,A_33_0,G_37_0,SSc
500,A_33_0,A_66_0,WHt
500,U_34_0,G_37_0,SSt
500,U_34_0,A_65_0,WHt
500,A_35_0,U_62_0,WWt
500,A_35_0,A_64_0,XXX
500,G_37_0,C_61_0,WCc
500,G_38_0,C_60_0,WCc
500,G_38_0,A_66_0,SWt
500,G_46_0,C_53_0,WCc
500,U_48_0,U_49_0,SHc
500,U_51_0,U_74_0,WWc
500,A_52_0,A_73_0,SWc
500,A_52_0,U_74_0,SWc
500,C_54_0,G_72_0,WCc
500,A_55_0,U_71_0,WCc
500,A_56_0,U_70_0,WCc
500,G_57_0,C_69_0,WCc
500,A_58_0,U_68_0,WCc
500,G_59_0,C_67_0,WCc
500,C_61_0,A_64_0,SHc
500,C_61_0,A_65_0,XXX
501,C_13_0,G_83_0,WCc
501,G_14_0,U_82_0,GUc
501,C_15_0,G_81_0,WCc
501,U_16_0,A_80_0,WCc
501,U_17_0,A_79_0,WCc
501,C_18_0,G_78_0,WCc
501,A_19_0,U_77_0,WCc
501,U_20_0,A_76_0,WCc
501,U_20_0,U_77_0,XXX
501,A_21_0,U_48_0,XXX
501,A_21_0,U_75_0,WCc
501,U_22_0,A_52_0,WCc
501,A_23_0,G_46_0,WSt
501,A_23_0,A_52_0,XXX
501,U_25_0,A_45_0,WWc
501,C_26_0,G_44_0,WCc
501,C_27_0,G_43_0,WCc
501,U_28_0,G_42_0,GUc
501,A_29_0,U_41_0,WCc
501,A_30_0,U_40_0,WCc
501,U_31_0,U_39_0,WWc
501,A_33_0,G_37_0,SSc
501,A_33_0,G_38_0,XXX
501,A_33_0,A_66_0,WHt
501,U_34_0,G_37_0,SSt
501,U_34_0,A_65_0,WHt
501,A_35_0,U_62_0,XXX
501,A_35_0,A_64_0,XXX
501,G_37_0,C_61_0,WCc
501,G_38_0,C_60_0,WCc
501,G_38_0,A_66_0,SWt
501,G_46_0,C_53_0,WCc
501,U_48_0,U_49_0,XXX
501,U_49_0,C_50_0,XXX
501,U_51_0,U_74_0,WWc
501,A_52_0,A_73_0,SWc
501,A_52_0,U_74_0,XXX
501,C_54_0,G_72_0,WCc
501,A_55_0,U_71_0,WCc
501,A_56_0,U_70_0,WCc
501,G_57_0,C_69_0,WCc
501,A_58_0,U_68_0,WCc
501,G_59_0,C_67_0,WCc
501,C_61_0,A_65_0,SWc
501,A_66_0,C_67_0,XXX
502,C_13_0,G_83_0,WCc
502,G_14_0,U_82_0,GUc
502,C_15_0,G_81_0,WCc
502,C_15_0,U_82_0,XXX
502,U_16_0,A_80_0,WCc
502,U_17_0,A_79_0,WWc
502,C_18_0,G_78_0,WCc
502,A_19_0,U_77_0,WCc
502,U_20_0,A_76_0,WCc
502,A_21_0,U_48_0,XXX
502,A_21_0,U_75_0,WCc
502,U_22_0,A_52_0,WCc
502,A_23_0,G_46_0,WSc
502,U_25_0,A_45_0,WCc
502,C_26_0,G_44_0,WCc
502,C_27_0,G_43_0,WCc
502,U_28_0,G_42_0,GUc
502,A_29_0,U_41_0,WCc
502,A_30_0,U_40_0,WWc
502,U_31_0,U_39_0,WWc
502,U_31_0,U_40_0,WWc
502,A_33_0,G_37_0,SSc
502,A_33_0,A_66_0,WHt
502,U_34_0,G_37_0,SSt
502,U_34_0,A_65_0,WHt
502,A_35_0,U_62_0,XXX
502,A_35_0,A_64_0,XXX
502,G_37_0,C_61_0,WCc
502,G_38_0,C_60_0,WCc
502,G_38_0,A_66_0,SWt
502,G_46_0,C_53_0,WCc
502,U_51_0,U_74_0,WWc
502,A_52_0,A_73_0,SWc
502,A_52_0,U_74_0,XXX
502,C_54_0,G_72_0,WCc
502,A_55_0,U_71_0,WCc
502,A_56_0,U_70_0,WCc
502,G_57_0,C_69_0,WWc
502,A_58_0,U_68_0,WCc
502,G_59_0,C_67_0,WWc
502,C_61_0,A_65_0,SWc
502,A_66_0,C_67_0,XXX
503,C_13_0,G_83_0,WWc
503,G_14_0,U_82_0,GUc
503,C_15_0,G_81_0,WCc
503,U_16_0,A_80_0,WCc
503,U_17_0,A_79_0,WCc
503,C_18_0,G_78_0,WCc
503,A_19_0,U_77_0,WWc
503,U_20_0,A_76_0,WCc
503,A_21_0,U_75_0,WCc
503,U_22_0,A_52_0,WCc
503,A_23_0,G_46_0,WSt
503,U_25_0,A_45_0,WCc
503,C_26_0,G_44_0,WCc
503,C_27_0,G_43_0,WCc
503,U_28_0,G_42_0,GUc
503,A_29_0,U_41_0,WCc
503,A_30_0,U_40_0,WWc
503,U_31_0,U_39_0,WWc
503,A_33_0,G_37_0,SSc
503,A_33_0,G_38_0,XXX
503,A_33_0,A_66_0,WHt
503,U_34_0,G_37_0,SSt
503,U_34_0,A_65_0,WHt
503,A_35_0,A_64_0,HWt
503,G_37_0,C_60_0,XXX
503,G_37_0,C_61_0,WCc
503,G_38_0,C_60_0,WCc
503,G_38_0,A_66_0,SWt
503,G_46_0,C_53_0,WCc
503,U_51_0,U_75_0,WSc
503,A_52_0,A_73_0,SWc
503,A_52_0,U_74_0,XXX
503,C_54_0,A_55_0,WHc
503,C_54_0,G_72_0,WWc
503,A_55_0,U_71_0,WCc
503,A_56_0,U_70_0,WCc
503,G_57_0,C_69_0,WCc
503,A_58_0,U_68_0,WCc
503,G_59_0,C_67_0,WWc
503,C_60_0,A_66_0,XXX
503,C_61_0,A_65_0,SWc
504,C_13_0,G_83_0,WWc
504,G_14_0,U_82_0,GUc
504,C_15_0,G_81_0,WWc
504,U_16_0,A_80_0,WCc
504,U_17_0,A_79_0,WCc
504,C_18_0,G_78_0,WCc
504,A_19_0,U_77_0,WCc
504,U_20_0,A_76_0,WCc
504,A_21_0,U_48_0,XXX
504,A_21_0,U_75_0,WCc
504,U_22_0,U_47_0,HSc
504,U_22_0,A_52_0,WCc
504,A_23_0,G_46_0,WSt
504,U_25_0,A_45_0,WCc
504,C_26_0,G_44_0,WCc
504,C_27_0,G_43_0,WCc
504,U_28_0,G_42_0,GUc
504,A_29_0,U_41_0,WCc
504,A_30_0,U_40_0,WWc
504,U_31_0,U_39_0,WWc
504,U_31_0,U_40_0,WWc
504,A_33_0,G_37_0,SSc
504,A_33_0,G_38_0,XXX
504,A_33_0,A_66_0,WHt
504,U_34_0,G_37_0,SSt
504,U_34_0,A_66_0,WHc
504,A_35_0,U_62_0,XXX
504,A_35_0,A_64_0,HWc
504,G_37_0,C_61_0,WCc
504,G_38_0,C_60_0,WCc
504,G_38_0,A_66_0,SWt
504,G_46_0,C_53_0,WCc
504,A_52_0,A_73_0,SWc
504,C_54_0,G_72_0,WCc
504,A_55_0,U_71_0,WCc
504,A_56_0,U_70_0,WCc
504,G_57_0,C_69_0,WCc
504,A_58_0,U_68_0,WCc
504,G_59_0,C_67_0,WWc
504,C_61_0,A_65_0,SWc
505,C_13_0,G_83_0,WCc
505,G_14_0,U_82_0,GUc
505,C_15_0,G_81_0,WCc
505,U_16_0,A_80_0,WCc
505,U_17_0,A_79_0,WWc
505,C_18_0,G_78_0,WCc
505,A_19_0,U_77_0,WCc
505,U_20_0,A_76_0,WCc
505,U_20_0,U_77_0,XXX
505,A_21_0,U_75_0,WCc
505,U_22_0,A_52_0,WCc
505,A_23_0,G_46_0,WSc
505,A_23_0,C_53_0,XXX
505,U_25_0,A_45_0,WCc
505,U_25_0,C_53_0,XXX
505,C_26_0,G_44_0,WCc
505,C_27_0,G_43_0,WCc
505,U_28_0,G_42_0,GUc
505,A_29_0,U_41_0,WCc
505,A_30_0,U_40_0,WCc
505,U_31_0,U_39_0,WWc
505,A_33_0,G_37_0,SSc
505,A_33_0,G_38_0,XXX
505,A_33_0,A_66_0,WHt
505,U_34_0,G_37_0,SSt
505,U_34_0,A_65_0,WHt
505,U_34_0,A_66_0,WHt
505,A_35_0,U_62_0,XXX
505,A_35_0,A_64_0,HWt
505,G_37_0,C_60_0,XXX
505,G_37_0,C_61_0,WCc
505,G_37_0,A_65_0,XXX
505,G_38_0,C_60_0,WCc
505,G_38_0,A_66_0,SWt
505,G_46_0,C_53_0,WCc
505,U_48_0,U_49_0,XXX
505,U_51_0,U_74_0,WWc
505,A_52_0,A_73_0,SWc
505,A_52_0,U_74_0,XXX
505,C_54_0,G_72_0,WCc
505,A_55_0,U_71_0,WWc
505,A_56_0,U_70_0,WCc
505,G_57_0,C_69_0,WCc
505,A_58_0,U_68_0,WCc
505,G_59_0,C_67_0,WWc
505,C_61_0,A_65_0,SWc
506,C_13_0,G_83_0,WWc
506,G_14_0,U_82_0,GUc
506,C_15_0,G_81_0,WCc
506,U_16_0,A_80_0,WCc
506,U_17_0,A_79_0,WCc
506,C_18_0,G_78_0,WCc
506,A_19_0,U_77_0,WCc
506,U_20_0,A_76_0,WCc
506,A_21_0,U_75_0,WCc
506,U_22_0,U_47_0,HSc
506,U_22_0,A_52_0,WCc
506,A_23_0,G_46_0,WSt
506,U_25_0,A_45_0,WCc
506,C_26_0,G_44_0,WCc
506,C_27_0,G_43_0,WCc
506,U_28_0,G_42_0,GUc
506,A_29_0,U_41_0,WWc
506,A_30_0,U_40_0,WCc
506,U_31_0,U_39_0,WWc
506,A_33_0,G_37_0,SSc
506,A_33_0,G_38_0,XXX
506,A_33_0,A_66_0,WHt
506,U_34_0,G_37_0,SSt
506,U_34_0,A_65_0,WHt
506,U_34_0,A_66_0,WHc
506,A_35_0,U_62_0,XXX
506,A_35_0,A_64_0,HWc
506,G_37_0,C_60_0,XXX
506,G_37_0,C_61_0,WCc
506,G_38_0,G_59_0,WWc
506,G_38_0,C_60_0,WCc
506,G_38_0,A_66_0,SWt
506,G_38_0,C_67_0,SWt
506,G_46_0,C_53_0,WCc
506,U_48_0,U_49_0,XXX
506,U_51_0,U_74_0,WWc
506,A_52_0,A_73_0,XXX
506,A_52_0,U_74_0,XXX
506,C_54_0,G_72_0,WWc
506,A_55_0,U_71_0,WCc
506,A_56_0,U_70_0,WCc
506,G_57_0,C_69_0,WCc
506,A_58_0,U_68_0,WCc
506,G_59_0,C_67_0,WWc
506,C_60_0,A_66_0,XXX
506,C_61_0,A_65_0,SWc
507,C_13_0,G_83_0,WCc
507,G_14_0,U_82_0,GUc
507,C_15_0,G_81_0,WWc
507,U_16_0,A_80_0,WCc
507,U_17_0,A_79_0,WCc
507,C_18_0,G_78_0,WCc
507,A_19_0,U_77_0,WCc
507,U_20_0,A_76_0,WCc
507,A_21_0,U_75_0,WCc
507,U_22_0,U_47_0,HSc
507,U_22_0,A_52_0,WCc
507,A_23_0,G_46_0,WSt
507,U_25_0,A_45_0,WCc
507,C_26_0,G_44_0,WWc
507,C_27_0,G_43_0,WCc
507,U_28_0,G_42_0,GUc
507,A_29_0,U_41_0,WCc
507,A_30_0,U_40_0,WCc
507,U_31_0,U_39_0,WWc
507,A_33_0,G_37_0,SSc
507,A_33_0,G_38_0,XXX
507,A_33_0,A_66_0,WHt
507,A_33_0,C_67_0,XXX
507,U_34_0,G_37_0,SSt
507,U_34_0,A_65_0,WHt
507,U_34_0,A_66_0,WHc
507,A_35_0,U_62_0,XXX
507,A_35_0,A_64_0,HWt
507,G_37_0,C_61_0,WCc
507,G_37_0,A_65_0,XXX
507,G_38_0,C_60_0,WCc
507,G_38_0,A_66_0,SWt
507,G_46_0,C_53_0,WCc
507,A_52_0,A_73_0,SWc
507,A_52_0,U_74_0,SWc
507,C_54_0,G_72_0,WCc
507,A_55_0,U_71_0,WCc
507,A_56_0,U_70_0,WCc
507,G_57_0,C_69_0,WCc
507,A_58_0,U_68_0,WCc
507,C_61_0,A_65_0,SWc
507,C_67_0,U_68_0,XXX
508,C_13_0,G_83_0,WCc
508,G_14_0,U_82_0,GUc
508,C_15_0,G_81_0,WWc
508,U_16_0,A_80_0,WCc
508,U_17_0,A_79_0,WCc
508,C_18_0,G_78_0,WCc
508,A_19_0,U_77_0,WCc
508,U_20_0,A_76_0,WCc
508,A_21_0,U_75_0,WCc
508,U_22_0,U_47_0,XXX
508,U_22_0,A_52_0,WCc
508,A_23_0,G_46_0,WSt
508,U_25_0,A_45_0,WWc
508,C_26_0,G_44_0,WCc
508,C_27_0,G_43_0,WCc
508,U_28_0,G_42_0,GUc
508,A_29_0,U_41_0,WCc
508,A_30_0,U_40_0,WCc
508,U_31_0,U_39_0,WWc
508,A_33_0,G_38_0,XXX
508,A_33_0,A_66_0,WHt
508,U_34_0,G_37_0,SSt
508,U_34_0,A_65_0,WHt
508,A_35_0,A_64_0,HHt
508,G_37_0,C_60_0,XXX
508,G_37_0,C_61_0,WCc
508,G_37_0,A_65_0,XXX
508,G_38_0,G_59_0,XXX
508,G_38_0,C_60_0,WCc
508,G_38_0,A_66_0,SWt
508,G_46_0,C_53_0,WCc
508,C_50_0,U_51_0,XXX
508,U_51_0,U_74_0,WWc
508,A_52_0,A_73_0,SWc
508,C_54_0,G_72_0,WCc
508,A_55_0,U_71_0,WCc
508,A_56_0,U_70_0,WCc
508,G_57_0,C_69_0,WCc
508,A_58_0,U_68_0,WCc
508,G_59_0,C_67_0,WCc
508,C_60_0,A_66_0,XXX
508,C_60_0,C_67_0,XXX
508,C_61_0,A_65_0,SWc
509,G_14_0,U_82_0,GUc
509,C_15_0,G_81_0,WCc
509,U_16_0,A_80_0,WCc
509,U_17_0,A_79_0,WCc
509,C_18_0,G_78_0,WCc
509,A_19_0,A_76_0,XXX
509,A_19_0,U_77_0,WCc
509,U_20_0,A_76_0,WCc
509,A_21_0,U_75_0,WCc
509,U_22_0,A_52_0,WCc
509,A_23_0,G_46_0,WSt
509,U_25_0,A_45_0,WCc
509,C_26_0,G_44_0,WCc
509,C_27_0,G_43_0,WCc
509,U_28_0,G_42_0,GUc
509,A_29_0,U_41_0,WCc
509,A_30_0,U_40_0,WCc
509,U_31_0,U_39_0,WWc
509,A_33_0,G_37_0,SSc
509,A_33_0,A_66_0,WHt
509,U_34_0,G_37_0,SSt
509,U_34_0,A_65_0,WHt
509,A_35_0,U_62_0,XXX
509,A_35_0,U_63_0,XXX
509,A_35_0,A_64_0,HHc
509,G_37_0,C_61_0,WCc
509,G_38_0,C_60_0,WCc
509,G_38_0,A_66_0,SWt
509,G_46_0,C_53_0,WCc
509,A_52_0,A_73_0,SWc
509,A_52_0,U_74_0,SWc
509,C_54_0,G_72_0,WCc
509,A_55_0,U_71_0,WCc
509,A_56_0,U_70_0,WCc
509,G_57_0,C_69_0,WCc
509,A_58_0,U_68_0,WCc
509,G_59_0,C_67_0,WCc
509,C_61_0,A_65_0,SWc
509,A_66_0,C_67_0,XXX
510,C_13_0,G_83_0,WCc
510,G_14_0,U_82_0,GUc
510,C_15_0,G_81_0,WCc
510,U_16_0,A_80_0,WCc
510,U_17_0,A_79_0,WWc
510,C_18_0,G_78_0,WCc
510,A_19_0,U_77_0,WCc
510,U_20_0,A_76_0,WCc
510,U_20_0,U_77_0,XXX
510,A_21_0,U_75_0,WCc
510,U_22_0,U_47_0,XXX
510,U_22_0,A_52_0,WCc
510,A_23_0,G_46_0,WSc
510,U_25_0,A_45_0,WCc
510,U_25_0,C_53_0,XXX
510,C_26_0,G_44_0,WWc
510,C_26_0,A_45_0,XXX
510,C_27_0,G_43_0,WCc
510,U_28_0,G_42_0,GUc
510,A_29_0,U_41_0,WCc
510,A_30_0,U_40_0,WCc
510,U_31_0,U_39_0,WWc
510,U_31_0,U_40_0,XXX
510,A_33_0,A_66_0,WHt
510,U_34_0,G_37_0,SSt
510,U_34_0,A_65_0,WHt
510,A_35_0,U_62_0,XXX
510,G_37_0,C_61_0,WCc
510,G_38_0,C_60_0,WCc
510,G_38_0,A_66_0,SWt
510,G_46_0,C_53_0,WCc
510,U_47_0,C_50_0,XXX
510,U_51_0,U_74_0,WWc
510,A_52_0,A_73_0,SWc
510,A_52_0,U_74_0,XXX
510,C_54_0,G_72_0,WCc
510,A_55_0,U_71_0,WCc
510,A_56_0,U_70_0,WCc
510,G_57_0,C_69_0,WWc
510,A_58_0,U_68_0,WWc
510,G_59_0,C_67_0,WCc
510,C_61_0,A_65_0,SWc
511,C_13_0,G_83_0,WCc
511,G_14_0,U_82_0,GUc
511,C_15_0,G_81_0,WCc
511,U_16_0,A_80_0,WCc
511,U_17_0,A_79_0,WCc
511,C_18_0,G_78_0,WCc
511,A_19_0,U_77_0,WCc
511,U_20_0,A_76_0,WCc
511,A_21_0,U_75_0,WCc
511,U_22_0,A_52_0,WCc
511,A_23_0,G_46_0,WSt
511,A_24_0,G_72_0,HWt
511,U_25_0,A_45_0,WCc
511,U_25_0,C_53_0,XXX
511,C_26_0,G_44_0,WCc
511,C_27_0,G_43_0,WCc
511,U_28_0,G_42_0,GUc
511,A_29_0,U_41_0,WCc
511,A_30_0,U_40_0,WCc
511,U_31_0,U_39_0,WWc
511,A_33_0,G_37_0,SSc
511,A_33_0,A_66_0,WHt
511,U_34_0,G_37_0,SSt
511,U_34_0,A_65_0,WHt
511,A_35_0,U_62_0,XXX
511,A_35_0,A_64_0,HWc
511,G_37_0,C_61_0,WCc
511,G_38_0,C_60_0,WCc
511,G_38_0,A_66_0,SWt
511,G_46_0,C_53_0,WCc
511,U_51_0,U_75_0,XXX
511,A_52_0,A_73_0,SWc
511,A_52_0,U_74_0,SWc
511,C_54_0,G_72_0,WCc
511,A_55_0,U_71_0,WWc
511,A_56_0,U_70_0,WCc
511,G_57_0,C_69_0,WCc
511,A_58_0,U_68_0,WCc
511,G_59_0,C_67_0,WCc
511,C_61_0,A_65_0,SWc
512,C_13_0,G_83_0,WCc
512,G_14_0,U_82_0,GUc
512,C_15_0,G_81_0,WCc
512,U_16_0,A_80_0,WCc
512,U_17_0,A_79_0,WCc
512,C_18_0,G_78_0,WCc
512,A_19_0,U_77_0,WCc
512,U_20_0,A_76_0,WCc
512,A_21_0,U_75_0,WCc
512,U_22_0,G_46_0,HSc
512,U_22_0,A_52_0,WWc
512,A_23_0,G_46_0,WSt
512,A_23_0,A_52_0,XXX
512,U_25_0,A_45_0,WCc
512,U_25_0,C_53_0,XXX
512,C_26_0,G_44_0,WCc
512,C_27_0,G_43_0,WCc
512,U_28_0,G_42_0,GUc
512,A_29_0,U_41_0,WCc
512,A_30_0,U_40_0,WCc
512,U_31_0,U_39_0,WWc
512,A_33_0,A_66_0,WHt
512,U_34_0,G_37_0,SSt
512,U_34_0,A_65_0,WHt
512,A_35_0,U_63_0,HWc
512,G_37_0,C_60_0,WWc
512,G_37_0,C_61_0,WWc
512,G_38_0,C_60_0,WWc
512,G_38_0,A_66_0,SWt
512,G_38_0,C_67_0,SWt
512,G_46_0,A_52_0,XXX
512,G_46_0,C_53_0,WWc
512,U_47_0,C_53_0,XXX
512,U_51_0,U_75_0,XXX
512,A_52_0,A_73_0,SWc
512,A_52_0,U_74_0,XXX
512,C_54_0,G_72_0,WCc
512,A_55_0,U_71_0,WCc
512,A_56_0,U_70_0,WCc
512,G_57_0,C_69_0,WCc
512,A_58_0,U_68_0,WCc
512,G_59_0,C_67_0,WWc
512,C_60_0,A_66_0,XXX
512,C_61_0,A_65_0,SWc
513,C_13_0,G_83_0,WCc
513,G_14_0,U_82_0,GUc
513,C_15_0,G_81_0,WCc
513,U_16_0,A_80_0,WCc
513,U_17_0,A_79_0,WCc
513,C_18_0,G_78_0,WCc
513,A_19_0,U_77_0,WCc
513,U_20_0,A_76_0,WCc
513,A_21_0,U_75_0,WCc
513,U_22_0,A_52_0,WCc
513,A_23_0,G_46_0,WSt
513,U_25_0,A_45_0,WCc
513,U_25_0,C_53_0,XXX
513,C_26_0,G_44_0,WCc
513,C_27_0,G_43_0,WCc
513,U_28_0,G_42_0,GUc
513,A_29_0,U_41_0,WCc
513,A_30_0,U_40_0,WCc
513,U_31_0,G_32_0,WHc
513,U_31_0,U_39_0,WWc
513,A_33_0,G_37_0,SSc
513,A_33_0,G_38_0,XXX
513,A_33_0,A_66_0,WHt
513,U_34_0,G_37_0,SSt
513,U_34_0,A_65_0,WHt
513,A_35_0,U_62_0,XXX
513,A_35_0,A_64_0,HHt
513,G_37_0,C_61_0,WCc
513,G_37_0,A_65_0,XXX
513,G_38_0,C_60_0,WCc
513,G_38_0,A_66_0,SWt
513,G_46_0,C_53_0,WCc
513,U_48_0,U_49_0,XXX
513,C_50_0,U_51_0,XXX
513,U_51_0,U_74_0,WWc
513,A_52_0,A_73_0,SWc
513,A_52_0,U_74_0,XXX
513,C_54_0,G_72_0,WCc
513,A_55_0,U_71_0,WCc
513,A_56_0,U_70_0,WCc
513,G_57_0,C_69_0,WCc
513,A_58_0,U_68_0,WCc
513,G_59_0,C_67_0,WCc
513,C_60_0,A_66_0,XXX
513,C_61_0,A_65_0,SWc
514,C_13_0,G_83_0,WWc
514,G_14_0,U_82_0,GUc
514,C_15_0,G_81_0,WWc
514,U_16_0,A_80_0,WCc
514,U_17_0,A_79_0,WCc
514,C_18_0,G_78_0,WCc
514,A_19_0,U_77_0,WCc
514,U_20_0,A_76_0,WCc
514,A_21_0,U_48_0,XXX
514,A_21_0,U_75_0,WCc
514,U_22_0,U_47_0,XXX
514,U_22_0,A_52_0,WCc
514,A_23_0,G_46_0,WSc
514,U_25_0,A_45_0,WCc
514,C_26_0,G_44_0,WCc
514,C_27_0,G_43_0,WCc
514,U_28_0,G_42_0,GUc
514,A_29_0,U_41_0,WCc
514,A_30_0,U_40_0,WCc
514,U_31_0,U_39_0,WWc
514,A_33_0,G_37_0,SSc
514,A_33_0,G_38_0,XXX
514,A_33_0,A_66_0,WHt
514,U_34_0,G_37_0,SSt
514,U_34_0,A_65_0,WHt
514,U_34_0,A_66_0,XXX
514,A_35_0,U_62_0,XXX
514,A_35_0,A_64_0,HWt
514,G_37_0,C_60_0,XXX
514,G_37_0,C_61_0,WCc
514,G_37_0,A_65_0,XXX
514,G_38_0,C_60_0,WCc
514,G_38_0,A_66_0,SWt
514,G_46_0,C_53_0,WCc
514,U_47_0,C_50_0,XXX
514,U_48_0,C_50_0,WWc
514,U_51_0,U_74_0,WSc
514,A_52_0,A_73_0,SWc
514,C_54_0,G_72_0,WCc
514,A_55_0,U_71_0,WCc
514,A_56_0,U_70_0,WCc
514,G_57_0,C_69_0,WCc
514,A_58_0,U_68_0,WCc
514,G_59_0,C_67_0,WCc
514,C_61_0,A_65_0,SWc
514,A_66_0,C_67_0,XXX
515,C_13_0,G_83_0,WCc
515,G_14_0,U_82_0,GUc
515,C_15_0,G_81_0,WCc
515,U_16_0,A_80_0,WWc
515,U_17_0,A_79_0,WCc
515,C_18_0,G_78_0,WCc
515,A_19_0,U_77_0,WWc
515,U_20_0,A_76_0,WCc
515,U_20_0,U_77_0,XXX
515,A_21_0,U_48_0,SHc
515,A_21_0,U_75_0,WCc
515,U_22_0,A_52_0,WCc
515,A_23_0,G_46_0,WSc
515,U_25_0,A_45_0,WCc
515,U_25_0,C_53_0,XXX
515,C_26_0,G_44_0,WCc
515,C_27_0,G_43_0,WCc
515,U_28_0,G_42_0,GUc
515,A_29_0,U_41_0,WCc
515,A_30_0,U_40_0,WCc
515,U_31_0,U_39_0,WWc
515,A_33_0,G_37_0,SSc
515,A_33_0,G_38_0,XXX
515,A_33_0,A_66_0,WHt
515,U_34_0,G_37_0,SSt
515,U_34_0,A_65_0,WHt
515,A_35_0,U_62_0,XXX
515,G_37_0,C_60_0,XXX
515,G_37_0,C_61_0,WCc
515,G_38_0,C_60_0,WCc
515,G_38_0,A_66_0,SWt
515,G_46_0,C_53_0,WWc
515,C_50_0,U_51_0,XXX
515,U_51_0,U_74_0,WSc
515,A_52_0,A_73_0,SWc
515,C_54_0,G_72_0,WCc
515,A_55_0,U_71_0,WCc
515,A_56_0,U_70_0,WCc
515,G_57_0,C_69_0,WCc
515,A_58_0,U_68_0,WCc
515,G_59_0,C_67_0,WCc
515,C_61_0,A_65_0,SWc
515,A_66_0,C_67_0,XXX
516,C_13_0,G_83_0,WCc
516,G_14_0,U_82_0,GUc
516,C_15_0,G_81_0,WCc
516,U_16_0,A_80_0,WCc
516,U_17_0,A_79_0,WCc
516,C_18_0,G_78_0,WCc
516,A_19_0,U_77_0,WWc
516,U_20_0,A_76_0,WCc
516,A_21_0,U_48_0,XXX
516,A_21_0,U_75_0,WWc
516,U_22_0,U_47_0,XXX
516,U_22_0,A_52_0,WCc
516,A_23_0,G_46_0,WSc
516,U_25_0,A_45_0,WCc
516,U_25_0,C_53_0,XXX
516,C_26_0,G_44_0,WCc
516,C_27_0,G_43_0,WCc
516,U_28_0,G_42_0,GUc
516,A_29_0,U_41_0,WWc
516,A_30_0,U_40_0,WCc
516,A_30_0,U_41_0,WWc
516,U_31_0,U_39_0,WWc
516,A_33_0,A_65_0,WHt
516,A_33_0,A_66_0,WHt
516,U_34_0,G_37_0,SSt
516,U_34_0,A_65_0,WHt
516,A_35_0,A_64_0,HWt
516,G_37_0,C_61_0,WCc
516,G_38_0,C_60_0,WCc
516,G_38_0,A_66_0,SWt
516,G_46_0,C_53_0,WCc
516,U_48_0,U_49_0,XXX
516,A_52_0,A_73_0,SWc
516,A_52_0,U_74_0,SWc
516,C_54_0,G_72_0,WCc
516,A_55_0,U_71_0,WCc
516,A_56_0,U_70_0,WCc
516,G_57_0,C_69_0,WCc
516,A_58_0,U_68_0,WCc
516,G_59_0,C_67_0,WCc
516,C_61_0,A_65_0,SWc
517,C_13_0,G_83_0,WCc
517,G_14_0,U_82_0,GUc
517,C_15_0,G_81_0,WCc
517,U_16_0,A_80_0,WCc
517,U_17_0,A_79_0,WCc
517,C_18_0,G_78_0,WCc
517,A_19_0,U_77_0,WCc
517,U_20_0,A_76_0,WCc
517,A_21_0,U_48_0,XXX
517,A_21_0,U_75_0,WCc
517,U_22_0,A_52_0,WWc
517,A_23_0,G_46_0,WSc
517,U_25_0,A_45_0,WWc
517,U_25_0,C_53_0,XXX
517,C_26_0,G_44_0,WWc
517,C_26_0,A_45_0,WWc
517,C_27_0,G_43_0,WCc
517,U_28_0,G_42_0,GUc
517,A_29_0,U_41_0,WCc
517,A_30_0,U_40_0,WCc
517,U_31_0,U_39_0,WWc
517,A_33_0,G_38_0,XXX
517,A_33_0,A_66_0,WHt
517,U_34_0,G_37_0,SSt
517,U_34_0,A_65_0,WHt
517,A_35_0,U_62_0,XXX
517,G_37_0,C_61_0,WCc
517,G_38_0,C_60_0,WCc
517,G_38_0,A_66_0,SWt
517,G_46_0,C_53_0,WCc
517,U_48_0,U_49_0,SHc
517,U_51_0,U_74_0,WWc
517,U_51_0,U_75_0,XXX
517,A_52_0,A_73_0,SWc
517,C_54_0,G_72_0,WCc
517,A_55_0,U_71_0,WCc
517,A_56_0,U_70_0,WCc
517,G_57_0,C_69_0,WWc
517,A_58_0,U_68_0,WCc
517,G_59_0,C_67_0,WCc
517,C_61_0,A_65_0,SWc
518,C_13_0,G_83_0,WCc
518,G_14_0,U_82_0,GUc
518,C_15_0,G_81_0,WCc
518,U_16_0,A_80_0,WWc
518,U_17_0,A_79_0,WCc
518,C_18_0,G_78_0,WCc
518,A_19_0,U_77_0,WCc
518,U_20_0,A_76_0,WCc
518,U_20_0,U_77_0,XXX
518,A_21_0,U_48_0,XXX
518,A_21_0,U_75_0,WCc
518,U_22_0,A_52_0,WCc
518,A_23_0,G_46_0,WSc
518,U_25_0,A_45_0,WCc
518,U_25_0,C_53_0,XXX
518,C_26_0,G_44_0,WCc
518,C_27_0,G_43_0,WCc
518,U_28_0,G_42_0,GUc
518,A_29_0,U_41_0,WCc
518,A_30_0,U_40_0,WCc
518,U_31_0,U_39_0,WWc
518,U_31_0,U_40_0,XXX
518,A_33_0,G_37_0,SSc
518,A_33_0,A_66_0,WHt
518,U_34_0,G_37_0,SSt
518,U_34_0,A_65_0,WHt
518,A_35_0,U_62_0,XXX
518,A_35_0,A_64_0,HHc
518,G_37_0,C_61_0,WCc
518,G_38_0,C_60_0,WCc
518,G_38_0,A_66_0,SWt
518,G_46_0,C_53_0,WCc
518,U_48_0,U_49_0,SHc
518,U_49_0,C_50_0,XXX
518,A_52_0,A_73_0,SWc
518,A_52_0,U_74_0,SWc
518,C_54_0,G_72_0,WCc
518,A_55_0,U_71_0,WCc
518,A_56_0,U_70_0,WCc
518,G_57_0,C_69_0,WCc
518,A_58_0,U_68_0,WCc
518,G_59_0,C_67_0,WWc
518,C_61_0,A_65_0,SWc
519,C_13_0,G_83_0,WCc
519,G_14_0,U_82_0,WWc
519,C_15_0,G_81_0,WCc
519,C_15_0,U_82_0,XXX
519,U_16_0,A_80_0,WCc
519,U_17_0,A_79_0,WCc
519,C_18_0,G_78_0,WCc
519,A_19_0,U_77_0,WCc
519,U_20_0,A_76_0,WCc
519,A_21_0,U_48_0,XXX
519,A_21_0,U_75_0,WCc
519,U_22_0,U_47_0,HSc
519,U_22_0,A_52_0,WCc
519,A_23_0,G_46_0,WSc
519,U_25_0,A_45_0,WCc
519,U_25_0,C_53_0,XXX
519,C_26_0,G_44_0,WCc
519,C_27_0,G_43_0,WCc
519,U_28_0,G_42_0,GUc
519,A_29_0,U_41_0,WWc
519,A_30_0,U_40_0,WWc
519,U_31_0,U_39_0,WWc
519,A_33_0,G_37_0,SSc
519,A_33_0,G_38_0,XXX
519,A_33_0,A_66_0,WHt
519,U_34_0,G_37_0,SSt
519,U_34_0,A_65_0,WHt
519,A_35_0,U_63_0,HWc
519,G_37_0,C_61_0,WWc
519,G_37_0,A_66_0,XXX
519,G_38_0,G_59_0,WWc
519,G_38_0,C_60_0,WWc
519,G_38_0,A_66_0,SWt
519,A_45_0,C_53_0,XXX
519,G_46_0,C_53_0,WCc
519,U_48_0,U_49_0,XXX
519,U_51_0,U_74_0,WWc
519,A_52_0,A_73_0,XXX
519,A_52_0,U_74_0,XXX
519,C_54_0,G_72_0,WCc
519,A_55_0,U_71_0,WCc
519,A_56_0,U_70_0,WCc
519,G_57_0,C_69_0,WCc
519,A_58_0,U_68_0,WCc
519,G_59_0,C_67_0,WWc
519,C_60_0,A_66_0,XXX
519,C_61_0,A_65_0,SWc
520,C_13_0,G_83_0,WCc
520,G_14_0,U_82_0,GUc
520,C_15_0,G_81_0,WCc
520,U_16_0,A_80_0,WCc
520,U_17_0,A_79_0,WCc
520,C_18_0,G_78_0,WCc
520,A_19_0,U_77_0,WCc
520,U_20_0,A_76_0,WCc
520,A_21_0,U_48_0,XXX
520,A_21_0,U_75_0,WCc
520,U_22_0,A_52_0,WCc
520,A_23_0,G_46_0,WSt
520,U_25_0,A_45_0,WWc
520,U_25_0,C_53_0,XXX
520,C_26_0,G_44_0,WCc
520,C_27_0,G_43_0,WCc
520,U_28_0,G_42_0,GUc
520,A_29_0,U_41_0,WCc
520,A_30_0,U_40_0,WCc
520,U_31_0,U_39_0,WWc
520,A_33_0,G_37_0,SSc
520,A_33_0,A_66_0,WHt
520,U_34_0,G_37_0,SSt
520,U_34_0,A_65_0,WHt
520,A_35_0,U_62_0,XXX
520,A_35_0,A_64_0,XXX
520,G_37_0,C_61_0,WCc
520,G_38_0,C_60_0,WCc
520,G_38_0,A_66_0,SWt
520,G_46_0,C_53_0,WCc
520,C_50_0,U_51_0,SHc
520,U_51_0,U_74_0,WWc
520,A_52_0,U_74_0,XXX
520,C_54_0,G_72_0,WCc
520,A_55_0,U_71_0,WCc
520,A_56_0,U_70_0,WCc
520,G_57_0,C_69_0,WCc
520,A_58_0,U_68_0,WCc
520,G_59_0,C_67_0,WCc
520,C_60_0,A_66_0,XXX
520,C_61_0,A_65_0,SWc
521,C_13_0,G_83_0,WCc
521,G_14_0,U_82_0,GUc
521,C_15_0,G_81_0,WCc
521,U_16_0,A_80_0,WCc
521,U_17_0,A_79_0,WCc
521,C_18_0,G_78_0,WCc
521,A_19_0,U_77_0,WCc
521,U_20_0,A_76_0,WCc
521,U_20_0,U_77_0,XXX
521,A_21_0,U_48_0,XXX
521,A_21_0,U_75_0,WCc
521,U_22_0,U_47_0,HSc
521,U_22_0,A_52_0,WCc
521,A_23_0,G_46_0,WSc
521,U_25_0,A_45_0,WWc
521,U_25_0,C_53_0,XXX
521,C_26_0,G_44_0,WCc
521,C_27_0,G_43_0,WCc
521,U_28_0,G_42_0,GUc
521,A_29_0,U_41_0,WCc
521,A_30_0,U_40_0,WCc
521,U_31_0,U_39_0,WWc
521,A_33_0,G_37_0,SSc
521,A_33_0,A_66_0,WHt
521,U_34_0,G_37_0,SSt
521,U_34_0,A_65_0,WHt
521,A_35_0,U_62_0,XXX
521,A_35_0,A_64_0,HHt
521,G_37_0,C_61_0,WCc
521,G_38_0,C_60_0,WWc
521,G_38_0,A_66_0,SWt
521,G_46_0,C_53_0,WCc
521,U_51_0,U_74_0,WWc
521,A_52_0,A_73_0,XXX
521,A_52_0,U_74_0,XXX
521,C_54_0,G_72_0,WCc
521,A_55_0,U_71_0,WCc
521,A_56_0,U_70_0,WCc
521,G_57_0,C_69_0,WCc
521,A_58_0,U_68_0,WCc
521,G_59_0,C_67_0,WCc
521,C_61_0,A_65_0,SWc
522,C_13_0,G_83_0,WCc
522,G_14_0,U_82_0,GUc
522,C_15_0,G_81_0,WCc
522,U_16_0,A_80_0,WCc
522,U_17_0,A_79_0,WCc
522,C_18_0,G_78_0,WCc
522,A_19_0,U_77_0,WCc
522,U_20_0,A_76_0,WCc
522,A_21_0,U_48_0,XXX
522,A_21_0,U_75_0,WCc
522,U_22_0,U_47_0,XXX
522,U_22_0,A_52_0,WCc
522,U_22_0,C_53_0,XXX
522,A_23_0,G_46_0,WSt
522,U_25_0,A_45_0,WCc
522,C_26_0,G_44_0,WCc
522,C_27_0,G_43_0,WCc
522,U_28_0,G_42_0,GUc
522,A_29_0,U_41_0,WWc
522,A_30_0,U_40_0,WWc
522,U_31_0,U_39_0,WWc
522,U_31_0,U_40_0,WWc
522,A_33_0,G_38_0,XXX
522,A_33_0,A_66_0,WHt
522,U_34_0,G_37_0,SSt
522,U_34_0,A_65_0,WHt
522,A_35_0,U_62_0,XXX
522,A_35_0,U_63_0,HWt
522,A_35_0,A_64_0,XXX
522,G_37_0,C_61_0,WCc
522,G_37_0,A_65_0,XXX
522,G_38_0,C_60_0,WCc
522,G_38_0,A_66_0,SWt
522,G_46_0,C_53_0,WWc
522,U_48_0,U_49_0,XXX
522,U_51_0,U_74_0,WWc
522,A_52_0,A_73_0,XXX
522,C_54_0,A_55_0,XXX
522,C_54_0,G_72_0,WWc
522,A_55_0,U_71_0,WCc
522,A_56_0,U_70_0,WCc
522,G_57_0,C_69_0,WCc
522,A_58_0,U_68_0,WCc
522,G_59_0,C_67_0,WCc
522,C_61_0,A_65_0,SWc
523,C_13_0,G_83_0,WCc
523,G_14_0,U_82_0,GUc
523,C_15_0,G_81_0,WCc
523,U_16_0,A_80_0,WCc
523,U_17_0,A_79_0,WCc
523,C_18_0,G_78_0,WCc
523,A_19_0,U_77_0,WCc
523,U_20_0,A_76_0,WWc
523,A_21_0,U_48_0,XXX
523,A_21_0,U_75_0,WCc
523,U_22_0,A_52_0,WCc
523,A_23_0,G_46_0,WSc
523,U_25_0,A_45_0,WCc
523,U_25_0,C_53_0,XXX
523,C_26_0,G_44_0,WWc
523,C_27_0,G_43_0,WCc
523,U_28_0,G_42_0,GUc
523,A_29_0,U_41_0,WCc
523,A_30_0,U_40_0,WCc
523,U_31_0,U_39_0,WWc
523,A_33_0,G_37_0,SSc
523,A_33_0,A_65_0,WHt
523,A_33_0,A_66_0,WHt
523,U_34_0,G_37_0,SSt
523,U_34_0,A_65_0,WHt
523,A_35_0,U_62_0,XXX
523,A_35_0,A_64_0,HWc
523,G_37_0,C_61_0,WCc
523,G_38_0,C_60_0,WCc
523,G_38_0,A_66_0,SWt
523,G_46_0,C_53_0,WCc
523,U_47_0,C_50_0,XXX
523,C_50_0,U_51_0,XXX
523,U_51_0,U_74_0,WWc
523,A_52_0,A_73_0,SWc
523,A_52_0,U_74_0,SWc
523,C_54_0,G_72_0,WCc
523,A_55_0,U_71_0,WCc
523,A_56_0,U_70_0,WCc
523,G_57_0,C_69_0,WCc
523,A_58_0,U_68_0,WCc
523,G_59_0,C_67_0,WCc
523,C_61_0,A_65_0,SWc
524,C_13_0,G_83_0,WCc
524,G_14_0,U_82_0,GUc
524,C_15_0,G_81_0,WCc
524,C_15_0,U_82_0,XXX
524,U_16_0,A_80_0,WCc
524,U_16_0,G_81_0,WWc
524,U_17_0,A_79_0,WWc
524,C_18_0,G_78_0,WCc
524,A_19_0,U_77_0,WCc
524,U_20_0,A_76_0,WCc
524,A_21_0,U_48_0,XXX
524,A_21_0,U_75_0,WCc
524,U_22_0,U_47_0,HSc
524,U_22_0,A_52_0,WCc
524,A_23_0,G_46_0,XXX
524,U_25_0,A_45_0,WCc
524,U_25_0,C_53_0,XXX
524,C_26_0,G_44_0,WCc
524,C_27_0,G_43_0,WCc
524,U_28_0,G_42_0,GUc
524,A_29_0,U_41_0,WCc
524,A_30_0,U_40_0,WCc
524,U_31_0,U_39_0,WWc
524,A_33_0,G_37_0,SSc
524,A_33_0,G_38_0,XXX
524,A_33_0,A_66_0,WHt
524,U_34_0,G_37_0,SSt
524,U_34_0,A_65_0,WHt
524,A_35_0,U_62_0,XXX
524,A_35_0,U_63_0,HWc
524,A_35_0,A_64_0,HWc
524,G_37_0,C_60_0,WWc
524,G_37_0,C_61_0,WCc
524,G_38_0,C_60_0,WCc
524,G_38_0,A_66_0,SWt
524,G_46_0,C_53_0,WCc
524,U_47_0,C_50_0,XXX
524,U_48_0,C_50_0,WWc
524,U_51_0,U_74_0,WWc
524,A_52_0,A_73_0,SWc
524,A_52_0,U_74_0,XXX
524,C_54_0,G_72_0,WCc
524,A_55_0,U_70_0,XXX
524,A_55_0,U_71_0,WCc
524,A_56_0,U_70_0,WCc
524,G_57_0,C_69_0,WCc
524,A_58_0,U_68_0,WCc
524,G_59_0,C_67_0,WCc
524,C_61_0,A_65_0,SWc
525,C_13_0,G_83_0,WCc
525,G_14_0,U_82_0,GUc
525,C_15_0,G_81_0,WCc
525,U_16_0,A_80_0,WCc
525,U_17_0,A_79_0,WCc
525,C_18_0,G_78_0,WCc
525,A_19_0,U_77_0,WCc
525,U_20_0,A_76_0,WCc
525,A_21_0,U_48_0,XXX
525,A_21_0,U_75_0,WCc
525,U_22_0,A_52_0,WCc
525,A_23_0,G_46_0,WSt
525,U_25_0,A_45_0,WCc
525,U_25_0,C_53_0,XXX
525,C_26_0,G_44_0,WCc
525,C_27_0,G_43_0,WCc
525,U_28_0,G_42_0,GUc
525,A_29_0,U_41_0,WCc
525,A_30_0,U_40_0,WCc
525,U_31_0,U_39_0,WWc
525,A_33_0,G_37_0,SSc
525,A_33_0,A_66_0,WHt
525,U_34_0,G_37_0,SSt
525,U_34_0,A_65_0,WHt
525,A_35_0,A_64_0,HWc
525,G_37_0,C_61_0,WCc
525,G_38_0,G_59_0,WHt
525,G_38_0,C_60_0,WCc
525,G_38_0,A_66_0,SWt
525,G_46_0,C_53_0,WCc
525,U_48_0,U_49_0,SHt
525,U_51_0,U_74_0,WWc
525,A_52_0,A_73_0,SWc
525,A_52_0,U_74_0,SWc
525,C_54_0,G_72_0,WCc
525,A_55_0,U_71_0,WCc
525,A_56_0,U_70_0,WCc
525,G_57_0,C_69_0,WCc
525,A_58_0,U_68_0,XXX
525,G_59_0,C_67_0,WCc
525,C_61_0,A_65_0,SWc
526,C_13_0,G_83_0,WCc
526,G_14_0,U_82_0,GUc
526,C_15_0,G_81_0,WCc
526,U_16_0,A_80_0,WCc
526,U_17_0,A_79_0,WCc
526,C_18_0,G_78_0,WCc
526,A_19_0,U_77_0,WCc
526,U_20_0,A_76_0,WCc
526,A_21_0,U_48_0,XXX
526,A_21_0,U_75_0,WCc
526,U_22_0,A_52_0,WCc
526,A_23_0,G_46_0,WSt
526,U_25_0,A_45_0,WCc
526,U_25_0,C_53_0,XXX
526,C_26_0,G_44_0,WCc
526,C_27_0,G_43_0,WCc
526,U_28_0,G_42_0,GUc
526,A_29_0,U_41_0,WWc
526,A_30_0,U_40_0,WCc
526,U_31_0,U_39_0,WWc
526,A_33_0,G_37_0,SSc
526,A_33_0,G_38_0,XXX
526,A_33_0,A_66_0,WHt
526,U_34_0,G_37_0,SSt
526,U_34_0,A_65_0,WHt
526,A_35_0,A_64_0,XXX
526,G_38_0,G_59_0,XXX
526,G_38_0,C_60_0,WCc
526,G_38_0,C_61_0,WWc
526,G_38_0,A_66_0,SWt
526,G_46_0,C_53_0,WCc
526,U_48_0,U_49_0,SHc
526,C_50_0,U_51_0,SHc
526,U_51_0,U_74_0,WWc
526,A_52_0,A_73_0,SWc
526,A_52_0,U_74_0,SWc
526,C_54_0,G_72_0,WCc
526,A_55_0,U_71_0,WCc
526,A_56_0,U_70_0,WCc
526,G_57_0,C_69_0,WCc
526,A_58_0,U_68_0,WCc
526,G_59_0,C_67_0,WCc
526,C_61_0,A_65_0,SWc
527,C_13_0,G_83_0,WCc
527,G_14_0,U_82_0,GUc
527,C_15_0,G_81_0,WCc
527,U_16_0,A_80_0,WCc
527,U_17_0,A_79_0,WCc
527,C_18_0,G_78_0,WCc
527,A_19_0,U_77_0,WCc
527,U_20_0,A_76_0,WCc
527,A_21_0,U_48_0,XXX
527,A_21_0,U_75_0,WCc
527,U_22_0,U_47_0,HSc
527,U_22_0,A_52_0,WCc
527,A_23_0,G_46_0,WSt
527,A_24_0,G_72_0,HWt
527,U_25_0,A_45_0,WCc
527,C_26_0,G_44_0,WCc
527,C_27_0,G_43_0,WCc
527,U_28_0,G_42_0,GUc
527,A_29_0,U_41_0,WWc
527,A_30_0,U_40_0,WCc
527,U_31_0,U_39_0,WWc
527,U_31_0,U_40_0,WWc
527,A_33_0,G_37_0,SSc
527,A_33_0,A_66_0,WHt
527,U_34_0,G_37_0,SSt
527,U_34_0,A_65_0,WHt
527,A_35_0,U_62_0,XXX
527,A_35_0,A_64_0,HHt
527,G_37_0,C_61_0,WCc
527,G_38_0,C_60_0,WCc
527,G_38_0,A_66_0,SWt
527,G_38_0,C_67_0,XXX
527,G_46_0,C_53_0,WCc
527,U_47_0,C_50_0,XXX
527,U_51_0,U_74_0,WWc
527,A_52_0,A_73_0,SWc
527,A_52_0,U_74_0,XXX
527,C_54_0,G_72_0,WCc
527,A_55_0,U_71_0,WCc
527,A_56_0,U_70_0,WCc
527,G_57_0,C_69_0,WCc
527,A_58_0,U_68_0,WCc
527,G_59_0,C_67_0,WCc
527,C_60_0,A_66_0,XXX
527,C_61_0,A_65_0,SWc
527,C_61_0,A_66_0,XXX
528,C_13_0,G_83_0,WCc
528,G_14_0,U_82_0,GUc
528,C_15_0,G_81_0,WCc
528,U_16_0,A_80_0,WCc
528,U_17_0,A_79_0,WCc
528,C_18_0,G_78_0,WCc
528,A_19_0,U_77_0,WWc
528,U_20_0,A_76_0,WCc
528,A_21_0,U_75_0,WCc
528,U_22_0,A_52_0,WWc
528,A_23_0,G_46_0,WSc
528,U_25_0,A_45_0,WCc
528,C_26_0,G_44_0,WCc
528,C_27_0,G_43_0,WCc
528,U_28_0,G_42_0,GUc
528,A_29_0,U_41_0,WCc
528,A_30_0,U_40_0,WCc
528,U_31_0,U_39_0,WWc
528,A_33_0,G_37_0,SSc
528,A_33_0,A_66_0,WHt
528,U_34_0,G_37_0,SSt
528,U_34_0,A_65_0,WHt
528,A_35_0,U_62_0,XXX
528,A_35_0,A_64_0,HWt
528,G_37_0,C_61_0,WWc
528,G_37_0,A_66_0,XXX
528,G_38_0,C_60_0,WCc
528,G_38_0,A_66_0,SWt
528,G_46_0,C_53_0,WCc
528,U_47_0,C_50_0,XXX
528,U_51_0,U_74_0,WWc
528,A_52_0,A_73_0,SWc
528,C_54_0,G_72_0,WCc
528,A_55_0,U_71_0,WCc
528,A_56_0,U_70_0,WCc
528,G_57_0,C_69_0,WWc
528,A_58_0,U_68_0,WCc
528,G_59_0,C_67_0,WCc
528,C_61_0,A_65_0,SWc
528,A_66_0,C_67_0,XXX
529,C_13_0,G_83_0,WCc
529,G_14_0,U_82_0,GUc
529,C_15_0,G_81_0,WCc
529,C_15_0,U_82_0,XXX
529,U_16_0,A_80_0,WCc
529,U_17_0,A_79_0,WCc
529,U_17_0,A_80_0,WWc
529,C_18_0,G_78_0,WCc
529,A_19_0,U_77_0,WCc
529,U_20_0,A_76_0,WCc
529,A_21_0,U_48_0,XXX
529,A_21_0,U_75_0,WCc
529,U_22_0,A_52_0,WCc
529,A_23_0,G_46_0,WSt
529,A_24_0,G_72_0,HWt
529,U_25_0,A_45_0,WCc
529,U_25_0,G_46_0,XXX
529,C_26_0,G_44_0,WCc
529,C_27_0,G_43_0,WCc
529,U_28_0,G_42_0,GUc
529,A_29_0,U_41_0,WCc
529,A_30_0,U_40_0,WCc
529,U_31_0,U_39_0,WWc
529,A_33_0,G_37_0,SSc
529,A_33_0,A_66_0,WHt
529,U_34_0,G_37_0,SSt
529,U_34_0,A_65_0,WHt
529,A_35_0,U_62_0,XXX
529,A_35_0,A_64_0,XXX
529,G_37_0,C_60_0,XXX
529,G_37_0,C_61_0,WCc
529,G_38_0,C_60_0,WCc
529,G_38_0,A_66_0,SWt
529,G_46_0,C_53_0,WCc
529,U_47_0,U_51_0,XXX
529,U_48_0,U_49_0,XXX
529,U_51_0,U_74_0,WWc
529,A_52_0,A_73_0,SWc
529,A_52_0,U_74_0,XXX
529,C_54_0,G_72_0,WCc
529,A_55_0,U_71_0,WCc
529,A_56_0,U_70_0,WCc
529,G_57_0,C_69_0,WCc
529,A_58_0,U_68_0,WCc
529,G_59_0,C_67_0,WCc
529,C_61_0,A_65_0,SWc
529,A_66_0,C_67_0,XXX
530,C_13_0,G_83_0,WCc
530,G_14_0,U_82_0,GUc
530,C_15_0,G_81_0,WCc
530,U_16_0,A_80_0,WCc
530,U_17_0,A_79_0,WCc
530,C_18_0,G_78_0,WCc
530,A_19_0,U_77_0,WWc
530,U_20_0,A_76_0,WWc
530,A_21_0,U_48_0,XXX
530,A_21_0,U_75_0,WCc
530,U_22_0,A_52_0,WCc
530,A_23_0,G_46_0,WSt
530,U_25_0,A_45_0,WCc
530,U_25_0,C_53_0,XXX
530,C_26_0,G_44_0,WCc
530,C_27_0,G_43_0,WCc
530,U_28_0,G_42_0,GUc
530,A_29_0,U_41_0,WCc
530,A_30_0,U_40_0,WCc
530,U_31_0,U_39_0,WWc
530,A_33_0,G_37_0,SSc
530,A_33_0,G_38_0,XXX
530,A_33_0,A_66_0,XXX
530,U_34_0,G_37_0,SSt
530,U_34_0,A_65_0,WHt
530,A_35_0,U_62_0,XXX
530,A_35_0,A_64_0,XXX
530,G_37_0,C_61_0,WCc
530,G_38_0,C_60_0,WCc
530,G_38_0,A_66_0,SWt
530,G_46_0,C_53_0,WCc
530,U_47_0,U_51_0,XXX
530,U_48_0,U_49_0,XXX
530,U_51_0,U_74_0,WWc
530,A_52_0,A_73_0,SWc
530,A_52_0,U_74_0,XXX
530,C_54_0,G_72_0,WCc
530,A_55_0,U_71_0,WCc
530,A_56_0,U_70_0,WCc
530,G_57_0,C_69_0,WCc
530,A_58_0,U_68_0,WCc
530,G_59_0,C_67_0,WCc
530,C_60_0,A_66_0,XXX
530,C_61_0,A_65_0,SWc
531,C_13_0,G_14_0,XXX
531,C_13_0,G_83_0,WCc
531,G_14_0,U_82_0,GUc
531,C_15_0,G_81_0,WCc
531,U_16_0,A_80_0,WCc
531,U_17_0,A_79_0,WCc
531,C_18_0,G_78_0,WCc
531,A_19_0,U_77_0,WCc
531,U_20_0,A_76_0,WCc
531,A_21_0,U_48_0,XXX
531,A_21_0,U_75_0,WCc
531,U_22_0,U_47_0,HSc
531,U_22_0,A_52_0,WCc
531,A_23_0,G_46_0,WSc
531,U_25_0,A_45_0,WCc
531,U_25_0,C_53_0,XXX
531,C_26_0,G_44_0,WCc
531,C_27_0,G_43_0,WCc
531,U_28_0,G_42_0,GUc
531,A_29_0,U_41_0,WWc
531,A_30_0,U_40_0,WCc
531,A_30_0,U_41_0,WWc
531,U_31_0,U_39_0,WWc
531,A_33_0,G_37_0,SSc
531,A_33_0,G_38_0,XXX
531,A_33_0,A_66_0,WHt
531,U_34_0,G_37_0,SSt
531,U_34_0,A_65_0,WHt
531,A_35_0,U_62_0,XXX
531,A_35_0,A_64_0,XXX
531,G_37_0,C_61_0,WCc
531,G_37_0,A_65_0,XXX
531,G_37_0,A_66_0,XXX
531,G_38_0,G_59_0,WHc
531,G_38_0,C_60_0,WCc
531,G_38_0,A_66_0,SWt
531,G_46_0,C_53_0,WCc
531,U_47_0,U_51_0,XXX
531,U_47_0,A_52_0,XXX
531,U_51_0,U_75_0,XXX
531,A_52_0,A_73_0,SWc
531,A_52_0,U_74_0,XXX
531,C_54_0,G_72_0,WCc
531,A_55_0,U_71_0,WCc
531,A_56_0,U_70_0,WCc
531,G_57_0,C_69_0,WCc
531,A_58_0,U_68_0,WCc
531,G_59_0,C_67_0,WWc
531,C_60_0,A_66_0,XXX
531,C_61_0,A_65_0,SWc
532,C_13_0,G_83_0,WCc
532,G_14_0,U_82_0,GUc
532,C_15_0,G_81_0,WCc
532,U_16_0,A_80_0,WCc
532,U_17_0,A_79_0,WCc
532,C_18_0,G_78_0,WCc
532,A_19_0,U_77_0,WCc
532,U_20_0,A_76_0,WCc
532,A_21_0,U_48_0,XXX
532,A_21_0,U_75_0,WCc
532,U_22_0,A_52_0,WCc
532,A_23_0,G_46_0,WSc
532,A_24_0,G_72_0,XXX
532,U_25_0,A_45_0,WCc
532,C_26_0,G_44_0,WCc
532,C_27_0,G_43_0,WCc
532,U_28_0,G_42_0,GUc
532,A_29_0,U_41_0,WWc
532,A_30_0,U_40_0,WCc
532,U_31_0,U_39_0,WWc
532,A_33_0,G_37_0,SSc
532,A_33_0,A_66_0,WHt
532,U_34_0,G_37_0,SSt
532,U_34_0,A_65_0,WHt
532,A_35_0,U_62_0,XXX
532,G_37_0,C_61_0,WWc
532,G_38_0,G_59_0,XXX
532,G_38_0,C_60_0,WCc
532,G_38_0,A_66_0,SWt
532,G_46_0,C_53_0,WCc
532,U_47_0,U_51_0,XXX
532,U_48_0,U_49_0,SHt
532,U_48_0,C_50_0,XXX
532,U_51_0,U_74_0,WWc
532,A_52_0,A_73_0,SWc
532,A_52_0,U_74_0,XXX
532,C_54_0,G_72_0,WCc
532,A_55_0,U_71_0,WCc
532,A_56_0,U_70_0,WCc
532,G_57_0,C_69_0,WCc
532,A_58_0,U_68_0,WCc
532,G_59_0,C_67_0,WCc
532,C_61_0,A_65_0,SWc
532,A_66_0,C_67_0,XXX
533,C_13_0,G_83_0,WCc
533,G_14_0,U_82_0,GUc
533,C_15_0,G_81_0,WWc
533,U_16_0,A_80_0,WCc
533,U_17_0,A_79_0,WCc
533,U_17_0,A_80_0,WWc
533,C_18_0,G_78_0,WCc
533,A_19_0,U_77_0,WCc
533,U_20_0,A_76_0,WCc
533,A_21_0,U_48_0,XXX
533,A_21_0,U_75_0,WCc
533,U_22_0,U_47_0,HSc
533,U_22_0,A_52_0,WCc
533,A_23_0,G_46_0,WSt
533,A_24_0,G_72_0,HWt
533,U_25_0,A_45_0,WCc
533,C_26_0,G_44_0,WCc
533,C_27_0,G_43_0,WCc
533,U_28_0,G_42_0,GUc
533,A_29_0,U_41_0,HSc
533,A_30_0,U_40_0,WCc
533,U_31_0,U_39_0,WWc
533,A_33_0,G_37_0,SSc
533,A_33_0,A_66_0,WHt
533,U_34_0,G_37_0,SSt
533,U_34_0,A_65_0,WHt
533,A_35_0,U_62_0,XXX
533,A_35_0,A_64_0,XXX
533,G_37_0,C_60_0,XXX
533,G_37_0,C_61_0,WCc
533,G_37_0,A_66_0,XXX
533,G_38_0,G_59_0,XXX
533,G_38_0,C_60_0,WCc
533,G_38_0,A_66_0,SWt
533,G_46_0,C_53_0,WCc
533,U_47_0,U_51_0,XXX
533,U_47_0,A_52_0,WWc
533,C_50_0,U_51_0,SHc
533,U_51_0,U_74_0,WWc
533,A_52_0,A_73_0,SWc
533,A_52_0,U_74_0,SWc
533,C_54_0,G_72_0,WCc
533,A_55_0,U_71_0,WWc
533,A_56_0,U_70_0,WCc
533,G_57_0,C_69_0,WCc
533,A_58_0,U_68_0,WCc
533,G_59_0,C_67_0,WCc
533,C_60_0,A_66_0,XXX
533,C_61_0,A_65_0,SWc
534,C_13_0,G_83_0,WCc
534,G_14_0,U_82_0,GUc
534,C_15_0,G_81_0,WWc
534,U_16_0,A_80_0,WWc
534,U_17_0,A_79_0,WCc
534,C_18_0,G_78_0,WWc
534,A_19_0,U_77_0,WWc
534,U_20_0,A_76_0,WCc
534,A_21_0,U_48_0,XXX
534,A_21_0,U_75_0,WCc
534,U_22_0,U_47_0,XXX
534,U_22_0,A_52_0,WCc
534,A_23_0,A_45_0,XXX
534,A_23_0,G_46_0,WSt
534,U_25_0,A_45_0,WCc
534,U_25_0,C_53_0,XXX
534,C_26_0,G_44_0,WCc
534,C_27_0,G_43_0,WCc
534,U_28_0,G_42_0,WWc
534,A_29_0,U_41_0,WWc
534,A_30_0,U_40_0,WCc
534,U_31_0,U_39_0,WWc
534,A_33_0,G_37_0,SSc
534,A_33_0,G_38_0,XXX
534,A_33_0,A_66_0,WHt
534,U_34_0,G_37_0,SSt
534,U_34_0,A_65_0,WHt
534,A_35_0,U_62_0,XXX
534,A_35_0,A_64_0,XXX
534,G_37_0,C_60_0,WWc
534,G_37_0,C_61_0,WWc
534,G_37_0,A_66_0,XXX
534,G_38_0,G_59_0,WHc
534,G_38_0,C_60_0,WCc
534,G_38_0,A_66_0,SWt
534,G_46_0,C_53_0,WCc
534,U_51_0,U_74_0,WWc
534,A_52_0,A_73_0,SWc
534,A_52_0,U_74_0,SWc
534,C_54_0,G_72_0,WCc
534,A_55_0,U_71_0,WCc
534,A_56_0,U_70_0,WCc
534,G_57_0,C_69_0,WCc
534,A_58_0,U_68_0,WCc
534,G_59_0,C_67_0,WCc
534,C_60_0,A_66_0,XXX
534,C_61_0,A_65_0,SWc
534,C_61_0,A_66_0,XXX
535,C_13_0,G_83_0,WWc
535,G_14_0,U_82_0,GUc
535,C_15_0,G_81_0,WCc
535,U_16_0,A_80_0,WCc
535,U_17_0,A_79_0,WCc
535,C_18_0,G_78_0,WCc
535,A_19_0,U_77_0,WCc
535,U_20_0,A_76_0,WCc
535,A_21_0,U_48_0,XXX
535,A_21_0,U_75_0,WCc
535,U_22_0,A_52_0,WCc
535,A_23_0,G_46_0,WSt
535,U_25_0,A_45_0,WCc
535,U_25_0,C_53_0,XXX
535,C_26_0,G_44_0,WCc
535,C_27_0,G_43_0,WCc
535,U_28_0,G_42_0,GUc
535,A_29_0,U_41_0,WWc
535,A_30_0,U_40_0,WWc
535,U_31_0,U_39_0,WWc
535,A_33_0,G_37_0,SSc
535,A_33_0,A_65_0,XXX
535,A_33_0,A_66_0,WHt
535,U_34_0,G_37_0,SSt
535,U_34_0,A_65_0,WHt
535,A_35_0,U_62_0,XXX
535,A_35_0,A_64_0,XXX
535,G_37_0,C_61_0,WCc
535,G_37_0,A_65_0,XXX
535,G_38_0,C_60_0,WCc
535,G_38_0,A_66_0,SWt
535,G_46_0,C_53_0,WWc
535,U_48_0,U_49_0,SHt
535,A_52_0,A_73_0,SWc
535,A_52_0,U_74_0,SWc
535,C_54_0,G_72_0,WCc
535,A_55_0,U_71_0,WCc
535,A_56_0,U_70_0,WCc
535,G_57_0,C_69_0,WCc
535,A_58_0,U_68_0,WCc
535,G_59_0,C_67_0,WCc
535,C_61_0,A_65_0,SWc
536,C_13_0,G_83_0,WWc
536,G_14_0,U_82_0,GUc
536,C_15_0,G_81_0,WCc
536,U_16_0,A_80_0,WCc
536,U_17_0,A_79_0,WCc
536,C_18_0,G_78_0,WCc
536,C_18_0,A_79_0,XXX
536,A_19_0,U_77_0,WCc
536,U_20_0,A_76_0,WCc
536,A_21_0,U_48_0,XXX
536,A_21_0,U_75_0,WCc
536,U_22_0,A_52_0,WCc
536,A_23_0,G_46_0,WSc
536,U_25_0,A_45_0,WCc
536,C_26_0,G_44_0,WCc
536,C_27_0,G_43_0,WCc
536,U_28_0,G_42_0,GUc
536,A_29_0,U_41_0,WCc
536,A_30_0,U_40_0,WCc
536,U_31_0,U_39_0,WWc
536,U_31_0,U_40_0,WWc
536,A_33_0,G_37_0,SSc
536,A_33_0,G_38_0,XXX
536,A_33_0,A_66_0,WHt
536,U_34_0,A_65_0,WHt
536,A_35_0,U_62_0,XXX
536,A_35_0,A_64_0,HWc
536,G_37_0,C_61_0,WCc
536,G_37_0,A_65_0,XXX
536,G_37_0,A_66_0,XXX
536,G_38_0,C_60_0,WCc
536,G_38_0,A_66_0,SWt
536,U_47_0,U_51_0,XXX
536,U_47_0,A_52_0,WWc
536,U_48_0,U_49_0,SHt
536,U_51_0,U_74_0,WWc
536,A_52_0,A_73_0,SHc
536,A_52_0,U_74_0,XXX
536,C_54_0,G_72_0,WCc
536,A_55_0,U_71_0,WCc
536,A_56_0,U_70_0,WCc
536,G_57_0,C_69_0,WCc
536,A_58_0,U_68_0,WCc
536,G_59_0,C_67_0,WWc
536,C_60_0,A_66_0,XXX
536,C_61_0,A_65_0,SWc
537,C_13_0,G_83_0,WCc
537,G_14_0,U_82_0,GUc
537,C_15_0,G_81_0,WCc
537,U_16_0,A_80_0,WCc
537,U_17_0,A_79_0,WCc
537,C_18_0,G_78_0,WCc
537,A_19_0,U_77_0,WCc
537,U_20_0,A_76_0,WCc
537,A_21_0,U_48_0,XXX
537,A_21_0,U_75_0,WWc
537,U_22_0,U_47_0,HSc
537,U_22_0,A_52_0,WCc
537,A_23_0,G_46_0,WSt
537,U_25_0,A_45_0,WCc
537,C_26_0,G_44_0,WCc
537,C_27_0,G_43_0,WCc
537,U_28_0,G_42_0,GUc
537,A_29_0,U_41_0,WCc
537,A_30_0,U_40_0,WCc
537,U_31_0,U_39_0,WWc
537,A_33_0,G_37_0,SSc
537,A_33_0,G_38_0,XXX
537,A_33_0,A_65_0,WHt
537,A_33_0,A_66_0,WHt
537,U_34_0,G_37_0,SSt
537,U_34_0,A_65_0,WHt
537,A_35_0,U_62_0,WWt
537,A_35_0,A_64_0,XXX
537,G_37_0,C_61_0,WCc
537,G_38_0,C_60_0,WCc
537,G_38_0,A_66_0,SWt
537,G_46_0,C_53_0,WCc
537,U_48_0,U_49_0,XXX
537,U_48_0,C_50_0,WWc
537,U_51_0,U_74_0,WWc
537,A_52_0,A_73_0,SWc
537,A_52_0,U_74_0,XXX
537,C_54_0,G_72_0,WCc
537,A_55_0,U_71_0,WCc
537,A_56_0,U_70_0,WCc
537,G_57_0,C_69_0,WCc
537,A_58_0,U_68_0,WCc
537,G_59_0,C_67_0,WWc
537,C_61_0,A_65_0,SWc
538,C_13_0,G_83_0,WWc
538,G_14_0,U_82_0,GUc
538,C_15_0,G_81_0,WCc
538,U_16_0,A_80_0,WCc
538,U_17_0,A_79_0,WCc
538,C_18_0,G_78_0,WCc
538,A_19_0,U_77_0,WCc
538,U_20_0,A_76_0,WCc
538,A_21_0,U_48_0,XXX
538,A_21_0,U_75_0,WCc
538,U_22_0,A_52_0,WCc
538,A_23_0,G_46_0,WSc
538,U_25_0,A_45_0,WCc
538,U_25_0,C_53_0,XXX
538,C_26_0,G_44_0,WCc
538,C_27_0,G_43_0,WCc
538,U_28_0,G_42_0,GUc
538,A_29_0,U_41_0,WWc
538,A_30_0,U_40_0,WCc
538,U_31_0,U_39_0,WWc
538,U_31_0,U_40_0,XXX
538,A_33_0,G_37_0,SSc
538,A_33_0,G_38_0,XXX
538,A_33_0,A_66_0,WHt
538,U_34_0,G_37_0,SSt
538,U_34_0,A_65_0,WHt
538,A_35_0,U_62_0,XXX
538,A_35_0,U_63_0,HWt
538,A_35_0,A_64_0,HHc
538,G_37_0,C_61_0,WCc
538,G_38_0,C_60_0,WCc
538,G_38_0,A_66_0,SWt
538,G_46_0,A_52_0,WWc
538,G_46_0,C_53_0,WWc
538,U_47_0,U_51_0,XXX
538,U_48_0,U_49_0,XXX
538,U_48_0,C_50_0,XXX
538,U_51_0,U_74_0,WWc
538,A_52_0,U_74_0,XXX
538,C_54_0,G_72_0,WCc
538,A_55_0,U_71_0,WCc
538,A_56_0,U_70_0,WCc
538,G_57_0,C_69_0,WCc
538,A_58_0,U_68_0,WCc
538,G_59_0,C_67_0,WWc
538,C_60_0,A_66_0,XXX
538,C_61_0,A_65_0,SWc
539,C_13_0,G_83_0,WCc
539,G_14_0,U_82_0,GUc
539,C_15_0,G_81_0,WCc
539,U_16_0,A_80_0,WCc
539,U_17_0,A_79_0,WCc
539,C_18_0,G_78_0,WCc
539,A_19_0,A_76_0,XXX
539,A_19_0,U_77_0,WCc
539,U_20_0,A_76_0,WCc
539,A_21_0,U_48_0,XXX
539,A_21_0,U_75_0,WCc
539,U_22_0,A_52_0,WWc
539,A_23_0,G_46_0,WSt
539,U_25_0,A_45_0,WCc
539,C_26_0,G_44_0,WCc
539,C_27_0,G_43_0,WCc
539,U_28_0,G_42_0,GUc
539,A_29_0,U_41_0,WCc
539,A_30_0,U_40_0,WCc
539,U_31_0,U_39_0,WWc
539,A_33_0,G_37_0,SSc
539,A_33_0,A_66_0,WHt
539,U_34_0,G_37_0,SSt
539,U_34_0,A_65_0,WHt
539,A_35_0,U_62_0,XXX
539,A_35_0,A_64_0,HWt
539,G_37_0,C_61_0,WCc
539,G_38_0,C_60_0,WCc
539,G_38_0,A_66_0,SWt
539,G_46_0,C_53_0,WWc
539,U_47_0,U_51_0,XXX
539,U_48_0,U_49_0,XXX
539,A_52_0,A_73_0,SHc
539,A_52_0,U_74_0,SWc
539,C_54_0,G_72_0,WCc
539,A_55_0,U_71_0,WCc
539,A_56_0,U_70_0,WCc
539,G_57_0,C_69_0,WCc
539,A_58_0,U_68_0,WCc
539,G_59_0,C_67_0,WCc
539,C_60_0,A_66_0,XXX
539,C_61_0,A_65_0,SWc
540,C_13_0,G_83_0,WCc
540,G_14_0,U_82_0,GUc
540,C_15_0,G_81_0,WCc
540,U_16_0,A_80_0,WCc
540,U_17_0,A_79_0,WCc
540,C_18_0,G_78_0,WCc
540,A_19_0,U_77_0,WCc
540,U_20_0,A_76_0,WCc
540,A_21_0,U_48_0,XXX
540,A_21_0,U_75_0,WCc
540,U_22_0,A_52_0,WCc
540,A_23_0,G_46_0,WSt
540,U_25_0,A_45_0,WCc
540,C_26_0,G_44_0,WCc
540,C_27_0,G_43_0,WCc
540,U_28_0,G_42_0,GUc
540,A_29_0,U_41_0,WCc
540,A_30_0,U_40_0,WCc
540,U_31_0,U_39_0,WWc
540,A_33_0,G_37_0,SSc
540,A_33_0,G_38_0,XXX
540,A_33_0,A_66_0,WHt
540,U_34_0,G_37_0,SSt
540,U_34_0,A_65_0,WHt
540,A_35_0,U_62_0,XXX
540,A_35_0,A_64_0,XXX
540,G_37_0,C_61_0,WCc
540,G_38_0,C_60_0,WCc
540,G_38_0,A_66_0,SWt
540,G_46_0,C_53_0,WCc
540,U_47_0,U_51_0,XXX
540,U_51_0,U_74_0,WWc
540,A_52_0,A_73_0,SWc
540,A_52_0,U_74_0,SWc
540,C_54_0,G_72_0,WCc
540,A_55_0,U_71_0,WCc
540,A_56_0,U_70_0,WCc
540,G_57_0,C_69_0,WCc
540,A_58_0,U_68_0,WCc
540,G_59_0,C_67_0,WCc
540,C_61_0,A_65_0,SWc
541,C_13_0,G_83_0,WCc
541,G_14_0,U_82_0,GUc
541,C_15_0,G_81_0,WCc
541,U_16_0,A_80_0,WCc
541,U_17_0,A_79_0,WCc
541,C_18_0,G_78_0,WCc
541,A_19_0,U_77_0,WCc
541,U_20_0,A_76_0,WCc
541,A_21_0,U_48_0,XXX
541,A_21_0,U_75_0,WCc
541,U_22_0,A_52_0,WCc
541,A_23_0,G_46_0,WSc
541,U_25_0,A_45_0,WCc
541,U_25_0,C_53_0,XXX
541,C_26_0,G_44_0,WCc
541,C_27_0,G_43_0,WCc
541,U_28_0,G_42_0,GUc
541,A_29_0,U_41_0,WCc
541,A_30_0,U_40_0,WCc
541,U_31_0,U_39_0,WWc
541,A_33_0,G_37_0,SSc
541,A_33_0,A_66_0,WHt
541,U_34_0,G_37_0,SSt
541,U_34_0,A_65_0,WHt
541,A_35_0,U_62_0,XXX
541,A_35_0,A_64_0,HHt
541,G_37_0,C_61_0,WCc
541,G_37_0,A_65_0,XXX
541,G_38_0,G_59_0,XXX
541,G_38_0,C_60_0,WCc
541,G_38_0,A_66_0,SWt
541,G_46_0,C_53_0,WWc
541,U_47_0,C_50_0,XXX
541,U_47_0,A_52_0,WWc
541,U_48_0,C_50_0,XXX
541,U_48_0,A_76_0,HSc
541,C_50_0,U_51_0,XXX
541,U_51_0,U_74_0,WWc
541,A_52_0,U_74_0,XXX
541,C_54_0,A_55_0,XXX
541,C_54_0,G_72_0,WWc
541,A_55_0,U_71_0,WCc
541,A_56_0,U_70_0,WCc
541,G_57_0,C_69_0,WCc
541,A_58_0,U_68_0,WCc
541,G_59_0,C_67_0,WCc
541,C_61_0,A_65_0,SWc
542,C_13_0,G_83_0,WCc
542,G_14_0,U_82_0,GUc
542,C_15_0,G_81_0,WCc
542,U_16_0,A_80_0,WCc
542,U_17_0,A_79_0,WCc
542,C_18_0,G_78_0,WCc
542,A_19_0,U_77_0,WWc
542,U_20_0,A_76_0,WCc
542,U_20_0,U_77_0,XXX
542,A_21_0,U_48_0,XXX
542,A_21_0,U_75_0,WCc
542,U_22_0,A_52_0,WCc
542,U_22_0,U_74_0,XXX
542,A_23_0,G_46_0,WSc
542,U_25_0,A_45_0,WCc
542,C_26_0,G_44_0,WCc
542,C_27_0,G_43_0,WCc
542,U_28_0,G_42_0,GUc
542,A_29_0,U_41_0,WCc
542,A_30_0,U_40_0,WCc
542,U_31_0,U_39_0,WWc
542,A_33_0,G_37_0,SSc
542,A_33_0,A_66_0,WHt
542,U_34_0,G_37_0,SSt
542,U_34_0,A_65_0,WHt
542,A_35_0,U_62_0,XXX
542,A_35_0,A_64_0,XXX
542,G_37_0,C_61_0,WWc
542,G_37_0,A_66_0,XXX
542,G_38_0,G_59_0,XXX
542,G_38_0,C_60_0,WCc
542,G_38_0,A_66_0,SWt
542,G_46_0,C_53_0,WCc
542,U_47_0,U_51_0,XXX
542,U_48_0,U_49_0,XXX
542,C_50_0,U_51_0,XXX
542,U_51_0,U_74_0,WWc
542,A_52_0,A_73_0,SWc
542,A_52_0,U_74_0,SWc
542,C_54_0,G_72_0,WCc
542,A_55_0,U_71_0,WCc
542,A_56_0,U_70_0,WWc
542,G_57_0,C_69_0,WCc
542,A_58_0,U_68_0,WCc
542,G_59_0,C_67_0,WCc
542,C_60_0,A_66_0,XXX
542,C_61_0,A_65_0,SWc
543,C_13_0,G_83_0,WCc
543,G_14_0,U_82_0,GUc
543,C_15_0,G_81_0,WCc
543,U_16_0,A_80_0,WCc
543,U_17_0,A_79_0,WCc
543,C_18_0,G_78_0,WCc
543,A_19_0,U_77_0,WCc
543,U_20_0,A_76_0,WCc
543,A_21_0,U_48_0,XXX
543,A_21_0,U_75_0,WCc
543,U_22_0,U_47_0,HSc
543,U_22_0,A_52_0,WCc
543,A_23_0,G_46_0,WSc
543,U_25_0,A_45_0,WCc
543,C_26_0,G_44_0,WCc
543,C_27_0,G_43_0,WCc
543,U_28_0,G_42_0,GUc
543,A_29_0,U_41_0,WCc
543,A_30_0,U_40_0,WWc
543,U_31_0,U_39_0,WWc
543,A_33_0,G_37_0,SSc
543,A_33_0,G_38_0,XXX
543,A_33_0,A_65_0,WHt
543,A_33_0,A_66_0,WHt
543,U_34_0,G_37_0,SSt
543,U_34_0,A_65_0,WHt
543,A_35_0,U_62_0,XXX
543,A_35_0,A_64_0,HHc
543,G_37_0,C_61_0,WWc
543,G_37_0,A_66_0,XXX
543,G_38_0,C_60_0,WCc
543,G_38_0,A_66_0,SWt
543,G_46_0,C_53_0,WWc
543,U_47_0,U_51_0,XXX
543,U_48_0,U_49_0,SHt
543,U_48_0,C_50_0,WWc
543,A_52_0,A_73_0,SWc
543,A_52_0,U_74_0,SWc
543,C_54_0,G_72_0,WCc
543,A_55_0,U_71_0,WCc
543,A_56_0,U_70_0,WCc
543,G_57_0,C_69_0,WCc
543,A_58_0,U_68_0,WCc
543,G_59_0,C_67_0,WCc
543,C_60_0,A_66_0,XXX
543,C_61_0,A_65_0,SWc
544,C_13_0,G_83_0,WWc
544,G_14_0,U_82_0,GUc
544,C_15_0,G_81_0,WCc
544,U_16_0,A_80_0,WCc
544,U_17_0,A_79_0,WCc
544,C_18_0,G_78_0,WCc
544,A_19_0,U_77_0,WCc
544,U_20_0,A_76_0,WCc
544,A_21_0,U_48_0,XXX
544,A_21_0,U_75_0,WCc
544,U_22_0,A_52_0,WCc
544,A_23_0,G_46_0,WSt
544,U_25_0,A_45_0,WCc
544,U_25_0,C_53_0,XXX
544,C_26_0,G_44_0,WCc
544,C_27_0,G_43_0,WCc
544,U_28_0,G_42_0,GUc
544,A_29_0,U_41_0,WCc
544,A_30_0,U_40_0,WCc
544,U_31_0,U_39_0,WWc
544,A_33_0,G_38_0,XXX
544,A_33_0,A_66_0,WHt
544,U_34_0,G_37_0,SSt
544,U_34_0,A_65_0,WHt
544,A_35_0,U_62_0,XXX
544,A_35_0,A_64_0,HHt
544,G_37_0,C_61_0,WWc
544,G_38_0,C_60_0,WCc
544,G_38_0,C_61_0,WWc
544,G_38_0,A_66_0,SWt
544,G_46_0,C_53_0,WCc
544,U_47_0,U_51_0,XXX
544,C_50_0,U_51_0,XXX
544,U_51_0,U_74_0,WWc
544,A_52_0,A_73_0,SWc
544,A_52_0,U_74_0,XXX
544,C_54_0,G_72_0,WCc
544,A_55_0,U_71_0,WCc
544,A_56_0,U_70_0,WWc
544,G_57_0,C_69_0,WCc
544,A_58_0,U_68_0,WCc
544,G_59_0,C_67_0,WCc
544,C_60_0,C_67_0,XXX
544,C_61_0,A_65_0,SWc
544,C_61_0,A_66_0,XXX
545,C_13_0,G_83_0,WCc
545,G_14_0,U_82_0,GUc
545,C_15_0,G_81_0,WCc
545,U_16_0,A_79_0,XXX
545,U_16_0,A_80_0,WCc
545,U_17_0,A_79_0,WCc
545,C_18_0,G_78_0,WCc
545,A_19_0,U_77_0,WCc
545,U_20_0,A_76_0,WCc
545,A_21_0,U_48_0,XXX
545,A_21_0,U_75_0,WCc
545,U_22_0,A_52_0,WCc
545,A_23_0,G_46_0,WSt
545,U_25_0,A_45_0,WCc
545,C_26_0,G_44_0,WCc
545,C_27_0,G_43_0,WCc
545,U_28_0,G_42_0,GUc
545,A_29_0,U_41_0,WCc
545,A_30_0,U_40_0,WCc
545,U_31_0,U_39_0,WWc
545,A_33_0,G_37_0,SSc
545,A_33_0,G_38_0,XXX
545,A_33_0,A_66_0,WHt
545,U_34_0,G_37_0,SSt
545,U_34_0,A_65_0,WHt
545,A_35_0,U_62_0,XXX
545,A_35_0,A_64_0,HWt
545,G_37_0,C_61_0,WCc
545,G_38_0,G_59_0,WWc
545,G_38_0,C_60_0,WCc
545,G_38_0,A_66_0,SWt
545,G_46_0,C_53_0,WCc
545,U_47_0,C_50_0,XXX
545,U_48_0,C_50_0,WWc
545,U_51_0,U_74_0,WWc
545,A_52_0,A_73_0,SWc
545,C_54_0,G_72_0,WCc
545,A_55_0,U_71_0,WCc
545,A_56_0,U_70_0,WCc
545,G_57_0,C_69_0,WCc
545,A_58_0,U_68_0,WWc
545,G_59_0,C_67_0,WWc
545,C_61_0,A_65_0,SWc
546,C_13_0,G_83_0,WCc
546,G_14_0,U_82_0,GUc
546,C_15_0,G_81_0,WCc
546,U_16_0,A_79_0,XXX
546,U_16_0,A_80_0,WCc
546,U_17_0,G_78_0,XXX
546,U_17_0,A_79_0,WCc
546,C_18_0,G_78_0,WCc
546,A_19_0,U_77_0,WCc
546,U_20_0,A_76_0,WCc
546,A_21_0,U_75_0,WWc
546,U_22_0,U_47_0,XXX
546,U_22_0,A_52_0,WCc
546,A_23_0,G_46_0,WSt
546,U_25_0,A_45_0,WCc
546,C_26_0,G_44_0,WCc
546,C_27_0,G_43_0,WCc
546,U_28_0,G_42_0,GUc
546,A_29_0,U_41_0,WCc
546,A_30_0,U_40_0,WCc
546,U_31_0,U_39_0,WWc
546,A_33_0,G_38_0,XXX
546,A_33_0,A_66_0,WHt
546,U_34_0,G_37_0,SSt
546,U_34_0,A_65_0,WHt
546,A_35_0,U_62_0,XXX
546,A_35_0,A_64_0,XXX
546,G_38_0,C_60_0,WCc
546,G_38_0,C_61_0,WWc
546,G_38_0,A_66_0,SWt
546,G_46_0,C_53_0,WCc
546,U_51_0,U_74_0,WWc
546,A_52_0,A_73_0,SWc
546,A_52_0,U_74_0,XXX
546,C_54_0,G_72_0,WCc
546,A_55_0,U_71_0,WCc
546,A_56_0,U_70_0,WCc
546,G_57_0,C_69_0,WCc
546,A_58_0,U_68_0,WCc
546,G_59_0,C_67_0,WCc
546,C_61_0,A_65_0,SWc
547,C_13_0,G_83_0,WCc
547,G_14_0,U_82_0,GUc
547,C_15_0,G_81_0,WCc
547,U_16_0,A_80_0,WCc
547,U_17_0,A_79_0,WCc
547,C_18_0,G_78_0,WCc
547,A_19_0,U_77_0,WCc
547,U_20_0,A_76_0,WCc
547,A_21_0,U_48_0,XXX
547,A_21_0,U_75_0,WCc
547,U_22_0,U_47_0,HSc
547,U_22_0,A_52_0,WCc
547,A_23_0,G_46_0,WSt
547,U_25_0,A_45_0,WWc
547,C_26_0,G_44_0,WCc
547,C_27_0,G_43_0,WCc
547,U_28_0,G_42_0,GUc
547,A_29_0,U_41_0,WCc
547,A_30_0,U_40_0,WCc
547,U_31_0,U_39_0,WWc
547,A_33_0,A_66_0,WHt
547,U_34_0,G_37_0,SSt
547,U_34_0,A_65_0,WHt
547,A_35_0,U_62_0,XXX
547,A_35_0,A_64_0,HHt
547,G_37_0,C_61_0,WCc
547,G_38_0,C_60_0,WCc
547,G_38_0,A_66_0,SWt
547,G_46_0,C_53_0,WCc
547,C_50_0,U_51_0,XXX
547,U_51_0,U_75_0,XXX
547,A_52_0,A_73_0,SWc
547,A_52_0,U_74_0,SWc
547,C_54_0,G_72_0,WCc
547,A_55_0,U_71_0,WCc
547,A_56_0,U_70_0,WCc
547,G_57_0,C_69_0,WCc
547,A_58_0,U_68_0,WCc
547,G_59_0,C_67_0,WCc
547,C_61_0,A_65_0,SWc
548,C_13_0,G_83_0,XXX
548,G_14_0,U_82_0,WSc
548,C_15_0,G_81_0,WCc
548,U_16_0,A_80_0,WWc
548,U_17_0,A_79_0,WWc
548,U_17_0,A_80_0,WWc
548,C_18_0,G_78_0,WCc
548,A_19_0,U_77_0,WCc
548,U_20_0,A_76_0,WCc
548,A_21_0,U_48_0,XXX
548,A_21_0,U_75_0,WCc
548,U_22_0,U_47_0,XXX
548,U_22_0,A_52_0,WCc
548,A_23_0,G_46_0,WSc
548,U_25_0,A_45_0,WCc
548,C_26_0,G_44_0,WCc
548,C_27_0,G_43_0,WCc
548,U_28_0,G_42_0,GUc
548,A_29_0,U_41_0,WCc
548,A_30_0,U_40_0,WCc
548,U_31_0,U_39_0,WWc
548,A_33_0,G_37_0,SSc
548,A_33_0,G_38_0,XXX
548,A_33_0,A_66_0,WHt
548,U_34_0,G_37_0,SSt
548,U_34_0,A_65_0,WHt
548,A_35_0,U_62_0,XXX
548,A_35_0,A_64_0,HHt
548,G_37_0,C_60_0,WWc
548,G_37_0,C_61_0,WCc
548,G_38_0,G_59_0,WWc
548,G_38_0,C_60_0,WCc
548,G_38_0,A_66_0,SWt
548,G_46_0,C_53_0,WCc
548,U_51_0,U_74_0,WWc
548,U_51_0,U_75_0,XXX
548,A_52_0,A_73_0,SWc
548,A_52_0,U_74_0,XXX
548,C_54_0,G_72_0,WCc
548,A_55_0,U_71_0,WCc
548,A_56_0,U_70_0,WCc
548,G_57_0,C_69_0,WCc
548,A_58_0,U_68_0,WCc
548,G_59_0,C_67_0,WCc
548,C_60_0,A_66_0,XXX
548,C_61_0,A_65_0,SWc
548,A_66_0,C_67_0,XXX
549,C_13_0,G_83_0,WCc
549,G_14_0,U_82_0,WWc
549,C_15_0,G_81_0,WWc
549,C_15_0,U_82_0,XXX
549,U_16_0,A_80_0,WWc
549,U_17_0,A_79_0,WCc
549,C_18_0,G_78_0,WCc
549,A_19_0,A_76_0,XXX
549,A_19_0,U_77_0,WCc
549,U_20_0,A_76_0,WCc
549,A_21_0,U_48_0,XXX
549,A_21_0,U_75_0,WCc
549,U_22_0,U_47_0,HSc
549,U_22_0,A_52_0,WCc
549,A_23_0,G_46_0,WSt
549,U_25_0,A_45_0,WCc
549,U_25_0,C_53_0,HSc
549,C_26_0,G_44_0,WCc
549,C_27_0,G_43_0,WCc
549,U_28_0,G_42_0,GUc
549,A_29_0,U_41_0,WCc
549,A_30_0,U_40_0,WCc
549,U_31_0,U_39_0,WWc
549,A_33_0,G_37_0,SSc
549,A_33_0,G_38_0,XXX
549,A_33_0,A_66_0,WHt
549,U_34_0,G_37_0,SSt
549,U_34_0,A_65_0,WHt
549,A_35_0,U_62_0,XXX
549,A_35_0,A_64_0,XXX
549,G_37_0,C_61_0,WCc
549,G_38_0,C_60_0,WCc
549,G_38_0,A_66_0,SWt
549,G_46_0,C_53_0,WCc
549,U_47_0,U_51_0,WHc
549,U_47_0,A_52_0,XXX
549,A_52_0,A_73_0,SWc
549,A_52_0,U_74_0,SWc
549,C_54_0,A_55_0,XXX
549,A_55_0,U_71_0,WCc
549,A_56_0,U_70_0,WCc
549,G_57_0,C_69_0,WCc
549,A_58_0,U_68_0,WCc
549,G_59_0,C_67_0,WCc
549,C_61_0,A_65_0,SWc
550,C_13_0,G_83_0,WWc
550,G_14_0,U_82_0,GUc
550,C_15_0,G_81_0,WCc
550,U_16_0,A_80_0,WCc
550,U_17_0,A_79_0,WCc
550,C_18_0,G_78_0,WCc
550,A_19_0,U_77_0,WCc
550,U_20_0,A_76_0,WWc
550,U_20_0,U_77_0,WWc
550,A_21_0,U_75_0,WCc
550,U_22_0,U_47_0,HSc
550,U_22_0,A_52_0,WCc
550,A_23_0,G_46_0,WSt
550,U_25_0,A_45_0,WCc
550,U_25_0,C_53_0,XXX
550,C_26_0,G_44_0,WCc
550,C_27_0,G_43_0,WCc
550,U_28_0,G_42_0,GUc
550,A_29_0,U_41_0,WCc
550,A_30_0,U_40_0,WCc
550,U_31_0,U_39_0,WWc
550,A_33_0,G_37_0,SSc
550,A_33_0,A_66_0,WHt
550,U_34_0,G_37_0,SSt
550,U_34_0,A_65_0,WHt
550,A_35_0,U_62_0,XXX
550,A_35_0,A_64_0,XXX
550,G_37_0,C_61_0,WCc
550,G_37_0,A_66_0,XXX
550,G_38_0,C_60_0,WCc
550,G_38_0,A_66_0,SWt
550,G_46_0,C_53_0,WCc
550,U_47_0,C_50_0,XXX
550,U_47_0,U_51_0,XXX
550,U_48_0,C_50_0,XXX
550,U_51_0,U_74_0,WWc
550,A_52_0,A_73_0,SWc
550,A_52_0,U_74_0,SWc
550,C_54_0,G_72_0,WCc
550,A_55_0,U_71_0,WCc
550,A_56_0,U_70_0,WCc
550,G_57_0,C_69_0,WCc
550,A_58_0,U_68_0,WCc
550,G_59_0,C_67_0,WWc
550,C_61_0,A_65_0,SWc
